iso3,year,var,value
ABW,2019,gdp_pc_ppp_const2021,39652.6320700939
ABW,2019,gdp_pc_ppp_current,38543.9072936041
ABW,2019,inflation_cpi_annual_pct,4.25746204335428
ABW,2019,ppp_conv_gdp_lcu_per_intl$,1.42321181297302
ABW,2020,gdp_pc_ppp_const2021,30347.6371851417
ABW,2020,gdp_pc_ppp_current,28854.5972997864
ABW,2020,ppp_conv_gdp_lcu_per_intl$,1.4119086265564
ABW,2021,gdp_pc_ppp_const2021,35104.7868035374
ABW,2021,gdp_pc_ppp_current,35104.7868035374
ABW,2021,ppp_conv_gdp_lcu_per_intl$,1.36395359039307
ABW,2022,gdp_pc_ppp_const2021,38979.8358245412
ABW,2022,gdp_pc_ppp_current,41758.8957566544
ABW,2022,ppp_conv_gdp_lcu_per_intl$,1.32778985287136
ABW,2023,gdp_pc_ppp_const2021,41964.7711908515
ABW,2023,gdp_pc_ppp_current,46574.3574197653
ABW,2023,ppp_conv_gdp_lcu_per_intl$,1.37278476022879
ABW,2024,gdp_pc_ppp_const2021,44558.9287594176
ABW,2024,gdp_pc_ppp_current,50649.3015232212
ABW,2024,ppp_conv_gdp_lcu_per_intl$,1.39592218185229
AFE,2019,gdp_pc_ppp_const2021,4195.86541780344
AFE,2019,gdp_pc_ppp_current,3801.41318342956
AFE,2019,inflation_cpi_annual_pct,4.10285075461156
AFE,2019,unemployment_total_pct,7.58441879909928
AFE,2020,gdp_pc_ppp_const2021,3978.93139450095
AFE,2020,gdp_pc_ppp_current,3708.09464929946
AFE,2020,inflation_cpi_annual_pct,5.19162942092851
AFE,2020,unemployment_total_pct,8.19139491127414
AFE,2021,gdp_pc_ppp_const2021,4056.11301700129
AFE,2021,gdp_pc_ppp_current,4028.37650387745
AFE,2021,inflation_cpi_annual_pct,6.82472709282067
AFE,2021,unemployment_total_pct,8.57738499231761
AFE,2022,gdp_pc_ppp_const2021,4106.50190693219
AFE,2022,gdp_pc_ppp_current,4369.19105632365
AFE,2022,inflation_cpi_annual_pct,10.8834775726018
AFE,2022,unemployment_total_pct,7.98520225155097
AFE,2023,gdp_pc_ppp_const2021,4083.99300263508
AFE,2023,gdp_pc_ppp_current,4501.6011005616
AFE,2023,inflation_cpi_annual_pct,7.39918558080627
AFE,2023,unemployment_total_pct,7.80641078366466
AFE,2024,gdp_pc_ppp_const2021,4106.43414035048
AFE,2024,gdp_pc_ppp_current,4635.7882240455
AFE,2024,inflation_cpi_annual_pct,4.48978854243448
AFE,2024,unemployment_total_pct,7.7727048111679
AFG,2019,gdp_pc_ppp_const2021,2927.2451435353
AFG,2019,gdp_pc_ppp_current,2583.48533239877
AFG,2019,inflation_cpi_annual_pct,2.30237251516834
AFG,2019,ppp_conv_gdp_lcu_per_intl$,15.026434394062
AFG,2019,unemployment_total_pct,11.185
AFG,2020,gdp_pc_ppp_const2021,2769.68574507111
AFG,2020,gdp_pc_ppp_current,2561.98176058622
AFG,2020,inflation_cpi_annual_pct,5.60188791482224
AFG,2020,ppp_conv_gdp_lcu_per_intl$,15.3352430921872
AFG,2020,unemployment_total_pct,11.71
AFG,2021,gdp_pc_ppp_const2021,2144.16657002819
AFG,2021,gdp_pc_ppp_current,2144.16657002819
AFG,2021,inflation_cpi_annual_pct,5.13320340824963
AFG,2021,ppp_conv_gdp_lcu_per_intl$,14.5879421234131
AFG,2021,unemployment_total_pct,11.994
AFG,2022,gdp_pc_ppp_const2021,1981.71016810561
AFG,2022,gdp_pc_ppp_current,2122.99581512663
AFG,2022,inflation_cpi_annual_pct,13.7121023720065
AFG,2022,ppp_conv_gdp_lcu_per_intl$,14.8979708918235
AFG,2022,unemployment_total_pct,14.1
AFG,2023,gdp_pc_ppp_const2021,1983.81261992909
AFG,2023,gdp_pc_ppp_current,2201.72290691677
AFG,2023,inflation_cpi_annual_pct,-4.64470870797775
AFG,2023,ppp_conv_gdp_lcu_per_intl$,14.8009414284672
AFG,2023,unemployment_total_pct,13.991
AFG,2024,inflation_cpi_annual_pct,-6.60118564073726
AFG,2024,unemployment_total_pct,13.295
AFW,2019,gdp_pc_ppp_const2021,6059.60602380843
AFW,2019,gdp_pc_ppp_current,5484.24941762408
AFW,2019,inflation_cpi_annual_pct,1.98309228487232
AFW,2019,unemployment_total_pct,4.39527121076193
AFW,2020,gdp_pc_ppp_const2021,5687.84998774233
AFW,2020,gdp_pc_ppp_current,5414.04254032675
AFW,2020,inflation_cpi_annual_pct,2.49037783931949
AFW,2020,unemployment_total_pct,4.8523927005513
AFW,2021,gdp_pc_ppp_const2021,5690.96774324307
AFW,2021,gdp_pc_ppp_current,5690.96774324307
AFW,2021,inflation_cpi_annual_pct,3.74556782333009
AFW,2021,unemployment_total_pct,4.73673176237333
AFW,2022,gdp_pc_ppp_const2021,5806.17289006101
AFW,2022,gdp_pc_ppp_current,6220.12287462026
AFW,2022,inflation_cpi_annual_pct,7.94925143524016
AFW,2022,unemployment_total_pct,3.65857318082157
AFW,2023,gdp_pc_ppp_const2021,5874.9510798373
AFW,2023,gdp_pc_ppp_current,6520.28031254058
AFW,2023,inflation_cpi_annual_pct,5.22116801324002
AFW,2023,unemployment_total_pct,3.27724546605141
AFW,2024,gdp_pc_ppp_const2021,5996.39573555671
AFW,2024,gdp_pc_ppp_current,6815.99096115117
AFW,2024,inflation_cpi_annual_pct,3.60804426950566
AFW,2024,unemployment_total_pct,3.21831342109344
AGO,2019,gdp_pc_ppp_const2021,9648.01103767178
AGO,2019,gdp_pc_ppp_current,8572.87895610671
AGO,2019,inflation_cpi_annual_pct,17.080954143438
AGO,2019,ppp_conv_gdp_lcu_per_intl$,124.439605712891
AGO,2019,unemployment_total_pct,16.497
AGO,2020,gdp_pc_ppp_const2021,8960.33797242389
AGO,2020,gdp_pc_ppp_current,7827.42804325818
AGO,2020,inflation_cpi_annual_pct,22.271539247051
AGO,2020,ppp_conv_gdp_lcu_per_intl$,146.909133911133
AGO,2020,unemployment_total_pct,16.69
AGO,2021,gdp_pc_ppp_const2021,8862.28133314521
AGO,2021,gdp_pc_ppp_current,8862.28133314521
AGO,2021,inflation_cpi_annual_pct,25.7542948841891
AGO,2021,ppp_conv_gdp_lcu_per_intl$,174.090515136719
AGO,2021,unemployment_total_pct,15.799
AGO,2022,gdp_pc_ppp_const2021,8950.14259255142
AGO,2022,gdp_pc_ppp_current,9588.24129511188
AGO,2022,inflation_cpi_annual_pct,21.3552901320822
AGO,2022,ppp_conv_gdp_lcu_per_intl$,191.953511830036
AGO,2022,unemployment_total_pct,14.602
AGO,2023,gdp_pc_ppp_const2021,8788.26106439635
AGO,2023,gdp_pc_ppp_current,9753.60046763783
AGO,2023,inflation_cpi_annual_pct,13.6441017767715
AGO,2023,ppp_conv_gdp_lcu_per_intl$,218.506583100621
AGO,2023,unemployment_total_pct,14.537
AGO,2024,gdp_pc_ppp_const2021,8901.88736611562
AGO,2024,gdp_pc_ppp_current,10118.6089945408
AGO,2024,inflation_cpi_annual_pct,28.2404948915772
AGO,2024,ppp_conv_gdp_lcu_per_intl$,265.840925124981
AGO,2024,unemployment_total_pct,14.464
ALB,2019,gdp_pc_ppp_const2021,16761.1769025901
ALB,2019,gdp_pc_ppp_current,16441.8041908551
ALB,2019,gini,30.1
ALB,2019,inflation_cpi_annual_pct,1.41109078954251
ALB,2019,ppp_conv_gdp_lcu_per_intl$,40.5510809940788
ALB,2019,unemployment_total_pct,11.466
ALB,2020,gdp_pc_ppp_const2021,16457.7718838185
ALB,2020,gdp_pc_ppp_current,16287.6432648867
ALB,2020,gini,29.4
ALB,2020,inflation_cpi_annual_pct,1.62088661717004
ALB,2020,ppp_conv_gdp_lcu_per_intl$,40.2104093208646
ALB,2020,unemployment_total_pct,11.69
ALB,2021,gdp_pc_ppp_const2021,18212.8532699363
ALB,2021,gdp_pc_ppp_current,18212.8532699363
ALB,2021,inflation_cpi_annual_pct,2.04147163139545
ALB,2021,ppp_conv_gdp_lcu_per_intl$,41.1653761273616
ALB,2021,unemployment_total_pct,11.474
ALB,2022,gdp_pc_ppp_const2021,19388.8550602564
ALB,2022,gdp_pc_ppp_current,22032.4608490664
ALB,2022,inflation_cpi_annual_pct,6.7252027153006
ALB,2022,ppp_conv_gdp_lcu_per_intl$,39.7985458192303
ALB,2022,unemployment_total_pct,10.137
ALB,2023,gdp_pc_ppp_const2021,20481.0167488688
ALB,2023,gdp_pc_ppp_current,24128.8445370664
ALB,2023,inflation_cpi_annual_pct,4.75834555150039
ALB,2023,ppp_conv_gdp_lcu_per_intl$,40.5889030885301
ALB,2023,unemployment_total_pct,10.108
ALB,2024,gdp_pc_ppp_const2021,21641.0531501345
ALB,2024,gdp_pc_ppp_current,26693.1934374653
ALB,2024,inflation_cpi_annual_pct,2.21587375089999
ALB,2024,ppp_conv_gdp_lcu_per_intl$,39.679987740951
ALB,2024,unemployment_total_pct,10.25
AND,2019,gdp_pc_ppp_const2021,63215.899791913
AND,2019,gdp_pc_ppp_current,57475.0692842215
AND,2019,ppp_conv_gdp_lcu_per_intl$,0.64122788740431
AND,2020,gdp_pc_ppp_const2021,55488.4902991095
AND,2020,gdp_pc_ppp_current,52095.8414004627
AND,2020,ppp_conv_gdp_lcu_per_intl$,0.627878780205223
AND,2021,gdp_pc_ppp_const2021,59332.2029100127
AND,2021,gdp_pc_ppp_current,59332.2029100127
AND,2021,ppp_conv_gdp_lcu_per_intl$,0.604573547840118
AND,2022,gdp_pc_ppp_const2021,63913.3835079105
AND,2022,gdp_pc_ppp_current,68470.0759483848
AND,2022,ppp_conv_gdp_lcu_per_intl$,0.588248185019342
AND,2023,gdp_pc_ppp_const2021,64631.2963909271
AND,2023,gdp_pc_ppp_current,71730.668682165
AND,2023,ppp_conv_gdp_lcu_per_intl$,0.603563370465281
AND,2024,gdp_pc_ppp_const2021,65928.3071971004
AND,2024,gdp_pc_ppp_current,74939.4746038578
AND,2024,ppp_conv_gdp_lcu_per_intl$,0.607839175148891
ARB,2019,gdp_pc_ppp_const2021,16782.382332277
ARB,2019,gdp_pc_ppp_current,15746.0048842039
ARB,2019,inflation_cpi_annual_pct,1.33601568147656
ARB,2019,unemployment_total_pct,10.2160980238311
ARB,2020,gdp_pc_ppp_const2021,15739.007645376
ARB,2020,gdp_pc_ppp_current,14309.3928069443
ARB,2020,inflation_cpi_annual_pct,1.44703656998741
ARB,2020,unemployment_total_pct,11.3256125416623
ARB,2021,gdp_pc_ppp_const2021,16164.6519137346
ARB,2021,gdp_pc_ppp_current,16026.6357038322
ARB,2021,inflation_cpi_annual_pct,2.86833027751019
ARB,2021,unemployment_total_pct,10.8896587837575
ARB,2022,gdp_pc_ppp_const2021,16905.4902749583
ARB,2022,gdp_pc_ppp_current,17956.1315624334
ARB,2022,inflation_cpi_annual_pct,5.17980847967061
ARB,2022,unemployment_total_pct,9.9535706462442
ARB,2023,gdp_pc_ppp_const2021,16802.3230898913
ARB,2023,gdp_pc_ppp_current,18488.7415611006
ARB,2023,inflation_cpi_annual_pct,4.00025877060147
ARB,2023,unemployment_total_pct,9.58139714330623
ARB,2024,gdp_pc_ppp_const2021,16744.2005917996
ARB,2024,gdp_pc_ppp_current,18870.3148110507
ARB,2024,inflation_cpi_annual_pct,2.10135577419612
ARB,2024,unemployment_total_pct,9.45986362744839
ARE,2019,gdp_pc_ppp_const2021,72822.969940695
ARE,2019,gdp_pc_ppp_current,79816.3010904406
ARE,2019,inflation_cpi_annual_pct,-1.93108114782173
ARE,2019,ppp_conv_gdp_lcu_per_intl$,2.1137228012085
ARE,2019,unemployment_total_pct,2.331
ARE,2020,gdp_pc_ppp_const2021,66808.6477560191
ARE,2020,gdp_pc_ppp_current,66790.6822664754
ARE,2020,inflation_cpi_annual_pct,-2.07940317940944
ARE,2020,ppp_conv_gdp_lcu_per_intl$,2.08898448944092
ARE,2020,unemployment_total_pct,4.294
ARE,2021,gdp_pc_ppp_const2021,68580.1485423483
ARE,2021,gdp_pc_ppp_current,68580.1485423483
ARE,2021,inflation_cpi_annual_pct,0.179935336174431
ARE,2021,ppp_conv_gdp_lcu_per_intl$,2.36256718635559
ARE,2021,unemployment_total_pct,3.105
ARE,2022,gdp_pc_ppp_const2021,70075.6300053372
ARE,2022,gdp_pc_ppp_current,75071.6586300351
ARE,2022,inflation_cpi_annual_pct,5.29122604376849
ARE,2022,ppp_conv_gdp_lcu_per_intl$,2.48316366052119
ARE,2022,unemployment_total_pct,2.872
ARE,2023,gdp_pc_ppp_const2021,70239.8552855072
ARE,2023,gdp_pc_ppp_current,77955.2951760879
ARE,2023,inflation_cpi_annual_pct,1.62670837213248
ARE,2023,ppp_conv_gdp_lcu_per_intl$,2.34848252954196
ARE,2023,unemployment_total_pct,2.151
ARE,2024,gdp_pc_ppp_const2021,69701.8047983545
ARE,2024,gdp_pc_ppp_current,79228.738801276
ARE,2024,inflation_cpi_annual_pct,1.66336510224894
ARE,2024,ppp_conv_gdp_lcu_per_intl$,2.33033434270159
ARE,2024,unemployment_total_pct,2.133
ARG,2019,gdp_pc_ppp_const2021,26629.5529419501
ARG,2019,gdp_pc_ppp_current,23516.8261980886
ARG,2019,gini,43.3
ARG,2019,inflation_cpi_annual_pct,53.5483043492339
ARG,2019,ppp_conv_gdp_lcu_per_intl$,20.3836688995361
ARG,2019,unemployment_total_pct,9.843
ARG,2020,gdp_pc_ppp_const2021,23877.0931404855
ARG,2020,gdp_pc_ppp_current,22393.3479575353
ARG,2020,gini,42.7
ARG,2020,inflation_cpi_annual_pct,42.0150947376509
ARG,2020,ppp_conv_gdp_lcu_per_intl$,26.8871841430664
ARG,2020,unemployment_total_pct,11.461
ARG,2021,gdp_pc_ppp_const2021,26300.274261175
ARG,2021,gdp_pc_ppp_current,26300.274261175
ARG,2021,gini,42.4
ARG,2021,inflation_cpi_annual_pct,48.4093786255199
ARG,2021,ppp_conv_gdp_lcu_per_intl$,38.783332824707
ARG,2021,unemployment_total_pct,8.736
ARG,2022,gdp_pc_ppp_const2021,27825.0273492567
ARG,2022,gdp_pc_ppp_current,29808.8073468007
ARG,2022,gini,40.7
ARG,2022,inflation_cpi_annual_pct,72.430757531824
ARG,2022,ppp_conv_gdp_lcu_per_intl$,61.179647064951
ARG,2022,unemployment_total_pct,6.805
ARG,2023,gdp_pc_ppp_const2021,27230.3968496682
ARG,2023,gdp_pc_ppp_current,30221.4976888753
ARG,2023,gini,42.4
ARG,2023,inflation_cpi_annual_pct,133.488935594175
ARG,2023,ppp_conv_gdp_lcu_per_intl$,139.807324662747
ARG,2023,unemployment_total_pct,6.139
ARG,2024,gdp_pc_ppp_const2021,26771.9657650571
ARG,2024,gdp_pc_ppp_current,30431.1931223693
ARG,2024,gini,42.4
ARG,2024,inflation_cpi_annual_pct,219.883929014578
ARG,2024,ppp_conv_gdp_lcu_per_intl$,419.901039679183
ARG,2024,unemployment_total_pct,7.876
ARM,2019,gdp_pc_ppp_const2021,16215.3607965094
ARM,2019,gdp_pc_ppp_current,14975.7539538157
ARM,2019,gini,30.0
ARM,2019,inflation_cpi_annual_pct,1.44344660770698
ARM,2019,ppp_conv_gdp_lcu_per_intl$,147.486145019531
ARM,2019,unemployment_total_pct,18.304
ARM,2020,gdp_pc_ppp_const2021,15052.9359791136
ARM,2020,gdp_pc_ppp_current,14706.3173043422
ARM,2020,gini,25.1
ARM,2020,inflation_cpi_annual_pct,1.21143577838465
ARM,2020,ppp_conv_gdp_lcu_per_intl$,141.940551757813
ARM,2020,unemployment_total_pct,18.175
ARM,2021,gdp_pc_ppp_const2021,15921.705281964
ARM,2021,gdp_pc_ppp_current,15921.705281964
ARM,2021,gini,27.9
ARM,2021,inflation_cpi_annual_pct,7.18483629443371
ARM,2021,ppp_conv_gdp_lcu_per_intl$,148.241226196289
ARM,2021,unemployment_total_pct,15.469
ARM,2022,gdp_pc_ppp_const2021,17886.1783877168
ARM,2022,gdp_pc_ppp_current,19161.3700514189
ARM,2022,gini,27.9
ARM,2022,inflation_cpi_annual_pct,8.64091108973855
ARM,2022,ppp_conv_gdp_lcu_per_intl$,149.426272929493
ARM,2022,unemployment_total_pct,13.379
ARM,2023,gdp_pc_ppp_const2021,19402.7510915578
ARM,2023,gdp_pc_ppp_current,21534.030536117
ARM,2023,gini,27.2
ARM,2023,inflation_cpi_annual_pct,1.98041877615554
ARM,2023,ppp_conv_gdp_lcu_per_intl$,148.707811233216
ARM,2023,unemployment_total_pct,13.245
ARM,2024,gdp_pc_ppp_const2021,20078.7848984844
ARM,2024,gdp_pc_ppp_current,22823.1795255693
ARM,2024,inflation_cpi_annual_pct,0.269511978259125
ARM,2024,ppp_conv_gdp_lcu_per_intl$,147.231105454721
ARM,2024,unemployment_total_pct,13.329
ATG,2019,gdp_pc_ppp_const2021,29651.8641526705
ATG,2019,gdp_pc_ppp_current,26550.589844733
ATG,2019,inflation_cpi_annual_pct,1.43135598182984
ATG,2019,ppp_conv_gdp_lcu_per_intl$,1.92162227630615
ATG,2020,gdp_pc_ppp_const2021,23930.6714995115
ATG,2020,gdp_pc_ppp_current,22370.0918693813
ATG,2020,inflation_cpi_annual_pct,0.625989707046719
ATG,2020,ppp_conv_gdp_lcu_per_intl$,1.85506355762482
ATG,2021,gdp_pc_ppp_const2021,25745.4958067746
ATG,2021,gdp_pc_ppp_current,25745.4958067746
ATG,2021,inflation_cpi_annual_pct,2.06299638545334
ATG,2021,ppp_conv_gdp_lcu_per_intl$,1.81939482688904
ATG,2022,gdp_pc_ppp_const2021,27941.7851474762
ATG,2022,gdp_pc_ppp_current,29933.8893698902
ATG,2022,inflation_cpi_annual_pct,7.53107834634288
ATG,2022,ppp_conv_gdp_lcu_per_intl$,1.81346421048771
ATG,2023,gdp_pc_ppp_const2021,28474.0444178181
ATG,2023,gdp_pc_ppp_current,31601.7527146877
ATG,2023,inflation_cpi_annual_pct,5.06713865364213
ATG,2023,ppp_conv_gdp_lcu_per_intl$,1.83645756943168
ATG,2024,gdp_pc_ppp_const2021,29371.637778586
ATG,2024,gdp_pc_ppp_current,33386.1917127894
ATG,2024,inflation_cpi_annual_pct,6.19886698842116
ATG,2024,ppp_conv_gdp_lcu_per_intl$,1.90391952523762
AUS,2019,gdp_pc_ppp_const2021,58048.6188420831
AUS,2019,gdp_pc_ppp_current,52885.8313816377
AUS,2019,inflation_cpi_annual_pct,1.61076787290379
AUS,2019,ppp_conv_gdp_lcu_per_intl$,1.459253
AUS,2019,unemployment_total_pct,5.159
AUS,2020,gdp_pc_ppp_const2021,57260.4650530108
AUS,2020,gdp_pc_ppp_current,54184.1614486854
AUS,2020,gini,33.8
AUS,2020,inflation_cpi_annual_pct,0.846905537459305
AUS,2020,ppp_conv_gdp_lcu_per_intl$,1.431163
AUS,2020,unemployment_total_pct,6.456
AUS,2021,gdp_pc_ppp_const2021,58327.4146842325
AUS,2021,gdp_pc_ppp_current,58327.4146842325
AUS,2021,inflation_cpi_annual_pct,2.86391042204994
AUS,2021,ppp_conv_gdp_lcu_per_intl$,1.395724
AUS,2021,unemployment_total_pct,5.116
AUS,2022,gdp_pc_ppp_const2021,60029.1329190733
AUS,2022,gdp_pc_ppp_current,66046.5986269043
AUS,2022,inflation_cpi_annual_pct,6.59409671341846
AUS,2022,ppp_conv_gdp_lcu_per_intl$,1.359891
AUS,2022,unemployment_total_pct,3.728
AUS,2023,gdp_pc_ppp_const2021,60684.9596204883
AUS,2023,gdp_pc_ppp_current,70755.4123646736
AUS,2023,inflation_cpi_annual_pct,5.5970149253731
AUS,2023,ppp_conv_gdp_lcu_per_intl$,1.366149
AUS,2023,unemployment_total_pct,3.668
AUS,2024,gdp_pc_ppp_const2021,60303.9817116245
AUS,2024,gdp_pc_ppp_current,71410.4198745406
AUS,2024,inflation_cpi_annual_pct,3.1616142830575
AUS,2024,ppp_conv_gdp_lcu_per_intl$,1.379937
AUS,2024,unemployment_total_pct,4.072
AUT,2019,gdp_pc_ppp_const2021,64609.374295614
AUT,2019,gdp_pc_ppp_current,60354.9279422121
AUT,2019,gini,30.2
AUT,2019,inflation_cpi_annual_pct,1.53089564152644
AUT,2019,ppp_conv_gdp_lcu_per_intl$,0.738332
AUT,2019,unemployment_total_pct,4.56
AUT,2020,gdp_pc_ppp_const2021,60276.4153459141
AUT,2020,gdp_pc_ppp_current,58523.0337816246
AUT,2020,gini,29.8
AUT,2020,inflation_cpi_annual_pct,1.38191063351862
AUT,2020,ppp_conv_gdp_lcu_per_intl$,0.728799
AUT,2020,unemployment_total_pct,5.201
AUT,2021,gdp_pc_ppp_const2021,62968.9422311892
AUT,2021,gdp_pc_ppp_current,62968.9422311892
AUT,2021,gini,30.7
AUT,2021,inflation_cpi_annual_pct,2.7666666666667
AUT,2021,ppp_conv_gdp_lcu_per_intl$,0.72035
AUT,2021,unemployment_total_pct,6.459
AUT,2022,gdp_pc_ppp_const2021,65694.5513287254
AUT,2022,gdp_pc_ppp_current,70734.9425647902
AUT,2022,gini,30.9
AUT,2022,inflation_cpi_annual_pct,8.5468699318845
AUT,2022,ppp_conv_gdp_lcu_per_intl$,0.700477
AUT,2022,unemployment_total_pct,4.992
AUT,2023,gdp_pc_ppp_const2021,64536.2981841434
AUT,2023,gdp_pc_ppp_current,70478.7873635411
AUT,2023,gini,31.2
AUT,2023,inflation_cpi_annual_pct,7.81413417002832
AUT,2023,ppp_conv_gdp_lcu_per_intl$,0.735286
AUT,2023,unemployment_total_pct,5.264
AUT,2024,gdp_pc_ppp_const2021,63788.078678479
AUT,2024,gdp_pc_ppp_current,71621.8033644832
AUT,2024,inflation_cpi_annual_pct,2.93791574279383
AUT,2024,ppp_conv_gdp_lcu_per_intl$,0.733163
AUT,2024,unemployment_total_pct,5.439
AZE,2019,gdp_pc_ppp_const2021,20101.491875147
AZE,2019,gdp_pc_ppp_current,16675.3179361558
AZE,2019,inflation_cpi_annual_pct,2.61057182799215
AZE,2019,ppp_conv_gdp_lcu_per_intl$,0.48993256688118
AZE,2019,unemployment_total_pct,5.0
AZE,2020,gdp_pc_ppp_const2021,19126.096851126
AZE,2020,gdp_pc_ppp_current,15163.5703327282
AZE,2020,inflation_cpi_annual_pct,2.75980947008127
AZE,2020,ppp_conv_gdp_lcu_per_intl$,0.474218666553497
AZE,2020,unemployment_total_pct,7.24
AZE,2021,gdp_pc_ppp_const2021,20111.3756952109
AZE,2021,gdp_pc_ppp_current,20111.3756952109
AZE,2021,inflation_cpi_annual_pct,6.65029912708779
AZE,2021,ppp_conv_gdp_lcu_per_intl$,0.457138150930405
AZE,2021,unemployment_total_pct,6.04
AZE,2022,gdp_pc_ppp_const2021,21051.2442291612
AZE,2022,gdp_pc_ppp_current,22552.0886560523
AZE,2022,inflation_cpi_annual_pct,13.8522590144267
AZE,2022,ppp_conv_gdp_lcu_per_intl$,0.58575550944154
AZE,2022,unemployment_total_pct,5.65
AZE,2023,gdp_pc_ppp_const2021,21310.7386915022
AZE,2023,gdp_pc_ppp_current,23651.5994852756
AZE,2023,inflation_cpi_annual_pct,8.78543049849081
AZE,2023,ppp_conv_gdp_lcu_per_intl$,0.512698866491917
AZE,2023,unemployment_total_pct,5.636
AZE,2024,gdp_pc_ppp_const2021,22072.1491157176
AZE,2024,gdp_pc_ppp_current,25088.9993757134
AZE,2024,inflation_cpi_annual_pct,2.21217188919901
AZE,2024,ppp_conv_gdp_lcu_per_intl$,0.49354478660225
AZE,2024,unemployment_total_pct,5.594
BDI,2019,gdp_pc_ppp_const2021,1057.95005999167
BDI,2019,gdp_pc_ppp_current,868.423731660834
BDI,2019,inflation_cpi_annual_pct,-0.686772170797359
BDI,2019,ppp_conv_gdp_lcu_per_intl$,582.1962890625
BDI,2019,unemployment_total_pct,1.043
BDI,2020,gdp_pc_ppp_const2021,1030.77026419371
BDI,2020,gdp_pc_ppp_current,958.135599490084
BDI,2020,gini,37.5
BDI,2020,inflation_cpi_annual_pct,7.32110643415521
BDI,2020,ppp_conv_gdp_lcu_per_intl$,595.613830566406
BDI,2020,unemployment_total_pct,1.03
BDI,2021,gdp_pc_ppp_const2021,1035.53857384938
BDI,2021,gdp_pc_ppp_current,1035.53857384938
BDI,2021,inflation_cpi_annual_pct,8.40453845076341
BDI,2021,ppp_conv_gdp_lcu_per_intl$,609.599182128906
BDI,2021,unemployment_total_pct,1.118
BDI,2022,gdp_pc_ppp_const2021,1031.25412243175
BDI,2022,gdp_pc_ppp_current,1104.77718764878
BDI,2022,inflation_cpi_annual_pct,18.8008786664945
BDI,2022,ppp_conv_gdp_lcu_per_intl$,654.665841080933
BDI,2022,unemployment_total_pct,0.915
BDI,2023,gdp_pc_ppp_const2021,1036.16712196238
BDI,2023,gdp_pc_ppp_current,1149.98405842389
BDI,2023,inflation_cpi_annual_pct,26.9414835762453
BDI,2023,ppp_conv_gdp_lcu_per_intl$,751.938170324918
BDI,2023,unemployment_total_pct,0.921
BDI,2024,gdp_pc_ppp_const2021,1051.25931339275
BDI,2024,gdp_pc_ppp_current,1194.94681370387
BDI,2024,inflation_cpi_annual_pct,20.2124925027847
BDI,2024,ppp_conv_gdp_lcu_per_intl$,875.87514263987
BDI,2024,unemployment_total_pct,0.902
BEL,2019,gdp_pc_ppp_const2021,60479.9769955466
BEL,2019,gdp_pc_ppp_current,56712.469571978
BEL,2019,gini,27.2
BEL,2019,inflation_cpi_annual_pct,1.43681956996429
BEL,2019,ppp_conv_gdp_lcu_per_intl$,0.735832
BEL,2019,unemployment_total_pct,5.364
BEL,2020,gdp_pc_ppp_const2021,57333.5424137922
BEL,2020,gdp_pc_ppp_current,56120.0958420466
BEL,2020,gini,26.0
BEL,2020,inflation_cpi_annual_pct,0.740791812220344
BEL,2020,ppp_conv_gdp_lcu_per_intl$,0.716165
BEL,2020,unemployment_total_pct,5.545
BEL,2021,gdp_pc_ppp_const2021,60669.2137746531
BEL,2021,gdp_pc_ppp_current,60669.2137746531
BEL,2021,gini,26.6
BEL,2021,inflation_cpi_annual_pct,2.44024851144084
BEL,2021,ppp_conv_gdp_lcu_per_intl$,0.719916
BEL,2021,unemployment_total_pct,6.248
BEL,2022,gdp_pc_ppp_const2021,62561.7810453236
BEL,2022,gdp_pc_ppp_current,68157.8347860761
BEL,2022,gini,26.4
BEL,2022,inflation_cpi_annual_pct,9.597511728725
BEL,2022,ppp_conv_gdp_lcu_per_intl$,0.708092
BEL,2022,unemployment_total_pct,5.57
BEL,2023,gdp_pc_ppp_const2021,63095.4017281289
BEL,2023,gdp_pc_ppp_current,69103.0102591812
BEL,2023,gini,26.8
BEL,2023,inflation_cpi_annual_pct,4.04901077613941
BEL,2023,ppp_conv_gdp_lcu_per_intl$,0.732409
BEL,2023,unemployment_total_pct,5.528
BEL,2024,gdp_pc_ppp_const2021,63347.7858809235
BEL,2024,gdp_pc_ppp_current,72236.9050549712
BEL,2024,inflation_cpi_annual_pct,3.14349136500041
BEL,2024,ppp_conv_gdp_lcu_per_intl$,0.716744
BEL,2024,unemployment_total_pct,5.488
BEN,2019,gdp_pc_ppp_const2021,3281.10470051465
BEN,2019,gdp_pc_ppp_current,3148.97969597838
BEN,2019,inflation_cpi_annual_pct,0.732849371241066
BEN,2019,ppp_conv_gdp_lcu_per_intl$,210.404876708984
BEN,2019,unemployment_total_pct,1.214
BEN,2020,gdp_pc_ppp_const2021,3317.8597222557
BEN,2020,gdp_pc_ppp_current,3244.58772756805
BEN,2020,inflation_cpi_annual_pct,3.02272119663759
BEN,2020,ppp_conv_gdp_lcu_per_intl$,212.435317993164
BEN,2020,unemployment_total_pct,1.502
BEN,2021,gdp_pc_ppp_const2021,3464.2886286745
BEN,2021,gdp_pc_ppp_current,3464.2886286745
BEN,2021,gini,34.4
BEN,2021,inflation_cpi_annual_pct,1.73353962694036
BEN,2021,ppp_conv_gdp_lcu_per_intl$,211.106674194336
BEN,2021,unemployment_total_pct,1.779
BEN,2022,gdp_pc_ppp_const2021,3588.32519938147
BEN,2022,gdp_pc_ppp_current,3844.15415745816
BEN,2022,inflation_cpi_annual_pct,1.35077863583527
BEN,2022,ppp_conv_gdp_lcu_per_intl$,205.213696575923
BEN,2022,unemployment_total_pct,1.685
BEN,2023,gdp_pc_ppp_const2021,3721.21254814808
BEN,2023,gdp_pc_ppp_current,4129.9661200142
BEN,2023,inflation_cpi_annual_pct,2.73870078406075
BEN,2023,ppp_conv_gdp_lcu_per_intl$,204.792221589972
BEN,2023,unemployment_total_pct,1.657
BEN,2024,gdp_pc_ppp_const2021,3901.32588494392
BEN,2024,gdp_pc_ppp_current,4434.5642184028
BEN,2024,inflation_cpi_annual_pct,1.16093089640415
BEN,2024,ppp_conv_gdp_lcu_per_intl$,203.098489252852
BEN,2024,unemployment_total_pct,1.722
BFA,2019,gdp_pc_ppp_const2021,2391.53626844484
BFA,2019,gdp_pc_ppp_current,2232.16282016585
BFA,2019,inflation_cpi_annual_pct,-3.23338933983322
BFA,2019,ppp_conv_gdp_lcu_per_intl$,200.763061523438
BFA,2019,unemployment_total_pct,4.71
BFA,2020,gdp_pc_ppp_const2021,2380.93171826574
BFA,2020,gdp_pc_ppp_current,2380.72282781802
BFA,2020,inflation_cpi_annual_pct,1.88470066518847
BFA,2020,ppp_conv_gdp_lcu_per_intl$,199.51708984375
BFA,2020,unemployment_total_pct,5.04
BFA,2021,gdp_pc_ppp_const2021,2486.43093147762
BFA,2021,gdp_pc_ppp_current,2486.43093147762
BFA,2021,gini,37.4
BFA,2021,inflation_cpi_annual_pct,3.65326761825509
BFA,2021,ppp_conv_gdp_lcu_per_intl$,199.724746704102
BFA,2021,unemployment_total_pct,5.2
BFA,2022,gdp_pc_ppp_const2021,2469.19956941259
BFA,2022,gdp_pc_ppp_current,2645.24067996611
BFA,2022,inflation_cpi_annual_pct,14.2902354303358
BFA,2022,ppp_conv_gdp_lcu_per_intl$,195.088349982554
BFA,2022,unemployment_total_pct,5.389
BFA,2023,gdp_pc_ppp_const2021,2486.20669812871
BFA,2023,gdp_pc_ppp_current,2759.30205484605
BFA,2023,inflation_cpi_annual_pct,0.742910428668918
BFA,2023,ppp_conv_gdp_lcu_per_intl$,192.015265274581
BFA,2023,unemployment_total_pct,5.348
BFA,2024,gdp_pc_ppp_const2021,2547.67232852209
BFA,2024,gdp_pc_ppp_current,2895.89152033665
BFA,2024,inflation_cpi_annual_pct,4.19081721344523
BFA,2024,ppp_conv_gdp_lcu_per_intl$,205.610818525697
BFA,2024,unemployment_total_pct,5.166
BGD,2019,gdp_pc_ppp_const2021,6838.32611608243
BGD,2019,gdp_pc_ppp_current,6047.12401504125
BGD,2019,inflation_cpi_annual_pct,5.59199639930629
BGD,2019,ppp_conv_gdp_lcu_per_intl$,29.595682144165
BGD,2019,unemployment_total_pct,4.441
BGD,2020,gdp_pc_ppp_const2021,7015.19792797056
BGD,2020,gdp_pc_ppp_current,6640.58437331062
BGD,2020,inflation_cpi_annual_pct,5.69107474746211
BGD,2020,ppp_conv_gdp_lcu_per_intl$,28.7098007202148
BGD,2020,unemployment_total_pct,5.436
BGD,2021,gdp_pc_ppp_const2021,7441.06913961254
BGD,2021,gdp_pc_ppp_current,7441.06913961254
BGD,2021,inflation_cpi_annual_pct,5.54565430773473
BGD,2021,ppp_conv_gdp_lcu_per_intl$,28.296688079834
BGD,2021,unemployment_total_pct,5.327
BGD,2022,gdp_pc_ppp_const2021,7888.16389098304
BGD,2022,gdp_pc_ppp_current,8450.54902533941
BGD,2022,gini,30.9
BGD,2022,inflation_cpi_annual_pct,7.69695437176898
BGD,2022,ppp_conv_gdp_lcu_per_intl$,27.747165220022
BGD,2022,unemployment_total_pct,4.593
BGD,2023,gdp_pc_ppp_const2021,8242.39798977242
BGD,2023,gdp_pc_ppp_current,9147.7775066555
BGD,2023,inflation_cpi_annual_pct,9.8835030377921
BGD,2023,ppp_conv_gdp_lcu_per_intl$,28.6306777887606
BGD,2023,unemployment_total_pct,4.454
BGD,2024,gdp_pc_ppp_const2021,8486.78495660517
BGD,2024,gdp_pc_ppp_current,9646.76984383255
BGD,2024,inflation_cpi_annual_pct,10.4657482763412
BGD,2024,ppp_conv_gdp_lcu_per_intl$,29.8787873077242
BGD,2024,unemployment_total_pct,4.68
BGR,2019,gdp_pc_ppp_const2021,29150.1225882998
BGR,2019,gdp_pc_ppp_current,26765.1382137612
BGR,2019,gini,40.3
BGR,2019,inflation_cpi_annual_pct,3.10372944796781
BGR,2019,ppp_conv_gdp_lcu_per_intl$,0.675818833911576
BGR,2019,unemployment_total_pct,4.23
BGR,2020,gdp_pc_ppp_const2021,28521.4036964594
BGR,2020,gdp_pc_ppp_current,27352.0308736744
BGR,2020,gini,40.5
BGR,2020,inflation_cpi_annual_pct,1.67244096855756
BGR,2020,ppp_conv_gdp_lcu_per_intl$,0.675200572333793
BGR,2020,unemployment_total_pct,5.125
BGR,2021,gdp_pc_ppp_const2021,30959.1971248
BGR,2021,gdp_pc_ppp_current,30959.1971248
BGR,2021,gini,39.0
BGR,2021,inflation_cpi_annual_pct,3.29774435299515
BGR,2021,ppp_conv_gdp_lcu_per_intl$,0.692624153282902
BGR,2021,unemployment_total_pct,5.267
BGR,2022,gdp_pc_ppp_const2021,32433.8830906237
BGR,2022,gdp_pc_ppp_current,35815.2714195186
BGR,2022,gini,38.2
BGR,2022,inflation_cpi_annual_pct,15.3252589264366
BGR,2022,ppp_conv_gdp_lcu_per_intl$,0.727077848815344
BGR,2022,unemployment_total_pct,4.268
BGR,2023,gdp_pc_ppp_const2021,33073.9090670416
BGR,2023,gdp_pc_ppp_current,37435.2763390633
BGR,2023,gini,39.5
BGR,2023,inflation_cpi_annual_pct,9.44284140088564
BGR,2023,ppp_conv_gdp_lcu_per_intl$,0.766067038163878
BGR,2023,unemployment_total_pct,4.319
BGR,2024,gdp_pc_ppp_const2021,34221.6237270568
BGR,2024,gdp_pc_ppp_current,41519.5397897491
BGR,2024,inflation_cpi_annual_pct,2.44651943006079
BGR,2024,ppp_conv_gdp_lcu_per_intl$,0.766165024677721
BGR,2024,unemployment_total_pct,4.104
BHR,2019,gdp_pc_ppp_const2021,56749.9628370612
BHR,2019,gdp_pc_ppp_current,56599.5214364411
BHR,2019,inflation_cpi_annual_pct,1.00582004702137
BHR,2019,ppp_conv_gdp_lcu_per_intl$,0.181090995669365
BHR,2019,unemployment_total_pct,1.223
BHR,2020,gdp_pc_ppp_const2021,53814.2452592358
BHR,2020,gdp_pc_ppp_current,53436.0316999712
BHR,2020,inflation_cpi_annual_pct,-2.31770629331379
BHR,2020,ppp_conv_gdp_lcu_per_intl$,0.171287223696709
BHR,2020,unemployment_total_pct,1.781
BHR,2021,gdp_pc_ppp_const2021,54954.6757895532
BHR,2021,gdp_pc_ppp_current,54954.6757895532
BHR,2021,inflation_cpi_annual_pct,-0.60631938514085
BHR,2021,ppp_conv_gdp_lcu_per_intl$,0.185745358467102
BHR,2021,unemployment_total_pct,1.541
BHR,2022,gdp_pc_ppp_const2021,57572.997981018
BHR,2022,gdp_pc_ppp_current,61677.6538492695
BHR,2022,inflation_cpi_annual_pct,3.62574104304482
BHR,2022,ppp_conv_gdp_lcu_per_intl$,0.185754734977069
BHR,2022,unemployment_total_pct,1.326
BHR,2023,gdp_pc_ppp_const2021,57819.9051831242
BHR,2023,gdp_pc_ppp_current,64171.0857359052
BHR,2023,inflation_cpi_annual_pct,0.0746206782192256
BHR,2023,ppp_conv_gdp_lcu_per_intl$,0.171620725443416
BHR,2023,unemployment_total_pct,1.154
BHR,2024,gdp_pc_ppp_const2021,58891.8304860737
BHR,2024,gdp_pc_ppp_current,66941.2430367989
BHR,2024,inflation_cpi_annual_pct,0.919635459817651
BHR,2024,ppp_conv_gdp_lcu_per_intl$,0.166560122951055
BHR,2024,unemployment_total_pct,1.102
BHS,2019,gdp_pc_ppp_const2021,33202.4902105068
BHS,2019,gdp_pc_ppp_current,36116.0002025353
BHS,2019,inflation_cpi_annual_pct,2.49123527368046
BHS,2019,ppp_conv_gdp_lcu_per_intl$,0.931452453136444
BHS,2019,unemployment_total_pct,9.336
BHS,2020,gdp_pc_ppp_const2021,26452.695760929
BHS,2020,gdp_pc_ppp_current,27204.625909518
BHS,2020,inflation_cpi_annual_pct,0.0385210980054558
BHS,2020,ppp_conv_gdp_lcu_per_intl$,0.962290525436401
BHS,2020,unemployment_total_pct,12.027
BHS,2021,gdp_pc_ppp_const2021,31064.6822166194
BHS,2021,gdp_pc_ppp_current,31064.6822166194
BHS,2021,inflation_cpi_annual_pct,2.90491262928478
BHS,2021,ppp_conv_gdp_lcu_per_intl$,0.977568686008453
BHS,2021,unemployment_total_pct,11.032
BHS,2022,gdp_pc_ppp_const2021,34342.9285316569
BHS,2022,gdp_pc_ppp_current,36791.4010460964
BHS,2022,inflation_cpi_annual_pct,5.60540633583044
BHS,2022,ppp_conv_gdp_lcu_per_intl$,0.950144879891233
BHS,2022,unemployment_total_pct,9.272
BHS,2023,gdp_pc_ppp_const2021,35221.2696932313
BHS,2023,gdp_pc_ppp_current,39090.1214737976
BHS,2023,inflation_cpi_annual_pct,3.05291578969743
BHS,2023,ppp_conv_gdp_lcu_per_intl$,0.978041843894116
BHS,2023,unemployment_total_pct,8.643
BHS,2024,gdp_pc_ppp_const2021,36244.0500123244
BHS,2024,gdp_pc_ppp_current,41197.9342548477
BHS,2024,inflation_cpi_annual_pct,0.409162489083286
BHS,2024,ppp_conv_gdp_lcu_per_intl$,0.957704490977285
BHS,2024,unemployment_total_pct,8.463
BIH,2019,gdp_pc_ppp_const2021,17029.3540390252
BIH,2019,gdp_pc_ppp_current,16428.3936618412
BIH,2019,inflation_cpi_annual_pct,0.56278215406123
BIH,2019,ppp_conv_gdp_lcu_per_intl$,0.651087172116888
BIH,2019,unemployment_total_pct,15.692
BIH,2020,gdp_pc_ppp_const2021,16747.0912907168
BIH,2020,gdp_pc_ppp_current,16369.9356023621
BIH,2020,inflation_cpi_annual_pct,-1.0512960076349
BIH,2020,ppp_conv_gdp_lcu_per_intl$,0.642981245848025
BIH,2020,unemployment_total_pct,15.868
BIH,2021,gdp_pc_ppp_const2021,18286.7225355833
BIH,2021,gdp_pc_ppp_current,18286.7225355833
BIH,2021,inflation_cpi_annual_pct,1.98163900587622
BIH,2021,ppp_conv_gdp_lcu_per_intl$,0.659693077011392
BIH,2021,unemployment_total_pct,14.897
BIH,2022,gdp_pc_ppp_const2021,19298.1814903752
BIH,2022,gdp_pc_ppp_current,21117.2830770519
BIH,2022,inflation_cpi_annual_pct,14.0208440826771
BIH,2022,ppp_conv_gdp_lcu_per_intl$,0.674056662905854
BIH,2022,unemployment_total_pct,12.657
BIH,2023,gdp_pc_ppp_const2021,19804.9842521201
BIH,2023,gdp_pc_ppp_current,22512.4345037356
BIH,2023,inflation_cpi_annual_pct,6.1059011284828
BIH,2023,ppp_conv_gdp_lcu_per_intl$,0.696200478751354
BIH,2023,unemployment_total_pct,10.668
BIH,2024,gdp_pc_ppp_const2021,20527.6769425906
BIH,2024,gdp_pc_ppp_current,22955.7616198884
BIH,2024,inflation_cpi_annual_pct,1.69212733599724
BIH,2024,ppp_conv_gdp_lcu_per_intl$,0.736922084804526
BIH,2024,unemployment_total_pct,10.723
BLR,2019,gdp_pc_ppp_const2021,26798.8206398076
BLR,2019,gdp_pc_ppp_current,22301.5932411839
BLR,2019,gini,25.3
BLR,2019,inflation_cpi_annual_pct,5.59815595039854
BLR,2019,ppp_conv_gdp_lcu_per_intl$,0.641350507736206
BLR,2019,unemployment_total_pct,4.165
BLR,2020,gdp_pc_ppp_const2021,26731.4953869922
BLR,2020,gdp_pc_ppp_current,24872.3066744528
BLR,2020,gini,24.4
BLR,2020,inflation_cpi_annual_pct,5.54814357456511
BLR,2020,ppp_conv_gdp_lcu_per_intl$,0.641749382019043
BLR,2020,unemployment_total_pct,4.049
BLR,2021,gdp_pc_ppp_const2021,27611.1801135157
BLR,2021,gdp_pc_ppp_current,27611.1801135157
BLR,2021,inflation_cpi_annual_pct,9.46028389623106
BLR,2021,ppp_conv_gdp_lcu_per_intl$,0.688632726669312
BLR,2021,unemployment_total_pct,3.9
BLR,2022,gdp_pc_ppp_const2021,26537.5083081674
BLR,2022,gdp_pc_ppp_current,28429.4948821827
BLR,2022,inflation_cpi_annual_pct,15.209675274081
BLR,2022,ppp_conv_gdp_lcu_per_intl$,0.738484639257185
BLR,2022,unemployment_total_pct,3.574
BLR,2023,gdp_pc_ppp_const2021,27782.4380139967
BLR,2023,gdp_pc_ppp_current,30834.1773668111
BLR,2023,inflation_cpi_annual_pct,5.00059903091313
BLR,2023,ppp_conv_gdp_lcu_per_intl$,0.770194142278922
BLR,2023,unemployment_total_pct,3.461
BLR,2024,gdp_pc_ppp_const2021,29040.9725790425
BLR,2024,gdp_pc_ppp_current,33010.3307605357
BLR,2024,inflation_cpi_annual_pct,5.78531910427999
BLR,2024,ppp_conv_gdp_lcu_per_intl$,0.817945059163395
BLR,2024,unemployment_total_pct,3.361
BLZ,2019,gdp_pc_ppp_const2021,11765.9748661176
BLZ,2019,gdp_pc_ppp_current,10499.962073199
BLZ,2019,inflation_cpi_annual_pct,0.187069385181424
BLZ,2019,ppp_conv_gdp_lcu_per_intl$,1.17554986476898
BLZ,2019,unemployment_total_pct,9.053
BLZ,2020,gdp_pc_ppp_const2021,10045.1404163746
BLZ,2020,gdp_pc_ppp_current,9638.89513695889
BLZ,2020,inflation_cpi_annual_pct,0.121434644614894
BLZ,2020,ppp_conv_gdp_lcu_per_intl$,1.08695876598358
BLZ,2020,unemployment_total_pct,10.784
BLZ,2021,gdp_pc_ppp_const2021,11716.3267818656
BLZ,2021,gdp_pc_ppp_current,11716.3267818656
BLZ,2021,inflation_cpi_annual_pct,3.23563659237071
BLZ,2021,ppp_conv_gdp_lcu_per_intl$,1.04862034320831
BLZ,2021,unemployment_total_pct,10.322
BLZ,2022,gdp_pc_ppp_const2021,12565.3645829576
BLZ,2022,gdp_pc_ppp_current,13461.2098451613
BLZ,2022,inflation_cpi_annual_pct,6.27689319447544
BLZ,2022,ppp_conv_gdp_lcu_per_intl$,1.05016077480913
BLZ,2022,unemployment_total_pct,8.763
BLZ,2023,gdp_pc_ppp_const2021,12371.0086545348
BLZ,2023,gdp_pc_ppp_current,13729.892058721
BLZ,2023,inflation_cpi_annual_pct,4.38984017487675
BLZ,2023,ppp_conv_gdp_lcu_per_intl$,1.08154647996583
BLZ,2023,unemployment_total_pct,8.267
BLZ,2024,gdp_pc_ppp_const2021,12621.4081961897
BLZ,2024,gdp_pc_ppp_current,14346.5188049737
BLZ,2024,inflation_cpi_annual_pct,3.28955985952768
BLZ,2024,ppp_conv_gdp_lcu_per_intl$,1.07081642735075
BLZ,2024,unemployment_total_pct,7.0
BMU,2019,gdp_pc_ppp_const2021,95519.9206861686
BMU,2019,gdp_pc_ppp_current,90984.4576708318
BMU,2019,ppp_conv_gdp_lcu_per_intl$,1.2727233171463
BMU,2020,gdp_pc_ppp_const2021,88618.0830682257
BMU,2020,gdp_pc_ppp_current,85146.4006275696
BMU,2020,ppp_conv_gdp_lcu_per_intl$,1.25638365745544
BMU,2021,gdp_pc_ppp_const2021,92319.6714861219
BMU,2021,gdp_pc_ppp_current,92319.6714861219
BMU,2021,ppp_conv_gdp_lcu_per_intl$,1.22146320343018
BMU,2022,gdp_pc_ppp_const2021,98145.1689383889
BMU,2022,gdp_pc_ppp_current,105142.409967183
BMU,2022,ppp_conv_gdp_lcu_per_intl$,1.15665923980235
BMU,2023,gdp_pc_ppp_const2021,103052.348367859
BMU,2023,gdp_pc_ppp_current,114372.049927372
BMU,2023,ppp_conv_gdp_lcu_per_intl$,1.15941297869909
BMU,2024,gdp_pc_ppp_const2021,109311.936941299
BMU,2024,gdp_pc_ppp_current,124252.835702586
BMU,2024,ppp_conv_gdp_lcu_per_intl$,1.14971520694886
BOL,2019,gdp_pc_ppp_const2021,11930.9159145918
BOL,2019,gdp_pc_ppp_current,11005.3541169156
BOL,2019,gini,41.6
BOL,2019,inflation_cpi_annual_pct,1.83954504969026
BOL,2019,ppp_conv_gdp_lcu_per_intl$,2.63906097412109
BOL,2019,unemployment_total_pct,3.682
BOL,2020,gdp_pc_ppp_const2021,10285.6590750222
BOL,2020,gdp_pc_ppp_current,9580.98962081658
BOL,2020,gini,43.6
BOL,2020,inflation_cpi_annual_pct,0.940742153381849
BOL,2020,ppp_conv_gdp_lcu_per_intl$,2.58266496658325
BOL,2020,unemployment_total_pct,7.903
BOL,2021,gdp_pc_ppp_const2021,11202.4409836707
BOL,2021,gdp_pc_ppp_current,11202.4409836707
BOL,2021,gini,40.9
BOL,2021,inflation_cpi_annual_pct,0.737383721452275
BOL,2021,ppp_conv_gdp_lcu_per_intl$,2.473956823349
BOL,2021,unemployment_total_pct,5.089
BOL,2022,gdp_pc_ppp_const2021,11487.7148799194
BOL,2022,gdp_pc_ppp_current,12306.7293128695
BOL,2022,gini,41.2
BOL,2022,inflation_cpi_annual_pct,1.74632872945969
BOL,2022,ppp_conv_gdp_lcu_per_intl$,2.36914908245468
BOL,2022,unemployment_total_pct,3.552
BOL,2023,gdp_pc_ppp_const2021,11616.1575595159
BOL,2023,gdp_pc_ppp_current,12892.1249578777
BOL,2023,gini,42.1
BOL,2023,inflation_cpi_annual_pct,2.57688800489192
BOL,2023,ppp_conv_gdp_lcu_per_intl$,2.29118425367037
BOL,2023,unemployment_total_pct,3.024
BOL,2024,gdp_pc_ppp_const2021,11329.1518061536
BOL,2024,gdp_pc_ppp_current,12877.6351184372
BOL,2024,inflation_cpi_annual_pct,5.09976568317427
BOL,2024,ppp_conv_gdp_lcu_per_intl$,2.37235000544932
BOL,2024,unemployment_total_pct,3.091
BRA,2019,gdp_pc_ppp_const2021,18018.62091495
BRA,2019,gdp_pc_ppp_current,16069.838015161
BRA,2019,gini,53.5
BRA,2019,inflation_cpi_annual_pct,3.73297621216894
BRA,2019,ppp_conv_gdp_lcu_per_intl$,2.21644520759583
BRA,2019,unemployment_total_pct,11.936
BRA,2020,gdp_pc_ppp_const2021,17327.5157248143
BRA,2020,gdp_pc_ppp_current,16101.6183062954
BRA,2020,gini,48.9
BRA,2020,inflation_cpi_annual_pct,3.21176803803376
BRA,2020,ppp_conv_gdp_lcu_per_intl$,2.26491117477417
BRA,2020,unemployment_total_pct,13.697
BRA,2021,gdp_pc_ppp_const2021,18075.7060048757
BRA,2021,gdp_pc_ppp_current,18075.7060048757
BRA,2021,gini,52.9
BRA,2021,inflation_cpi_annual_pct,8.30165975585673
BRA,2021,ppp_conv_gdp_lcu_per_intl$,2.37927412986755
BRA,2021,unemployment_total_pct,13.158
BRA,2022,gdp_pc_ppp_const2021,18554.0461828519
BRA,2022,gdp_pc_ppp_current,19876.8533531396
BRA,2022,gini,52.0
BRA,2022,inflation_cpi_annual_pct,9.28010608956873
BRA,2022,ppp_conv_gdp_lcu_per_intl$,2.41127335896254
BRA,2022,unemployment_total_pct,9.231
BRA,2023,gdp_pc_ppp_const2021,19079.8122132253
BRA,2023,gdp_pc_ppp_current,21175.6186988214
BRA,2023,gini,51.6
BRA,2023,inflation_cpi_annual_pct,4.59356282283204
BRA,2023,ppp_conv_gdp_lcu_per_intl$,2.44760850115975
BRA,2023,unemployment_total_pct,7.947
BRA,2024,gdp_pc_ppp_const2021,19652.3654991704
BRA,2024,gdp_pc_ppp_current,22338.4765640635
BRA,2024,inflation_cpi_annual_pct,4.36746407652337
BRA,2024,ppp_conv_gdp_lcu_per_intl$,2.48731718948001
BRA,2024,unemployment_total_pct,7.634
BRB,2019,gdp_pc_ppp_const2021,20737.9776890352
BRB,2019,gdp_pc_ppp_current,19971.1185698717
BRB,2019,inflation_cpi_annual_pct,4.10028964518461
BRB,2019,ppp_conv_gdp_lcu_per_intl$,2.1943838596344
BRB,2019,unemployment_total_pct,8.412
BRB,2020,gdp_pc_ppp_const2021,17728.0729247569
BRB,2020,gdp_pc_ppp_current,16555.3622145235
BRB,2020,ppp_conv_gdp_lcu_per_intl$,2.31882476806641
BRB,2020,unemployment_total_pct,9.777
BRB,2021,gdp_pc_ppp_const2021,17682.7314537483
BRB,2021,gdp_pc_ppp_current,17682.7314537483
BRB,2021,ppp_conv_gdp_lcu_per_intl$,2.38420343399048
BRB,2021,unemployment_total_pct,9.433
BRB,2022,gdp_pc_ppp_const2021,20716.2851304966
BRB,2022,gdp_pc_ppp_current,22193.2487125789
BRB,2022,ppp_conv_gdp_lcu_per_intl$,2.19769886285767
BRB,2022,unemployment_total_pct,8.365
BRB,2023,gdp_pc_ppp_const2021,21318.6724772626
BRB,2023,gdp_pc_ppp_current,23660.4047512929
BRB,2023,inflation_cpi_annual_pct,9.79207077126447
BRB,2023,ppp_conv_gdp_lcu_per_intl$,2.16259012063849
BRB,2023,unemployment_total_pct,7.878
BRB,2024,gdp_pc_ppp_const2021,21837.7254102057
BRB,2024,gdp_pc_ppp_current,24822.5343309908
BRB,2024,inflation_cpi_annual_pct,-0.440112940205204
BRB,2024,ppp_conv_gdp_lcu_per_intl$,2.13877200243175
BRB,2024,unemployment_total_pct,7.529
BRN,2019,gdp_pc_ppp_const2021,80228.1598170527
BRN,2019,gdp_pc_ppp_current,69353.6799514849
BRN,2019,inflation_cpi_annual_pct,-0.390522069165529
BRN,2019,ppp_conv_gdp_lcu_per_intl$,0.598504781723022
BRN,2019,unemployment_total_pct,6.6
BRN,2020,gdp_pc_ppp_const2021,80280.8980640677
BRN,2020,gdp_pc_ppp_current,69787.9632795717
BRN,2020,inflation_cpi_annual_pct,1.94031996607184
BRN,2020,ppp_conv_gdp_lcu_per_intl$,0.530513346195221
BRN,2020,unemployment_total_pct,7.409
BRN,2021,gdp_pc_ppp_const2021,78248.797127611
BRN,2021,gdp_pc_ppp_current,78248.797127611
BRN,2021,inflation_cpi_annual_pct,1.73341388450593
BRN,2021,ppp_conv_gdp_lcu_per_intl$,0.532498598098755
BRN,2021,unemployment_total_pct,4.905
BRN,2022,gdp_pc_ppp_const2021,76357.829114996
BRN,2022,gdp_pc_ppp_current,81801.7459224403
BRN,2022,inflation_cpi_annual_pct,3.68225030604216
BRN,2022,ppp_conv_gdp_lcu_per_intl$,0.617532002829889
BRN,2022,unemployment_total_pct,5.191
BRN,2023,gdp_pc_ppp_const2021,76616.7014884981
BRN,2023,gdp_pc_ppp_current,85032.6008741995
BRN,2023,inflation_cpi_annual_pct,0.35706431153689
BRN,2023,ppp_conv_gdp_lcu_per_intl$,0.51950238308766
BRN,2023,unemployment_total_pct,5.183
BRN,2024,gdp_pc_ppp_const2021,79071.7333801445
BRN,2024,gdp_pc_ppp_current,89879.3614980758
BRN,2024,inflation_cpi_annual_pct,-0.388674165036461
BRN,2024,ppp_conv_gdp_lcu_per_intl$,0.492817644064286
BRN,2024,unemployment_total_pct,5.144
BTN,2019,gdp_pc_ppp_const2021,14555.1884045845
BTN,2019,gdp_pc_ppp_current,12909.1009840399
BTN,2019,inflation_cpi_annual_pct,2.72643037388832
BTN,2019,ppp_conv_gdp_lcu_per_intl$,19.5122108459473
BTN,2019,unemployment_total_pct,2.72
BTN,2020,gdp_pc_ppp_const2021,12979.9369485824
BTN,2020,gdp_pc_ppp_current,12475.048003428
BTN,2020,inflation_cpi_annual_pct,5.62936522632508
BTN,2020,ppp_conv_gdp_lcu_per_intl$,18.9579467773438
BTN,2020,unemployment_total_pct,5.03
BTN,2021,gdp_pc_ppp_const2021,13458.812666743
BTN,2021,gdp_pc_ppp_current,13458.812666743
BTN,2021,inflation_cpi_annual_pct,7.3468144053353
BTN,2021,ppp_conv_gdp_lcu_per_intl$,19.6103916168213
BTN,2021,unemployment_total_pct,4.803
BTN,2022,gdp_pc_ppp_const2021,14061.3120274588
BTN,2022,gdp_pc_ppp_current,15063.8105763072
BTN,2022,gini,28.5
BTN,2022,inflation_cpi_annual_pct,5.6391667139637
BTN,2022,ppp_conv_gdp_lcu_per_intl$,19.3660841477241
BTN,2022,unemployment_total_pct,5.947
BTN,2023,gdp_pc_ppp_const2021,14610.2959119536
BTN,2023,gdp_pc_ppp_current,16215.1520073153
BTN,2023,inflation_cpi_annual_pct,4.22934419929251
BTN,2023,ppp_conv_gdp_lcu_per_intl$,19.5166039945984
BTN,2023,unemployment_total_pct,3.126
BTN,2024,inflation_cpi_annual_pct,2.76131569624098
BTN,2024,unemployment_total_pct,2.856
BWA,2019,gdp_pc_ppp_const2021,18106.0105471124
BWA,2019,gdp_pc_ppp_current,15960.0156143903
BWA,2019,inflation_cpi_annual_pct,2.77286442863321
BWA,2019,ppp_conv_gdp_lcu_per_intl$,4.83345651626587
BWA,2019,unemployment_total_pct,20.094
BWA,2020,gdp_pc_ppp_const2021,16289.3913582645
BWA,2020,gdp_pc_ppp_current,15292.2624673252
BWA,2020,inflation_cpi_annual_pct,1.8903591682421
BWA,2020,ppp_conv_gdp_lcu_per_intl$,4.73711633682251
BWA,2020,unemployment_total_pct,21.017
BWA,2021,gdp_pc_ppp_const2021,17960.6254447437
BWA,2021,gdp_pc_ppp_current,17960.6254447437
BWA,2021,inflation_cpi_annual_pct,7.24097765588442
BWA,2021,ppp_conv_gdp_lcu_per_intl$,4.81988048553467
BWA,2021,unemployment_total_pct,23.106
BWA,2022,gdp_pc_ppp_const2021,18647.3734588832
BWA,2022,gdp_pc_ppp_current,19976.8343794474
BWA,2022,inflation_cpi_annual_pct,11.665567478802
BWA,2022,ppp_conv_gdp_lcu_per_intl$,5.15678316496317
BWA,2022,unemployment_total_pct,23.615
BWA,2023,gdp_pc_ppp_const2021,18932.4802712334
BWA,2023,gdp_pc_ppp_current,21012.10319925
BWA,2023,inflation_cpi_annual_pct,5.0676154934383
BWA,2023,ppp_conv_gdp_lcu_per_intl$,5.06422904319066
BWA,2023,unemployment_total_pct,23.381
BWA,2024,gdp_pc_ppp_const2021,18068.5050714283
BWA,2024,gdp_pc_ppp_current,20538.1320178889
BWA,2024,inflation_cpi_annual_pct,2.81835131676251
BWA,2024,ppp_conv_gdp_lcu_per_intl$,5.08218196380313
BWA,2024,unemployment_total_pct,23.138
CAF,2019,gdp_pc_ppp_const2021,1145.09563657752
CAF,2019,gdp_pc_ppp_current,984.843183678857
CAF,2019,inflation_cpi_annual_pct,2.68537355266787
CAF,2019,ppp_conv_gdp_lcu_per_intl$,267.258697509766
CAF,2019,unemployment_total_pct,5.607
CAF,2020,gdp_pc_ppp_const2021,1136.57052993758
CAF,2020,gdp_pc_ppp_current,1066.29005423151
CAF,2020,inflation_cpi_annual_pct,1.71015659523153
CAF,2020,ppp_conv_gdp_lcu_per_intl$,249.863265991211
CAF,2020,unemployment_total_pct,6.196
CAF,2021,gdp_pc_ppp_const2021,1128.55237996459
CAF,2021,gdp_pc_ppp_current,1128.55237996459
CAF,2021,gini,43.0
CAF,2021,inflation_cpi_annual_pct,4.25936417542868
CAF,2021,ppp_conv_gdp_lcu_per_intl$,241.880676269531
CAF,2021,unemployment_total_pct,6.375
CAF,2022,gdp_pc_ppp_const2021,1136.80171107045
CAF,2022,gdp_pc_ppp_current,1217.84977141155
CAF,2022,inflation_cpi_annual_pct,5.58316735183247
CAF,2022,ppp_conv_gdp_lcu_per_intl$,239.372894392296
CAF,2022,unemployment_total_pct,5.956
CAF,2023,gdp_pc_ppp_const2021,1132.67643369804
CAF,2023,gdp_pc_ppp_current,1257.09435717114
CAF,2023,inflation_cpi_annual_pct,2.97913852618937
CAF,2023,ppp_conv_gdp_lcu_per_intl$,239.318388486519
CAF,2023,unemployment_total_pct,5.877
CAF,2024,gdp_pc_ppp_const2021,1111.21941638883
CAF,2024,gdp_pc_ppp_current,1263.10234213699
CAF,2024,inflation_cpi_annual_pct,1.47733600718744
CAF,2024,ppp_conv_gdp_lcu_per_intl$,247.78023515424
CAF,2024,unemployment_total_pct,5.899
CAN,2019,gdp_pc_ppp_const2021,57583.845798092
CAN,2019,gdp_pc_ppp_current,50498.9731057448
CAN,2019,gini,31.7
CAN,2019,inflation_cpi_annual_pct,1.94926902411593
CAN,2019,ppp_conv_gdp_lcu_per_intl$,1.21786
CAN,2019,unemployment_total_pct,5.69
CAN,2020,gdp_pc_ppp_const2021,54092.8790317796
CAN,2020,gdp_pc_ppp_current,48590.6832121939
CAN,2020,gini,29.9
CAN,2020,inflation_cpi_annual_pct,0.716999632307827
CAN,2020,ppp_conv_gdp_lcu_per_intl$,1.201689
CAN,2020,unemployment_total_pct,9.657
CAN,2021,gdp_pc_ppp_const2021,56995.1176781351
CAN,2021,gdp_pc_ppp_current,56995.1176781351
CAN,2021,gini,31.1
CAN,2021,inflation_cpi_annual_pct,3.39519318527528
CAN,2021,ppp_conv_gdp_lcu_per_intl$,1.163492
CAN,2021,unemployment_total_pct,7.527
CAN,2022,gdp_pc_ppp_const2021,58321.0611834624
CAN,2022,gdp_pc_ppp_current,63578.3201949554
CAN,2022,inflation_cpi_annual_pct,6.80280115341613
CAN,2022,ppp_conv_gdp_lcu_per_intl$,1.151671
CAN,2022,unemployment_total_pct,5.279
CAN,2023,gdp_pc_ppp_const2021,57517.4431587432
CAN,2023,gdp_pc_ppp_current,64462.9211694495
CAN,2023,inflation_cpi_annual_pct,3.87900159788426
CAN,2023,ppp_conv_gdp_lcu_per_intl$,1.13542
CAN,2023,unemployment_total_pct,5.415
CAN,2024,gdp_pc_ppp_const2021,56706.8238031978
CAN,2024,gdp_pc_ppp_current,65463.0990993361
CAN,2024,inflation_cpi_annual_pct,2.38158383281173
CAN,2024,ppp_conv_gdp_lcu_per_intl$,1.135486
CAN,2024,unemployment_total_pct,6.45
CEB,2019,gdp_pc_ppp_const2021,38302.2907160325
CEB,2019,gdp_pc_ppp_current,35861.5224694248
CEB,2019,inflation_cpi_annual_pct,2.66456133425431
CEB,2019,unemployment_total_pct,3.77015348175842
CEB,2020,gdp_pc_ppp_const2021,37280.2842914431
CEB,2020,gdp_pc_ppp_current,36454.2530767255
CEB,2020,inflation_cpi_annual_pct,1.67244096855756
CEB,2020,unemployment_total_pct,4.36148161141545
CEB,2021,gdp_pc_ppp_const2021,40122.4691635522
CEB,2021,gdp_pc_ppp_current,40122.4691635522
CEB,2021,inflation_cpi_annual_pct,3.83984491500146
CEB,2021,unemployment_total_pct,4.46083553017949
CEB,2022,gdp_pc_ppp_const2021,41834.723547037
CEB,2022,gdp_pc_ppp_current,44764.1095000414
CEB,2022,inflation_cpi_annual_pct,14.6081439492433
CEB,2022,unemployment_total_pct,3.98390653964054
CEB,2023,gdp_pc_ppp_const2021,42109.6777542965
CEB,2023,gdp_pc_ppp_current,46468.1388728744
CEB,2023,inflation_cpi_annual_pct,9.44284140088564
CEB,2023,unemployment_total_pct,4.01423392069468
CEB,2024,gdp_pc_ppp_const2021,43029.3814012858
CEB,2024,gdp_pc_ppp_current,49854.8257191487
CEB,2024,inflation_cpi_annual_pct,2.75760909424272
CEB,2024,unemployment_total_pct,3.86713329021602
CHE,2019,gdp_pc_ppp_const2021,79596.7029465098
CHE,2019,gdp_pc_ppp_current,73732.2353322093
CHE,2019,gini,34.0
CHE,2019,inflation_cpi_annual_pct,0.362886179940614
CHE,2019,ppp_conv_gdp_lcu_per_intl$,1.133809
CHE,2019,unemployment_total_pct,4.394
CHE,2020,gdp_pc_ppp_const2021,77324.8870934007
CHE,2020,gdp_pc_ppp_current,72997.8239503282
CHE,2020,gini,33.7
CHE,2020,inflation_cpi_annual_pct,-0.725874933313384
CHE,2020,ppp_conv_gdp_lcu_per_intl$,1.104751
CHE,2020,unemployment_total_pct,4.817
CHE,2021,gdp_pc_ppp_const2021,81001.4111206118
CHE,2021,gdp_pc_ppp_current,81001.4111206118
CHE,2021,gini,33.8
CHE,2021,inflation_cpi_annual_pct,0.581814168489856
CHE,2021,ppp_conv_gdp_lcu_per_intl$,1.056712
CHE,2021,unemployment_total_pct,5.013
CHE,2022,gdp_pc_ppp_const2021,82777.293582076
CHE,2022,gdp_pc_ppp_current,91326.1317048182
CHE,2022,gini,33.8
CHE,2022,inflation_cpi_annual_pct,2.83502798644463
CHE,2022,ppp_conv_gdp_lcu_per_intl$,0.986913
CHE,2022,unemployment_total_pct,4.122
CHE,2023,gdp_pc_ppp_const2021,82295.2993346568
CHE,2023,gdp_pc_ppp_current,90498.5751983504
CHE,2023,inflation_cpi_annual_pct,2.13540088016377
CHE,2023,ppp_conv_gdp_lcu_per_intl$,0.999013
CHE,2023,unemployment_total_pct,4.043
CHE,2024,gdp_pc_ppp_const2021,82286.1801896488
CHE,2024,gdp_pc_ppp_current,94115.8242622014
CHE,2024,inflation_cpi_annual_pct,1.06234041976595
CHE,2024,ppp_conv_gdp_lcu_per_intl$,0.972889
CHE,2024,unemployment_total_pct,4.11
CHI,2019,unemployment_total_pct,6.408
CHI,2020,unemployment_total_pct,6.863
CHI,2021,unemployment_total_pct,6.875
CHI,2022,unemployment_total_pct,6.147
CHI,2023,unemployment_total_pct,6.187
CHI,2024,unemployment_total_pct,6.256
CHL,2019,gdp_pc_ppp_const2021,28218.5343879081
CHL,2019,gdp_pc_ppp_current,25611.7578269458
CHL,2019,inflation_cpi_annual_pct,2.55754475703327
CHL,2019,ppp_conv_gdp_lcu_per_intl$,397.674408
CHL,2019,unemployment_total_pct,7.493
CHL,2020,gdp_pc_ppp_const2021,26248.5616432825
CHL,2020,gdp_pc_ppp_current,25350.8635082972
CHL,2020,gini,47.0
CHL,2020,inflation_cpi_annual_pct,3.04549084804326
CHL,2020,ppp_conv_gdp_lcu_per_intl$,409.841785
CHL,2020,unemployment_total_pct,10.934
CHL,2021,gdp_pc_ppp_const2021,29089.850459728
CHL,2021,gdp_pc_ppp_current,29089.850459728
CHL,2021,inflation_cpi_annual_pct,4.52456838259144
CHL,2021,ppp_conv_gdp_lcu_per_intl$,423.013786
CHL,2021,unemployment_total_pct,9.281
CHL,2022,gdp_pc_ppp_const2021,29569.4775527937
CHL,2022,gdp_pc_ppp_current,30820.3526971179
CHL,2022,gini,43.0
CHL,2022,inflation_cpi_annual_pct,11.643866711056
CHL,2022,ppp_conv_gdp_lcu_per_intl$,436.527891
CHL,2022,unemployment_total_pct,8.249
CHL,2023,gdp_pc_ppp_const2021,29563.6780243659
CHL,2023,gdp_pc_ppp_current,32801.3786378418
CHL,2023,inflation_cpi_annual_pct,7.58168251407962
CHL,2023,ppp_conv_gdp_lcu_per_intl$,437.098886
CHL,2023,unemployment_total_pct,9.013
CHL,2024,gdp_pc_ppp_const2021,30182.7871224714
CHL,2024,gdp_pc_ppp_current,34637.1168279143
CHL,2024,inflation_cpi_annual_pct,4.29763891572524
CHL,2024,ppp_conv_gdp_lcu_per_intl$,455.204936
CHL,2024,unemployment_total_pct,9.056
CHN,2019,gdp_pc_ppp_const2021,18820.5131033646
CHN,2019,gdp_pc_ppp_current,17600.8907568493
CHN,2019,gini,38.2
CHN,2019,inflation_cpi_annual_pct,2.89923416358227
CHN,2019,ppp_conv_gdp_lcu_per_intl$,4.05960941314697
CHN,2019,unemployment_total_pct,4.56
CHN,2020,gdp_pc_ppp_const2021,19215.1541703465
CHN,2020,gdp_pc_ppp_current,18267.4783455827
CHN,2020,gini,37.1
CHN,2020,inflation_cpi_annual_pct,2.41942189457782
CHN,2020,ppp_conv_gdp_lcu_per_intl$,4.01465654373169
CHN,2020,unemployment_total_pct,5.0
CHN,2021,gdp_pc_ppp_const2021,20843.2978347377
CHN,2021,gdp_pc_ppp_current,20843.2978347377
CHN,2021,gini,35.7
CHN,2021,inflation_cpi_annual_pct,0.981015135544882
CHN,2021,ppp_conv_gdp_lcu_per_intl$,3.98740887641907
CHN,2021,unemployment_total_pct,4.55
CHN,2022,gdp_pc_ppp_const2021,21499.3822834427
CHN,2022,gdp_pc_ppp_current,23032.1766271143
CHN,2022,gini,36.0
CHN,2022,inflation_cpi_annual_pct,1.97357555739051
CHN,2022,ppp_conv_gdp_lcu_per_intl$,3.79404087493626
CHN,2022,unemployment_total_pct,4.98
CHN,2023,gdp_pc_ppp_const2021,22687.0758723942
CHN,2023,gdp_pc_ppp_current,25179.1193066383
CHN,2023,inflation_cpi_annual_pct,0.234836828893051
CHN,2023,ppp_conv_gdp_lcu_per_intl$,3.64373827497296
CHN,2023,unemployment_total_pct,4.67
CHN,2024,gdp_pc_ppp_const2021,23845.6197217259
CHN,2024,gdp_pc_ppp_current,27104.8702677463
CHN,2024,inflation_cpi_annual_pct,0.218128938439177
CHN,2024,ppp_conv_gdp_lcu_per_intl$,3.5325492491585
CHN,2024,unemployment_total_pct,4.571
CIV,2019,gdp_pc_ppp_const2021,5894.87874674153
CIV,2019,gdp_pc_ppp_current,5516.39055126829
CIV,2019,inflation_cpi_annual_pct,0.790855512053661
CIV,2019,ppp_conv_gdp_lcu_per_intl$,227.483108520508
CIV,2019,unemployment_total_pct,2.401
CIV,2020,gdp_pc_ppp_const2021,5787.81533309018
CIV,2020,gdp_pc_ppp_current,5543.85096318939
CIV,2020,inflation_cpi_annual_pct,2.41252617189053
CIV,2020,ppp_conv_gdp_lcu_per_intl$,226.308700561523
CIV,2020,unemployment_total_pct,2.584
CIV,2021,gdp_pc_ppp_const2021,6045.20480490879
CIV,2021,gdp_pc_ppp_current,6045.20480490879
CIV,2021,gini,35.3
CIV,2021,inflation_cpi_annual_pct,4.15919657911798
CIV,2021,ppp_conv_gdp_lcu_per_intl$,225.288803100586
CIV,2021,unemployment_total_pct,2.63
CIV,2022,gdp_pc_ppp_const2021,6272.26395759415
CIV,2022,gdp_pc_ppp_current,6719.44381557637
CIV,2022,inflation_cpi_annual_pct,5.23352856100843
CIV,2022,ppp_conv_gdp_lcu_per_intl$,216.604679458737
CIV,2022,unemployment_total_pct,2.306
CIV,2023,gdp_pc_ppp_const2021,6520.89886460031
CIV,2023,gdp_pc_ppp_current,7237.18170740909
CIV,2023,inflation_cpi_annual_pct,4.36972254867474
CIV,2023,ppp_conv_gdp_lcu_per_intl$,217.240380917992
CIV,2023,unemployment_total_pct,2.27
CIV,2024,gdp_pc_ppp_const2021,6747.03796777388
CIV,2024,gdp_pc_ppp_current,7669.23195715687
CIV,2024,inflation_cpi_annual_pct,3.45053028131019
CIV,2024,ppp_conv_gdp_lcu_per_intl$,215.672888731457
CIV,2024,unemployment_total_pct,2.288
CMR,2019,gdp_pc_ppp_const2021,4882.35560028896
CMR,2019,gdp_pc_ppp_current,4241.11174920592
CMR,2019,inflation_cpi_annual_pct,2.45280214062732
CMR,2019,ppp_conv_gdp_lcu_per_intl$,214.872512817383
CMR,2019,unemployment_total_pct,3.622
CMR,2020,gdp_pc_ppp_const2021,4763.48194388066
CMR,2020,gdp_pc_ppp_current,4365.44704128392
CMR,2020,inflation_cpi_annual_pct,2.43760882182236
CMR,2020,ppp_conv_gdp_lcu_per_intl$,205.106994628906
CMR,2020,unemployment_total_pct,3.87
CMR,2021,gdp_pc_ppp_const2021,4793.55628200196
CMR,2021,gdp_pc_ppp_current,4793.55628200196
CMR,2021,gini,42.2
CMR,2021,inflation_cpi_annual_pct,2.27185762503637
CMR,2021,ppp_conv_gdp_lcu_per_intl$,193.458953857422
CMR,2021,unemployment_total_pct,3.973
CMR,2022,gdp_pc_ppp_const2021,4843.65038202917
CMR,2022,gdp_pc_ppp_current,5188.97750866081
CMR,2022,inflation_cpi_annual_pct,6.24767713343861
CMR,2022,ppp_conv_gdp_lcu_per_intl$,192.920043327362
CMR,2022,unemployment_total_pct,3.653
CMR,2023,gdp_pc_ppp_const2021,4875.25120768005
CMR,2023,gdp_pc_ppp_current,5410.76921937642
CMR,2023,inflation_cpi_annual_pct,7.38281384280984
CMR,2023,ppp_conv_gdp_lcu_per_intl$,192.872419782428
CMR,2023,unemployment_total_pct,3.613
CMR,2024,gdp_pc_ppp_const2021,4916.93354019494
CMR,2024,gdp_pc_ppp_current,5588.98645861945
CMR,2024,inflation_cpi_annual_pct,4.53331349711606
CMR,2024,ppp_conv_gdp_lcu_per_intl$,198.536346180777
CMR,2024,unemployment_total_pct,3.518
COD,2019,gdp_pc_ppp_const2021,1394.76461472893
COD,2019,gdp_pc_ppp_current,1056.17206659241
COD,2019,ppp_conv_gdp_lcu_per_intl$,786.309387207031
COD,2019,unemployment_total_pct,4.591
COD,2020,gdp_pc_ppp_const2021,1361.02791099008
COD,2020,gdp_pc_ppp_current,1088.7890035637
COD,2020,gini,44.7
COD,2020,ppp_conv_gdp_lcu_per_intl$,827.004272460938
COD,2020,unemployment_total_pct,5.345
COD,2021,gdp_pc_ppp_const2021,1402.38560295221
COD,2021,gdp_pc_ppp_current,1402.38560295221
COD,2021,ppp_conv_gdp_lcu_per_intl$,845.45068359375
COD,2021,unemployment_total_pct,5.28
COD,2022,gdp_pc_ppp_const2021,1484.33841881449
COD,2022,gdp_pc_ppp_current,1590.16404219556
COD,2022,ppp_conv_gdp_lcu_per_intl$,868.018209817189
COD,2022,unemployment_total_pct,4.522
COD,2023,gdp_pc_ppp_const2021,1559.33806475859
COD,2023,gdp_pc_ppp_current,1730.62228877694
COD,2023,ppp_conv_gdp_lcu_per_intl$,932.430485593777
COD,2023,unemployment_total_pct,4.484
COD,2024,gdp_pc_ppp_const2021,1602.074979895
COD,2024,gdp_pc_ppp_current,1821.04868718058
COD,2024,ppp_conv_gdp_lcu_per_intl$,1006.63613613611
COD,2024,unemployment_total_pct,4.556
COG,2019,gdp_pc_ppp_const2021,6939.36913397466
COG,2019,gdp_pc_ppp_current,5719.59977338291
COG,2019,inflation_cpi_annual_pct,2.20607305781525
COG,2019,ppp_conv_gdp_lcu_per_intl$,254.912139892578
COG,2019,unemployment_total_pct,20.392
COG,2020,gdp_pc_ppp_const2021,6350.50913409722
COG,2020,gdp_pc_ppp_current,4770.96449758365
COG,2020,inflation_cpi_annual_pct,1.79537147083108
COG,2020,ppp_conv_gdp_lcu_per_intl$,240.513336181641
COG,2020,unemployment_total_pct,22.198
COG,2021,gdp_pc_ppp_const2021,6263.21161292636
COG,2021,gdp_pc_ppp_current,6263.21161292636
COG,2021,inflation_cpi_annual_pct,1.7156427545126
COG,2021,ppp_conv_gdp_lcu_per_intl$,222.775375366211
COG,2021,unemployment_total_pct,21.96
COG,2022,gdp_pc_ppp_const2021,6205.1050414034
COG,2022,gdp_pc_ppp_current,6647.4968173139
COG,2022,inflation_cpi_annual_pct,3.04344334698478
COG,2022,ppp_conv_gdp_lcu_per_intl$,245.923119453007
COG,2022,unemployment_total_pct,20.108
COG,2023,gdp_pc_ppp_const2021,6172.28776650683
COG,2023,gdp_pc_ppp_current,6850.27770621099
COG,2023,inflation_cpi_annual_pct,4.30174563591016
COG,2023,ppp_conv_gdp_lcu_per_intl$,219.416910771966
COG,2023,unemployment_total_pct,19.898
COG,2024,gdp_pc_ppp_const2021,6181.47071635967
COG,2024,gdp_pc_ppp_current,7026.36223281494
COG,2024,inflation_cpi_annual_pct,3.09143630919166
COG,2024,ppp_conv_gdp_lcu_per_intl$,214.20757379411
COG,2024,unemployment_total_pct,19.694
COL,2019,gdp_pc_ppp_const2021,17336.7716030551
COL,2019,gdp_pc_ppp_current,16181.5908990662
COL,2019,gini,51.3
COL,2019,inflation_cpi_annual_pct,3.52301932741447
COL,2019,ppp_conv_gdp_lcu_per_intl$,1312.630441
COL,2019,unemployment_total_pct,10.28
COL,2020,gdp_pc_ppp_const2021,15861.4999291295
COL,2020,gdp_pc_ppp_current,15519.2101694656
COL,2020,gini,53.5
COL,2020,inflation_cpi_annual_pct,2.52663500084706
COL,2020,ppp_conv_gdp_lcu_per_intl$,1270.743624
COL,2020,unemployment_total_pct,15.983
COL,2021,gdp_pc_ppp_const2021,17383.0901728295
COL,2021,gdp_pc_ppp_current,17383.0901728295
COL,2021,gini,55.1
COL,2021,inflation_cpi_annual_pct,3.49505757399448
COL,2021,ppp_conv_gdp_lcu_per_intl$,1340.326407
COL,2021,unemployment_total_pct,13.898
COL,2022,gdp_pc_ppp_const2021,18458.7209460704
COL,2022,gdp_pc_ppp_current,20695.7426775731
COL,2022,gini,54.8
COL,2022,inflation_cpi_annual_pct,10.1772313546166
COL,2022,ppp_conv_gdp_lcu_per_intl$,1373.870548
COL,2022,unemployment_total_pct,10.547
COL,2023,gdp_pc_ppp_const2021,18382.9976800475
COL,2023,gdp_pc_ppp_current,20944.4883888657
COL,2023,gini,53.9
COL,2023,inflation_cpi_annual_pct,11.7359044948689
COL,2023,ppp_conv_gdp_lcu_per_intl$,1445.979656
COL,2023,unemployment_total_pct,9.594
COL,2024,gdp_pc_ppp_const2021,18477.2146664536
COL,2024,gdp_pc_ppp_current,21508.7802475454
COL,2024,inflation_cpi_annual_pct,6.60908593728228
COL,2024,ppp_conv_gdp_lcu_per_intl$,1500.145281
COL,2024,unemployment_total_pct,9.608
COM,2019,gdp_pc_ppp_const2021,3451.42139338772
COM,2019,gdp_pc_ppp_current,3293.05601748495
COM,2019,inflation_cpi_annual_pct,3.58213544469211
COM,2019,ppp_conv_gdp_lcu_per_intl$,201.542678833008
COM,2019,unemployment_total_pct,3.934
COM,2020,gdp_pc_ppp_const2021,3377.74564051638
COM,2020,gdp_pc_ppp_current,3244.8867496847
COM,2020,inflation_cpi_annual_pct,0.786641929499151
COM,2020,ppp_conv_gdp_lcu_per_intl$,201.675567626953
COM,2020,unemployment_total_pct,4.471
COM,2021,gdp_pc_ppp_const2021,3377.88518482587
COM,2021,gdp_pc_ppp_current,3377.88518482587
COM,2021,inflation_cpi_annual_pct,-0.00441793682346988
COM,2021,ppp_conv_gdp_lcu_per_intl$,191.480773925781
COM,2021,unemployment_total_pct,4.394
COM,2022,gdp_pc_ppp_const2021,3399.27830776976
COM,2022,gdp_pc_ppp_current,3641.62920390353
COM,2022,inflation_cpi_annual_pct,12.5320314570999
COM,2022,ppp_conv_gdp_lcu_per_intl$,188.006242707834
COM,2022,unemployment_total_pct,3.816
COM,2023,gdp_pc_ppp_const2021,3434.40177367723
COM,2023,gdp_pc_ppp_current,3811.65084882413
COM,2023,inflation_cpi_annual_pct,8.37373955490996
COM,2023,ppp_conv_gdp_lcu_per_intl$,186.247620138008
COM,2023,unemployment_total_pct,3.776
COM,2024,gdp_pc_ppp_const2021,3482.53486037478
COM,2024,gdp_pc_ppp_current,3958.53228789687
COM,2024,inflation_cpi_annual_pct,5.05192609588218
COM,2024,ppp_conv_gdp_lcu_per_intl$,190.919893997601
COM,2024,unemployment_total_pct,3.875
CPV,2019,gdp_pc_ppp_const2021,9111.62993173269
CPV,2019,gdp_pc_ppp_current,8645.75646859343
CPV,2019,inflation_cpi_annual_pct,1.10666674296063
CPV,2019,ppp_conv_gdp_lcu_per_intl$,49.9072380065918
CPV,2019,unemployment_total_pct,12.128
CPV,2020,gdp_pc_ppp_const2021,7207.86853962048
CPV,2020,gdp_pc_ppp_current,6852.57669930355
CPV,2020,inflation_cpi_annual_pct,0.605795808395385
CPV,2020,ppp_conv_gdp_lcu_per_intl$,49.9931755065918
CPV,2020,unemployment_total_pct,14.69
CPV,2021,gdp_pc_ppp_const2021,7685.41921393669
CPV,2021,gdp_pc_ppp_current,7685.41921393669
CPV,2021,inflation_cpi_annual_pct,1.86215297494647
CPV,2021,ppp_conv_gdp_lcu_per_intl$,48.1704940795898
CPV,2021,unemployment_total_pct,13.976
CPV,2022,gdp_pc_ppp_const2021,8850.1066918812
CPV,2022,gdp_pc_ppp_current,9481.07335405605
CPV,2022,inflation_cpi_annual_pct,7.93092925430087
CPV,2022,ppp_conv_gdp_lcu_per_intl$,47.8169406118043
CPV,2022,unemployment_total_pct,12.246
CPV,2023,gdp_pc_ppp_const2021,9228.4604533114
CPV,2023,gdp_pc_ppp_current,10242.1532011212
CPV,2023,inflation_cpi_annual_pct,3.72437517668748
CPV,2023,ppp_conv_gdp_lcu_per_intl$,47.6602927336397
CPV,2023,unemployment_total_pct,11.971
CPV,2024,gdp_pc_ppp_const2021,9848.95276350935
CPV,2024,gdp_pc_ppp_current,11195.1205312923
CPV,2024,inflation_cpi_annual_pct,1.04817001091965
CPV,2024,ppp_conv_gdp_lcu_per_intl$,47.2731098785268
CPV,2024,unemployment_total_pct,11.878
CRI,2019,gdp_pc_ppp_const2021,23364.783127574
CRI,2019,gdp_pc_ppp_current,23339.6091317787
CRI,2019,gini,48.2
CRI,2019,inflation_cpi_annual_pct,2.09604635327807
CRI,2019,ppp_conv_gdp_lcu_per_intl$,324.21736
CRI,2019,unemployment_total_pct,10.807
CRI,2020,gdp_pc_ppp_const2021,22211.8613921698
CRI,2020,gdp_pc_ppp_current,22099.8678127394
CRI,2020,gini,49.2
CRI,2020,inflation_cpi_annual_pct,0.724911478131376
CRI,2020,ppp_conv_gdp_lcu_per_intl$,328.024138
CRI,2020,unemployment_total_pct,16.432
CRI,2021,gdp_pc_ppp_const2021,23852.9253020002
CRI,2021,gdp_pc_ppp_current,23852.9253020002
CRI,2021,gini,48.7
CRI,2021,inflation_cpi_annual_pct,1.72647755109241
CRI,2021,ppp_conv_gdp_lcu_per_intl$,334.118676
CRI,2021,unemployment_total_pct,15.139
CRI,2022,gdp_pc_ppp_const2021,24831.7193480342
CRI,2022,gdp_pc_ppp_current,25924.7403788443
CRI,2022,gini,47.2
CRI,2022,inflation_cpi_annual_pct,8.27477490232654
CRI,2022,ppp_conv_gdp_lcu_per_intl$,340.131024
CRI,2022,unemployment_total_pct,11.325
CRI,2023,gdp_pc_ppp_const2021,25979.6286150717
CRI,2023,gdp_pc_ppp_current,28075.1421722141
CRI,2023,gini,46.7
CRI,2023,inflation_cpi_annual_pct,0.525193508693455
CRI,2023,ppp_conv_gdp_lcu_per_intl$,328.309035
CRI,2023,unemployment_total_pct,8.325
CRI,2024,gdp_pc_ppp_const2021,26973.4361580719
CRI,2024,gdp_pc_ppp_current,30062.8491604466
CRI,2024,gini,45.8
CRI,2024,inflation_cpi_annual_pct,-0.412853001047069
CRI,2024,ppp_conv_gdp_lcu_per_intl$,318.480268
CRI,2024,unemployment_total_pct,7.848
CSS,2019,gdp_pc_ppp_const2021,24160.9840718485
CSS,2019,gdp_pc_ppp_current,22157.0018835044
CSS,2019,inflation_cpi_annual_pct,1.00054293027237
CSS,2019,unemployment_total_pct,8.16211430457681
CSS,2020,gdp_pc_ppp_const2021,22301.7958051804
CSS,2020,gdp_pc_ppp_current,20161.685964893
CSS,2020,inflation_cpi_annual_pct,0.121434644614894
CSS,2020,unemployment_total_pct,9.86550041950631
CSS,2021,gdp_pc_ppp_const2021,23493.3054375431
CSS,2021,gdp_pc_ppp_current,23493.3054375431
CSS,2021,inflation_cpi_annual_pct,2.22891330700344
CSS,2021,unemployment_total_pct,9.53894339285438
CSS,2022,gdp_pc_ppp_const2021,27046.7067687718
CSS,2022,gdp_pc_ppp_current,28974.9965495457
CSS,2022,inflation_cpi_annual_pct,5.82838638517959
CSS,2022,unemployment_total_pct,8.38855235263485
CSS,2023,gdp_pc_ppp_const2021,29615.1562021489
CSS,2023,gdp_pc_ppp_current,32868.2089967349
CSS,2023,inflation_cpi_annual_pct,4.47720868651285
CSS,2023,unemployment_total_pct,7.82188402128467
CSS,2024,gdp_pc_ppp_const2021,33979.6741599298
CSS,2024,gdp_pc_ppp_current,38624.0605441698
CSS,2024,inflation_cpi_annual_pct,2.56921890367726
CSS,2024,unemployment_total_pct,7.42393891631139
CUB,2019,unemployment_total_pct,1.705
CUB,2020,unemployment_total_pct,2.24
CUB,2021,unemployment_total_pct,2.116
CUB,2022,unemployment_total_pct,1.82
CUB,2023,unemployment_total_pct,1.719
CUB,2024,unemployment_total_pct,1.53
CUW,2019,gdp_pc_ppp_const2021,28659.6557023251
CUW,2019,gdp_pc_ppp_current,25396.9966189902
CUW,2019,inflation_cpi_annual_pct,2.62220783425059
CUW,2019,ppp_conv_gdp_lcu_per_intl$,1.35468888282776
CUW,2020,gdp_pc_ppp_const2021,23669.7707733018
CUW,2020,gdp_pc_ppp_current,21722.0173651527
CUW,2020,ppp_conv_gdp_lcu_per_intl$,1.34318399429321
CUW,2021,gdp_pc_ppp_const2021,24905.7684453244
CUW,2021,gdp_pc_ppp_current,24905.7684453244
CUW,2021,ppp_conv_gdp_lcu_per_intl$,1.27898454666138
CUW,2022,gdp_pc_ppp_const2021,26734.6457811916
CUW,2022,gdp_pc_ppp_current,28640.6872336026
CUW,2022,ppp_conv_gdp_lcu_per_intl$,1.25354120021332
CUW,2023,gdp_pc_ppp_const2021,27617.9204919042
CUW,2023,gdp_pc_ppp_current,30651.5885510423
CUW,2023,ppp_conv_gdp_lcu_per_intl$,1.23908363458402
CUW,2024,gdp_pc_ppp_const2021,28762.058180431
CUW,2024,gdp_pc_ppp_current,32693.2939764893
CUW,2024,ppp_conv_gdp_lcu_per_intl$,1.25013046369671
CYM,2019,gdp_pc_ppp_const2021,77476.8412822407
CYM,2019,gdp_pc_ppp_current,72697.3671881501
CYM,2019,ppp_conv_gdp_lcu_per_intl$,1.01165902614594
CYM,2020,gdp_pc_ppp_const2021,72183.1359045895
CYM,2020,gdp_pc_ppp_current,66118.6540859028
CYM,2020,ppp_conv_gdp_lcu_per_intl$,1.03776144981384
CYM,2021,gdp_pc_ppp_const2021,74160.4914000191
CYM,2021,gdp_pc_ppp_current,74160.4914000191
CYM,2021,ppp_conv_gdp_lcu_per_intl$,0.971421658992767
CYM,2022,gdp_pc_ppp_const2021,76818.8004032916
CYM,2022,gdp_pc_ppp_current,82295.5820704782
CYM,2022,ppp_conv_gdp_lcu_per_intl$,0.942034500125494
CYM,2023,gdp_pc_ppp_const2021,79675.8568481808
CYM,2023,gdp_pc_ppp_current,88427.7866712691
CYM,2023,ppp_conv_gdp_lcu_per_intl$,0.934313420987657
CYP,2019,gdp_pc_ppp_const2021,45454.2734375
CYP,2019,gdp_pc_ppp_current,44393.125
CYP,2019,gini,31.2
CYP,2019,inflation_cpi_annual_pct,0.250370996758493
CYP,2019,ppp_conv_gdp_lcu_per_intl$,0.588107601913241
CYP,2019,unemployment_total_pct,7.155
CYP,2020,gdp_pc_ppp_const2021,43402.453125
CYP,2020,gdp_pc_ppp_current,42569.1015625
CYP,2020,gini,31.7
CYP,2020,inflation_cpi_annual_pct,-0.638422797978959
CYP,2020,ppp_conv_gdp_lcu_per_intl$,0.578548341765037
CYP,2020,unemployment_total_pct,7.755
CYP,2021,gdp_pc_ppp_const2021,47632.671875
CYP,2021,gdp_pc_ppp_current,47632.671875
CYP,2021,gini,31.3
CYP,2021,inflation_cpi_annual_pct,2.44608867175474
CYP,2021,ppp_conv_gdp_lcu_per_intl$,0.584656401882869
CYP,2021,unemployment_total_pct,7.513
CYP,2022,gdp_pc_ppp_const2021,50623.6953125
CYP,2022,gdp_pc_ppp_current,54850.9375
CYP,2022,gini,31.5
CYP,2022,inflation_cpi_annual_pct,8.39548297993334
CYP,2022,ppp_conv_gdp_lcu_per_intl$,0.575322803058794
CYP,2022,unemployment_total_pct,6.806
CYP,2023,gdp_pc_ppp_const2021,51453.625
CYP,2023,gdp_pc_ppp_current,57326.74609375
CYP,2023,gini,31.8
CYP,2023,inflation_cpi_annual_pct,3.54134188751663
CYP,2023,ppp_conv_gdp_lcu_per_intl$,0.590842096386011
CYP,2023,unemployment_total_pct,6.098
CYP,2024,gdp_pc_ppp_const2021,52635.4765625
CYP,2024,gdp_pc_ppp_current,61271.8203125
CYP,2024,inflation_cpi_annual_pct,1.80023018624815
CYP,2024,ppp_conv_gdp_lcu_per_intl$,0.58315210798179
CYP,2024,unemployment_total_pct,5.602
CZE,2019,gdp_pc_ppp_const2021,47763.6165520254
CZE,2019,gdp_pc_ppp_current,45614.0171132532
CZE,2019,gini,25.3
CZE,2019,inflation_cpi_annual_pct,2.8478759591805
CZE,2019,ppp_conv_gdp_lcu_per_intl$,12.097428
CZE,2019,unemployment_total_pct,2.015
CZE,2020,gdp_pc_ppp_const2021,45119.9387309139
CZE,2020,gdp_pc_ppp_current,44839.4822099455
CZE,2020,gini,26.2
CZE,2020,inflation_cpi_annual_pct,3.16129528497801
CZE,2020,ppp_conv_gdp_lcu_per_intl$,12.150267
CZE,2020,unemployment_total_pct,2.55
CZE,2021,gdp_pc_ppp_const2021,47796.0337408466
CZE,2021,gdp_pc_ppp_current,47796.0337408466
CZE,2021,gini,26.2
CZE,2021,inflation_cpi_annual_pct,3.83984491500146
CZE,2021,ppp_conv_gdp_lcu_per_intl$,12.56189
CZE,2021,unemployment_total_pct,2.803
CZE,2022,gdp_pc_ppp_const2021,48390.661678675
CZE,2022,gdp_pc_ppp_current,51709.8373933963
CZE,2022,gini,25.9
CZE,2022,inflation_cpi_annual_pct,15.1001651468371
CZE,2022,ppp_conv_gdp_lcu_per_intl$,12.774898
CZE,2022,unemployment_total_pct,2.224
CZE,2023,gdp_pc_ppp_const2021,47558.4106763314
CZE,2023,gdp_pc_ppp_current,53217.2191709182
CZE,2023,gini,25.7
CZE,2023,inflation_cpi_annual_pct,10.6612601372426
CZE,2023,ppp_conv_gdp_lcu_per_intl$,13.177331
CZE,2023,unemployment_total_pct,2.579
CZE,2024,gdp_pc_ppp_const2021,47963.8968485782
CZE,2024,gdp_pc_ppp_current,56686.5453488007
CZE,2024,inflation_cpi_annual_pct,2.43531202435314
CZE,2024,ppp_conv_gdp_lcu_per_intl$,12.958701
CZE,2024,unemployment_total_pct,2.506
DEU,2019,gdp_pc_ppp_const2021,62849.3741865912
DEU,2019,gdp_pc_ppp_current,59270.7276496985
DEU,2019,gini,31.8
DEU,2019,inflation_cpi_annual_pct,1.44565976888253
DEU,2019,ppp_conv_gdp_lcu_per_intl$,0.717745
DEU,2019,unemployment_total_pct,3.163
DEU,2020,gdp_pc_ppp_const2021,60203.289760263
DEU,2020,gdp_pc_ppp_current,58685.872699771
DEU,2020,gini,32.4
DEU,2020,inflation_cpi_annual_pct,0.144877925813982
DEU,2020,ppp_conv_gdp_lcu_per_intl$,0.706836
DEU,2020,unemployment_total_pct,3.881
DEU,2021,gdp_pc_ppp_const2021,62530.7653199239
DEU,2021,gdp_pc_ppp_current,62530.7653199239
DEU,2021,inflation_cpi_annual_pct,3.06666666666673
DEU,2021,ppp_conv_gdp_lcu_per_intl$,0.706697
DEU,2021,unemployment_total_pct,3.594
DEU,2022,gdp_pc_ppp_const2021,63676.087821808
DEU,2022,gdp_pc_ppp_current,68093.7883105553
DEU,2022,inflation_cpi_annual_pct,6.87257438551097
DEU,2022,ppp_conv_gdp_lcu_per_intl$,0.69808
DEU,2022,unemployment_total_pct,3.12
DEU,2023,gdp_pc_ppp_const2021,63039.3719696432
DEU,2023,gdp_pc_ppp_current,69199.8397184363
DEU,2023,inflation_cpi_annual_pct,5.94643667725823
DEU,2023,ppp_conv_gdp_lcu_per_intl$,0.726221
DEU,2023,unemployment_total_pct,3.068
DEU,2024,gdp_pc_ppp_const2021,62554.5547232436
DEU,2024,gdp_pc_ppp_current,72295.2353730129
DEU,2024,inflation_cpi_annual_pct,2.2564981433876
DEU,2024,ppp_conv_gdp_lcu_per_intl$,0.713045
DEU,2024,unemployment_total_pct,3.406
DJI,2019,gdp_pc_ppp_const2021,5809.30455041341
DJI,2019,gdp_pc_ppp_current,5398.00036773984
DJI,2019,inflation_cpi_annual_pct,3.31925372703827
DJI,2019,ppp_conv_gdp_lcu_per_intl$,93.4095001220703
DJI,2019,unemployment_total_pct,26.256
DJI,2020,gdp_pc_ppp_const2021,5791.47767679877
DJI,2020,gdp_pc_ppp_current,5527.00185229888
DJI,2020,inflation_cpi_annual_pct,1.7774078380617
DJI,2020,ppp_conv_gdp_lcu_per_intl$,91.4775085449219
DJI,2020,unemployment_total_pct,27.713
DJI,2021,gdp_pc_ppp_const2021,5960.10807396825
DJI,2021,gdp_pc_ppp_current,5960.10807396825
DJI,2021,inflation_cpi_annual_pct,1.18191775339802
DJI,2021,ppp_conv_gdp_lcu_per_intl$,90.2278900146484
DJI,2021,unemployment_total_pct,27.668
DJI,2022,gdp_pc_ppp_const2021,6180.67998594606
DJI,2022,gdp_pc_ppp_current,6621.33038220409
DJI,2022,inflation_cpi_annual_pct,5.17980847967061
DJI,2022,ppp_conv_gdp_lcu_per_intl$,84.0987651916645
DJI,2022,unemployment_total_pct,26.307
DJI,2023,gdp_pc_ppp_const2021,6510.67859061619
DJI,2023,gdp_pc_ppp_current,7225.8387957249
DJI,2023,inflation_cpi_annual_pct,1.49506816515088
DJI,2023,ppp_conv_gdp_lcu_per_intl$,83.1637188135479
DJI,2023,unemployment_total_pct,26.154
DJI,2024,gdp_pc_ppp_const2021,6871.12440453129
DJI,2024,gdp_pc_ppp_current,7810.27869066792
DJI,2024,inflation_cpi_annual_pct,2.07655387954199
DJI,2024,ppp_conv_gdp_lcu_per_intl$,80.8413593974005
DJI,2024,unemployment_total_pct,25.875
DMA,2019,gdp_pc_ppp_const2021,17619.4335416769
DMA,2019,gdp_pc_ppp_current,16020.5944720217
DMA,2019,inflation_cpi_annual_pct,1.50462353858141
DMA,2019,ppp_conv_gdp_lcu_per_intl$,1.59957265853882
DMA,2020,gdp_pc_ppp_const2021,14919.5307686719
DMA,2020,gdp_pc_ppp_current,14243.7623123898
DMA,2020,inflation_cpi_annual_pct,1.22026442242476
DMA,2020,ppp_conv_gdp_lcu_per_intl$,1.48380184173584
DMA,2021,gdp_pc_ppp_const2021,15808.9743503945
DMA,2021,gdp_pc_ppp_current,15808.9743503945
DMA,2021,inflation_cpi_annual_pct,2.22891330700344
DMA,2021,ppp_conv_gdp_lcu_per_intl$,1.43059825897217
DMA,2022,gdp_pc_ppp_const2021,17550.8009946466
DMA,2022,gdp_pc_ppp_current,18802.0819913205
DMA,2022,inflation_cpi_annual_pct,2.88490226829353
DMA,2022,ppp_conv_gdp_lcu_per_intl$,1.33888813099879
DMA,2023,gdp_pc_ppp_const2021,18278.2253401989
DMA,2023,gdp_pc_ppp_current,20285.9821663707
DMA,2023,inflation_cpi_annual_pct,5.08677483158112
DMA,2023,ppp_conv_gdp_lcu_per_intl$,1.31938387430262
DMA,2024,gdp_pc_ppp_const2021,18739.3640404986
DMA,2024,gdp_pc_ppp_current,21300.6848698089
DMA,2024,inflation_cpi_annual_pct,2.56921890367726
DMA,2024,ppp_conv_gdp_lcu_per_intl$,1.31893659155379
DNK,2019,gdp_pc_ppp_const2021,67131.4657009734
DNK,2019,gdp_pc_ppp_current,60594.966400191
DNK,2019,gini,27.7
DNK,2019,inflation_cpi_annual_pct,0.75813157251162
DNK,2019,ppp_conv_gdp_lcu_per_intl$,6.538391
DNK,2019,unemployment_total_pct,5.018
DNK,2020,gdp_pc_ppp_const2021,65744.4367251959
DNK,2020,gdp_pc_ppp_current,62682.2899474389
DNK,2020,gini,27.5
DNK,2020,inflation_cpi_annual_pct,0.420711974110115
DNK,2020,ppp_conv_gdp_lcu_per_intl$,6.365057
DNK,2020,unemployment_total_pct,5.637
DNK,2021,gdp_pc_ppp_const2021,69715.1809680929
DNK,2021,gdp_pc_ppp_current,69715.1809680929
DNK,2021,gini,28.3
DNK,2021,inflation_cpi_annual_pct,1.8530454398968
DNK,2021,ppp_conv_gdp_lcu_per_intl$,6.288268
DNK,2021,unemployment_total_pct,5.043
DNK,2022,gdp_pc_ppp_const2021,69475.3198650883
DNK,2022,gdp_pc_ppp_current,77400.3348008883
DNK,2022,gini,29.3
DNK,2022,inflation_cpi_annual_pct,7.6965669988926
DNK,2022,ppp_conv_gdp_lcu_per_intl$,6.225096
DNK,2022,unemployment_total_pct,4.434
DNK,2023,gdp_pc_ppp_const2021,69379.22000847
DNK,2023,gdp_pc_ppp_current,73737.4475447105
DNK,2023,gini,29.9
DNK,2023,inflation_cpi_annual_pct,3.30517811237606
DNK,2023,ppp_conv_gdp_lcu_per_intl$,6.396029
DNK,2023,unemployment_total_pct,5.094
DNK,2024,gdp_pc_ppp_const2021,71431.2926242287
DNK,2024,gdp_pc_ppp_current,79514.2854383058
DNK,2024,inflation_cpi_annual_pct,1.37220049768918
DNK,2024,ppp_conv_gdp_lcu_per_intl$,6.230083
DNK,2024,unemployment_total_pct,5.587
DOM,2019,gdp_pc_ppp_const2021,21451.286441995
DOM,2019,gdp_pc_ppp_current,19766.7628586981
DOM,2019,gini,41.9
DOM,2019,inflation_cpi_annual_pct,1.81060377042959
DOM,2019,ppp_conv_gdp_lcu_per_intl$,21.2349720001221
DOM,2019,unemployment_total_pct,6.356
DOM,2020,gdp_pc_ppp_const2021,19545.4099552943
DOM,2020,gdp_pc_ppp_current,18998.3069667315
DOM,2020,gini,39.6
DOM,2020,inflation_cpi_annual_pct,3.78103179915517
DOM,2020,ppp_conv_gdp_lcu_per_intl$,21.22900390625
DOM,2020,unemployment_total_pct,6.126
DOM,2021,gdp_pc_ppp_const2021,22053.4589869955
DOM,2021,gdp_pc_ppp_current,22053.4589869955
DOM,2021,gini,38.5
DOM,2021,inflation_cpi_annual_pct,8.24300347981809
DOM,2021,ppp_conv_gdp_lcu_per_intl$,22.1248188018799
DOM,2021,unemployment_total_pct,7.702
DOM,2022,gdp_pc_ppp_const2021,22986.95808105
DOM,2022,gdp_pc_ppp_current,24625.8088564037
DOM,2022,gini,37.0
DOM,2022,inflation_cpi_annual_pct,8.81109209279587
DOM,2022,ppp_conv_gdp_lcu_per_intl$,22.6249693240384
DOM,2022,unemployment_total_pct,5.504
DOM,2023,gdp_pc_ppp_const2021,23282.4895071054
DOM,2023,gdp_pc_ppp_current,25839.9356687607
DOM,2023,gini,38.4
DOM,2023,inflation_cpi_annual_pct,4.78561281021135
DOM,2023,ppp_conv_gdp_lcu_per_intl$,23.1029806478572
DOM,2023,unemployment_total_pct,5.555
DOM,2024,gdp_pc_ppp_const2021,24229.8894872915
DOM,2024,gdp_pc_ppp_current,27541.6625283384
DOM,2024,gini,39.0
DOM,2024,inflation_cpi_annual_pct,3.30223338951227
DOM,2024,ppp_conv_gdp_lcu_per_intl$,23.5211016601759
DOM,2024,unemployment_total_pct,5.473
DZA,2019,gdp_pc_ppp_const2021,15199.1989965639
DZA,2019,gdp_pc_ppp_current,13892.5333446205
DZA,2019,inflation_cpi_annual_pct,1.95176821052892
DZA,2019,ppp_conv_gdp_lcu_per_intl$,38.3893852233887
DZA,2019,unemployment_total_pct,12.259
DZA,2020,gdp_pc_ppp_const2021,14194.1557479619
DZA,2020,gdp_pc_ppp_current,12676.5130564294
DZA,2020,inflation_cpi_annual_pct,2.41513094083414
DZA,2020,ppp_conv_gdp_lcu_per_intl$,37.4388656616211
DZA,2020,unemployment_total_pct,14.057
DZA,2021,gdp_pc_ppp_const2021,14496.8654697299
DZA,2021,gdp_pc_ppp_current,14496.8654697299
DZA,2021,inflation_cpi_annual_pct,7.22606307415477
DZA,2021,ppp_conv_gdp_lcu_per_intl$,38.7630996704102
DZA,2021,unemployment_total_pct,13.63
DZA,2022,gdp_pc_ppp_const2021,14782.2002970247
DZA,2022,gdp_pc_ppp_current,15836.0944370321
DZA,2022,inflation_cpi_annual_pct,9.26551551551553
DZA,2022,ppp_conv_gdp_lcu_per_intl$,44.4767585864689
DZA,2022,unemployment_total_pct,12.346
DZA,2023,gdp_pc_ppp_const2021,15159.3242373415
DZA,2023,gdp_pc_ppp_current,16824.4879034627
DZA,2023,inflation_cpi_annual_pct,9.32217375928322
DZA,2023,ppp_conv_gdp_lcu_per_intl$,43.3618772475434
DZA,2023,unemployment_total_pct,11.701
DZA,2024,gdp_pc_ppp_const2021,15501.9197003966
DZA,2024,gdp_pc_ppp_current,17620.7423956126
DZA,2024,inflation_cpi_annual_pct,4.04611455313434
DZA,2024,ppp_conv_gdp_lcu_per_intl$,43.7670017603446
DZA,2024,unemployment_total_pct,11.427
EAR,2019,gdp_pc_ppp_const2021,10736.257704342
EAR,2019,gdp_pc_ppp_current,9940.08715518173
EAR,2019,inflation_cpi_annual_pct,2.76252019386111
EAR,2019,unemployment_total_pct,6.33471130423578
EAR,2020,gdp_pc_ppp_const2021,10191.9689254726
EAR,2020,gdp_pc_ppp_current,9683.17629056452
EAR,2020,inflation_cpi_annual_pct,2.96354992076065
EAR,2020,unemployment_total_pct,7.41080978209992
EAR,2021,gdp_pc_ppp_const2021,10831.8239677513
EAR,2021,gdp_pc_ppp_current,10813.1164187462
EAR,2021,inflation_cpi_annual_pct,4.12676744440695
EAR,2021,unemployment_total_pct,6.78633395860379
EAR,2022,gdp_pc_ppp_const2021,11378.5486537272
EAR,2022,gdp_pc_ppp_current,12293.3452570939
EAR,2022,inflation_cpi_annual_pct,7.19861615609867
EAR,2022,unemployment_total_pct,5.71415089065227
EAR,2023,gdp_pc_ppp_const2021,11835.7249251279
EAR,2023,gdp_pc_ppp_current,13244.3287229716
EAR,2023,inflation_cpi_annual_pct,5.88585897042164
EAR,2023,unemployment_total_pct,5.26002950548057
EAR,2024,gdp_pc_ppp_const2021,12188.0408691409
EAR,2024,gdp_pc_ppp_current,13961.0929705369
EAR,2024,inflation_cpi_annual_pct,3.29589662451998
EAR,2024,unemployment_total_pct,5.29873898579239
EAS,2019,gdp_pc_ppp_const2021,20360.1789601769
EAS,2019,gdp_pc_ppp_current,19051.2740202447
EAS,2019,inflation_cpi_annual_pct,1.70397863236257
EAS,2019,unemployment_total_pct,3.81471982611766
EAS,2020,gdp_pc_ppp_const2021,20267.2549941632
EAS,2020,gdp_pc_ppp_current,19381.2183978038
EAS,2020,inflation_cpi_annual_pct,0.846905537459305
EAS,2020,unemployment_total_pct,4.28969803870281
EAS,2021,gdp_pc_ppp_const2021,21508.4957629882
EAS,2021,gdp_pc_ppp_current,21508.4957629882
EAS,2021,inflation_cpi_annual_pct,2.47710241465447
EAS,2021,unemployment_total_pct,4.05434580285896
EAS,2022,gdp_pc_ppp_const2021,22175.197366634
EAS,2022,gdp_pc_ppp_current,23692.5595955932
EAS,2022,inflation_cpi_annual_pct,5.34595440908904
EAS,2022,unemployment_total_pct,4.08954331640933
EAS,2023,gdp_pc_ppp_const2021,23098.9334393628
EAS,2023,gdp_pc_ppp_current,25539.5282689935
EAS,2023,inflation_cpi_annual_pct,5.21536927681554
EAS,2023,unemployment_total_pct,3.8577137184564
EAS,2024,gdp_pc_ppp_const2021,24015.9380810406
EAS,2024,gdp_pc_ppp_current,27212.1652034798
EAS,2024,inflation_cpi_annual_pct,2.3556272611928
EAS,2024,unemployment_total_pct,3.78321987995003
ECS,2019,gdp_pc_ppp_const2021,41747.721932177
ECS,2019,gdp_pc_ppp_current,38545.9543396042
ECS,2019,inflation_cpi_annual_pct,1.76373586528842
ECS,2019,unemployment_total_pct,6.64351889327326
ECS,2020,gdp_pc_ppp_const2021,39677.3313087268
ECS,2020,gdp_pc_ppp_current,38031.3734966633
ECS,2020,inflation_cpi_annual_pct,1.19998396936028
ECS,2020,unemployment_total_pct,7.11145083106866
ECS,2021,gdp_pc_ppp_const2021,42315.3851508931
ECS,2021,gdp_pc_ppp_current,42315.3851508931
ECS,2021,inflation_cpi_annual_pct,3.19017771027094
ECS,2021,unemployment_total_pct,6.90930078593098
ECS,2022,gdp_pc_ppp_const2021,43405.8000185455
ECS,2022,gdp_pc_ppp_current,47156.3754640413
ECS,2022,inflation_cpi_annual_pct,11.1136121878761
ECS,2022,unemployment_total_pct,5.86004068753744
ECS,2023,gdp_pc_ppp_const2021,44089.5058897044
ECS,2023,gdp_pc_ppp_current,48948.3180843953
ECS,2023,inflation_cpi_annual_pct,7.120422120899
ECS,2023,unemployment_total_pct,5.58670763201265
ECS,2024,gdp_pc_ppp_const2021,44818.5383926424
ECS,2024,gdp_pc_ppp_current,51720.6321358474
ECS,2024,inflation_cpi_annual_pct,2.75760909424272
ECS,2024,unemployment_total_pct,5.36753794530394
ECU,2019,gdp_pc_ppp_const2021,13870.4895118068
ECU,2019,gdp_pc_ppp_current,12543.0148243925
ECU,2019,gini,45.7
ECU,2019,inflation_cpi_annual_pct,0.266012515466155
ECU,2019,ppp_conv_gdp_lcu_per_intl$,0.494702249765396
ECU,2019,unemployment_total_pct,3.812
ECU,2020,gdp_pc_ppp_const2021,12440.3263747814
ECU,2020,gdp_pc_ppp_current,11526.8013009278
ECU,2020,gini,47.3
ECU,2020,inflation_cpi_annual_pct,-0.338872392562139
ECU,2020,ppp_conv_gdp_lcu_per_intl$,0.473994910717011
ECU,2020,unemployment_total_pct,6.127
ECU,2021,gdp_pc_ppp_const2021,13507.4445638375
ECU,2021,gdp_pc_ppp_current,13507.4445638375
ECU,2021,gini,45.8
ECU,2021,inflation_cpi_annual_pct,0.133251386096389
ECU,2021,ppp_conv_gdp_lcu_per_intl$,0.448739469051361
ECU,2021,unemployment_total_pct,4.552
ECU,2022,gdp_pc_ppp_const2021,14186.6388544625
ECU,2022,gdp_pc_ppp_current,15198.0725554473
ECU,2022,gini,45.5
ECU,2022,inflation_cpi_annual_pct,3.46616972213077
ECU,2022,ppp_conv_gdp_lcu_per_intl$,0.428711289567312
ECU,2022,unemployment_total_pct,3.761
ECU,2023,gdp_pc_ppp_const2021,14343.0190134813
ECU,2023,gdp_pc_ppp_current,15918.5162948773
ECU,2023,gini,44.6
ECU,2023,inflation_cpi_annual_pct,2.21568764237058
ECU,2023,ppp_conv_gdp_lcu_per_intl$,0.42327107369703
ECU,2023,unemployment_total_pct,3.51
ECU,2024,gdp_pc_ppp_const2021,13935.5391125402
ECU,2024,gdp_pc_ppp_current,15840.2668567412
ECU,2024,gini,45.2
ECU,2024,inflation_cpi_annual_pct,1.54732515615369
ECU,2024,ppp_conv_gdp_lcu_per_intl$,0.434001889105821
ECU,2024,unemployment_total_pct,4.773
EGY,2019,gdp_pc_ppp_const2021,15026.5682438097
EGY,2019,gdp_pc_ppp_current,13363.732696323
EGY,2019,gini,31.9
EGY,2019,inflation_cpi_annual_pct,9.15279959324804
EGY,2019,ppp_conv_gdp_lcu_per_intl$,3.89337968826294
EGY,2019,unemployment_total_pct,7.851
EGY,2020,gdp_pc_ppp_const2021,15309.2359881702
EGY,2020,gdp_pc_ppp_current,15231.865417764
EGY,2020,inflation_cpi_annual_pct,5.04493288977539
EGY,2020,ppp_conv_gdp_lcu_per_intl$,3.69509267807007
EGY,2020,unemployment_total_pct,7.974
EGY,2021,gdp_pc_ppp_const2021,15579.0160861551
EGY,2021,gdp_pc_ppp_current,15579.0160861551
EGY,2021,gini,28.5
EGY,2021,inflation_cpi_annual_pct,5.21404940513043
EGY,2021,ppp_conv_gdp_lcu_per_intl$,3.8546199798584
EGY,2021,unemployment_total_pct,7.441
EGY,2022,gdp_pc_ppp_const2021,16360.3907750364
EGY,2022,gdp_pc_ppp_current,17526.8017030166
EGY,2022,inflation_cpi_annual_pct,13.8956609775178
EGY,2022,ppp_conv_gdp_lcu_per_intl$,3.97322427137653
EGY,2022,unemployment_total_pct,7.344
EGY,2023,gdp_pc_ppp_const2021,16691.387399222
EGY,2023,gdp_pc_ppp_current,18524.8392997937
EGY,2023,inflation_cpi_annual_pct,33.8847763115546
EGY,2023,ppp_conv_gdp_lcu_per_intl$,4.78631676438185
EGY,2023,unemployment_total_pct,7.334
EGY,2024,gdp_pc_ppp_const2021,16798.151577864
EGY,2024,gdp_pc_ppp_current,19094.1449444111
EGY,2024,inflation_cpi_annual_pct,28.2705899322083
EGY,2024,ppp_conv_gdp_lcu_per_intl$,6.24782044764882
EGY,2024,unemployment_total_pct,7.198
EMU,2019,gdp_pc_ppp_const2021,54379.9840955194
EMU,2019,gdp_pc_ppp_current,51240.6871660995
EMU,2019,unemployment_total_pct,7.51936142254261
EMU,2020,gdp_pc_ppp_const2021,50927.369326877
EMU,2020,gdp_pc_ppp_current,49691.2947272157
EMU,2020,unemployment_total_pct,7.82955559700518
EMU,2021,gdp_pc_ppp_const2021,54187.8842025351
EMU,2021,gdp_pc_ppp_current,54187.8842025351
EMU,2021,unemployment_total_pct,7.72235228907323
EMU,2022,gdp_pc_ppp_const2021,56046.7468587055
EMU,2022,gdp_pc_ppp_current,60007.0144781914
EMU,2022,unemployment_total_pct,6.75630041139587
EMU,2023,gdp_pc_ppp_const2021,56110.2549256596
EMU,2023,gdp_pc_ppp_current,61570.3881353903
EMU,2023,unemployment_total_pct,6.5647698836445
EMU,2024,gdp_pc_ppp_const2021,56432.310774926
EMU,2024,gdp_pc_ppp_current,64858.3741570398
EMU,2024,unemployment_total_pct,6.41456670355239
ERI,2019,ppp_conv_gdp_lcu_per_intl$,4.69091466303122
ERI,2019,unemployment_total_pct,5.552
ERI,2020,ppp_conv_gdp_lcu_per_intl$,5.01428809751443
ERI,2020,unemployment_total_pct,6.088
ERI,2021,ppp_conv_gdp_lcu_per_intl$,4.93847894668579
ERI,2021,unemployment_total_pct,6.177
ERI,2022,unemployment_total_pct,5.695
ERI,2023,unemployment_total_pct,5.586
ERI,2024,unemployment_total_pct,5.553
ESP,2019,gdp_pc_ppp_const2021,46896.4171141424
ESP,2019,gdp_pc_ppp_current,44042.757577336
ESP,2019,gini,34.3
ESP,2019,inflation_cpi_annual_pct,0.699518994458739
ESP,2019,ppp_conv_gdp_lcu_per_intl$,0.604131
ESP,2019,unemployment_total_pct,14.104
ESP,2020,gdp_pc_ppp_const2021,41553.4477945675
ESP,2020,gdp_pc_ppp_current,39327.8479269599
ESP,2020,gini,34.9
ESP,2020,inflation_cpi_annual_pct,-0.322753017299739
ESP,2020,ppp_conv_gdp_lcu_per_intl$,0.606275
ESP,2020,unemployment_total_pct,15.532
ESP,2021,gdp_pc_ppp_const2021,44251.6658222621
ESP,2021,gdp_pc_ppp_current,44251.6658222621
ESP,2021,gini,33.9
ESP,2021,inflation_cpi_annual_pct,3.0931351197642
ESP,2021,ppp_conv_gdp_lcu_per_intl$,0.58847
ESP,2021,unemployment_total_pct,14.781
ESP,2022,gdp_pc_ppp_const2021,46733.4809780536
ESP,2022,gdp_pc_ppp_current,50468.0966924829
ESP,2022,gini,33.6
ESP,2022,inflation_cpi_annual_pct,8.39057634118627
ESP,2022,ppp_conv_gdp_lcu_per_intl$,0.569575
ESP,2022,unemployment_total_pct,12.917
ESP,2023,gdp_pc_ppp_const2021,47322.5937004504
ESP,2023,gdp_pc_ppp_current,53224.8381970176
ESP,2023,gini,33.4
ESP,2023,inflation_cpi_annual_pct,3.53236133492433
ESP,2023,ppp_conv_gdp_lcu_per_intl$,0.5822
ESP,2023,unemployment_total_pct,12.179
ESP,2024,gdp_pc_ppp_const2021,48460.2914069661
ESP,2024,gdp_pc_ppp_current,56877.6411034322
ESP,2024,inflation_cpi_annual_pct,2.77417826534772
ESP,2024,ppp_conv_gdp_lcu_per_intl$,0.572856
ESP,2024,unemployment_total_pct,11.394
EST,2019,gdp_pc_ppp_const2021,42218.962853871
EST,2019,gdp_pc_ppp_current,40586.3784378888
EST,2019,gini,30.8
EST,2019,inflation_cpi_annual_pct,2.27725931243522
EST,2019,ppp_conv_gdp_lcu_per_intl$,0.52869
EST,2019,unemployment_total_pct,4.514
EST,2020,gdp_pc_ppp_const2021,40920.5270623015
EST,2020,gdp_pc_ppp_current,40672.1340402132
EST,2020,gini,30.7
EST,2020,inflation_cpi_annual_pct,-0.44453109767983
EST,2020,ppp_conv_gdp_lcu_per_intl$,0.515202
EST,2020,unemployment_total_pct,6.956
EST,2021,gdp_pc_ppp_const2021,44251.5374983455
EST,2021,gdp_pc_ppp_current,44251.5374983455
EST,2021,gini,31.8
EST,2021,inflation_cpi_annual_pct,4.65316673847473
EST,2021,ppp_conv_gdp_lcu_per_intl$,0.5341
EST,2021,unemployment_total_pct,6.178
EST,2022,gdp_pc_ppp_const2021,43128.6327713627
EST,2022,gdp_pc_ppp_current,47802.0073086125
EST,2022,gini,32.3
EST,2022,inflation_cpi_annual_pct,19.3982634080616
EST,2022,ppp_conv_gdp_lcu_per_intl$,0.565204
EST,2022,unemployment_total_pct,5.571
EST,2023,gdp_pc_ppp_const2021,41288.6165892158
EST,2023,gdp_pc_ppp_current,46790.2700170266
EST,2023,gini,30.7
EST,2023,inflation_cpi_annual_pct,9.15922507983982
EST,2023,ppp_conv_gdp_lcu_per_intl$,0.595604
EST,2023,unemployment_total_pct,6.378
EST,2024,gdp_pc_ppp_const2021,41189.6675300734
EST,2024,gdp_pc_ppp_current,49321.0450049538
EST,2024,inflation_cpi_annual_pct,3.52056053296586
EST,2024,ppp_conv_gdp_lcu_per_intl$,0.583732
EST,2024,unemployment_total_pct,7.828
ETH,2019,gdp_pc_ppp_const2021,2437.97046055952
ETH,2019,gdp_pc_ppp_current,2242.44488310464
ETH,2019,inflation_cpi_annual_pct,15.8096321719344
ETH,2019,ppp_conv_gdp_lcu_per_intl$,10.3675975799561
ETH,2019,unemployment_total_pct,2.917
ETH,2020,gdp_pc_ppp_const2021,2516.54907642544
ETH,2020,gdp_pc_ppp_current,2406.78938478669
ETH,2020,inflation_cpi_annual_pct,20.3563468559061
ETH,2020,ppp_conv_gdp_lcu_per_intl$,11.7911653518677
ETH,2020,unemployment_total_pct,3.994
ETH,2021,gdp_pc_ppp_const2021,2588.41310215884
ETH,2021,gdp_pc_ppp_current,2588.41310215884
ETH,2021,gini,31.1
ETH,2021,inflation_cpi_annual_pct,26.8395221557722
ETH,2021,ppp_conv_gdp_lcu_per_intl$,13.7311124801636
ETH,2021,unemployment_total_pct,3.935
ETH,2022,gdp_pc_ppp_const2021,2655.59276743729
ETH,2022,gdp_pc_ppp_current,2844.92274535753
ETH,2022,inflation_cpi_annual_pct,33.8898797100898
ETH,2022,ppp_conv_gdp_lcu_per_intl$,17.2606297149831
ETH,2022,unemployment_total_pct,3.409
ETH,2023,gdp_pc_ppp_const2021,2757.95923634026
ETH,2023,gdp_pc_ppp_current,3060.9050300376
ETH,2023,inflation_cpi_annual_pct,30.2188278135278
ETH,2023,ppp_conv_gdp_lcu_per_intl$,22.1447774881044
ETH,2023,unemployment_total_pct,3.402
ETH,2024,gdp_pc_ppp_const2021,2892.22220168264
ETH,2024,gdp_pc_ppp_current,3287.53492158893
ETH,2024,inflation_cpi_annual_pct,21.0377460577711
ETH,2024,ppp_conv_gdp_lcu_per_intl$,27.1439173234342
ETH,2024,unemployment_total_pct,3.398
FCS,2019,gdp_pc_ppp_const2021,6437.16415647199
FCS,2019,gdp_pc_ppp_current,5650.70882540215
FCS,2019,inflation_cpi_annual_pct,2.45280214062732
FCS,2019,unemployment_total_pct,5.87910736649221
FCS,2020,gdp_pc_ppp_const2021,5928.77681090957
FCS,2020,gdp_pc_ppp_current,5457.88046784717
FCS,2020,inflation_cpi_annual_pct,2.8981937602627
FCS,2020,unemployment_total_pct,6.65180755643263
FCS,2021,gdp_pc_ppp_const2021,5861.94542901286
FCS,2021,gdp_pc_ppp_current,5760.78191095204
FCS,2021,inflation_cpi_annual_pct,4.25936417542868
FCS,2021,unemployment_total_pct,6.77761944075494
FCS,2022,gdp_pc_ppp_const2021,5693.99860611589
FCS,2022,gdp_pc_ppp_current,5994.67753109439
FCS,2022,inflation_cpi_annual_pct,9.39075933985203
FCS,2022,unemployment_total_pct,5.60917621194441
FCS,2023,gdp_pc_ppp_const2021,5715.72946707477
FCS,2023,gdp_pc_ppp_current,6234.09052638352
FCS,2023,inflation_cpi_annual_pct,7.11459205344455
FCS,2023,unemployment_total_pct,5.20087833966654
FCS,2024,gdp_pc_ppp_const2021,5724.43886654967
FCS,2024,gdp_pc_ppp_current,6394.56591330945
FCS,2024,inflation_cpi_annual_pct,4.4275764904982
FCS,2024,unemployment_total_pct,5.02124845086415
FIN,2019,gdp_pc_ppp_const2021,56922.4873163103
FIN,2019,gdp_pc_ppp_current,52276.1115723992
FIN,2019,gini,27.7
FIN,2019,inflation_cpi_annual_pct,1.02409392963431
FIN,2019,ppp_conv_gdp_lcu_per_intl$,0.826328
FIN,2019,unemployment_total_pct,6.695
FIN,2020,gdp_pc_ppp_const2021,55424.8574989208
FIN,2020,gdp_pc_ppp_current,53296.5792798852
FIN,2020,gini,27.1
FIN,2020,inflation_cpi_annual_pct,0.290554555653239
FIN,2020,ppp_conv_gdp_lcu_per_intl$,0.802112
FIN,2020,unemployment_total_pct,7.759
FIN,2021,gdp_pc_ppp_const2021,56790.3766177692
FIN,2021,gdp_pc_ppp_current,56790.3766177692
FIN,2021,gini,27.7
FIN,2021,inflation_cpi_annual_pct,2.19457432340007
FIN,2021,ppp_conv_gdp_lcu_per_intl$,0.790539
FIN,2021,unemployment_total_pct,7.617
FIN,2022,gdp_pc_ppp_const2021,57068.3056478074
FIN,2022,gdp_pc_ppp_current,61347.1578483192
FIN,2022,gini,27.9
FIN,2022,inflation_cpi_annual_pct,7.12350773301402
FIN,2022,ppp_conv_gdp_lcu_per_intl$,0.780795
FIN,2022,unemployment_total_pct,6.719
FIN,2023,gdp_pc_ppp_const2021,56250.8787899319
FIN,2023,gdp_pc_ppp_current,61612.9423925582
FIN,2023,gini,27.4
FIN,2023,inflation_cpi_annual_pct,6.25064322154763
FIN,2023,ppp_conv_gdp_lcu_per_intl$,0.792876
FIN,2023,unemployment_total_pct,7.151
FIN,2024,gdp_pc_ppp_const2021,56123.1479579839
FIN,2024,gdp_pc_ppp_current,64288.5540142016
FIN,2024,inflation_cpi_annual_pct,1.56568906231616
FIN,2024,ppp_conv_gdp_lcu_per_intl$,0.766726
FIN,2024,unemployment_total_pct,8.26
FJI,2019,gdp_pc_ppp_const2021,13056.3310937089
FJI,2019,gdp_pc_ppp_current,12978.0990352704
FJI,2019,gini,30.7
FJI,2019,inflation_cpi_annual_pct,1.77310182460266
FJI,2019,ppp_conv_gdp_lcu_per_intl$,0.972497940063477
FJI,2019,unemployment_total_pct,4.373
FJI,2020,gdp_pc_ppp_const2021,10812.0355014178
FJI,2020,gdp_pc_ppp_current,10716.2914367663
FJI,2020,inflation_cpi_annual_pct,-2.59524325887372
FJI,2020,ppp_conv_gdp_lcu_per_intl$,0.935144364833832
FJI,2020,unemployment_total_pct,4.649
FJI,2021,gdp_pc_ppp_const2021,10322.4279638854
FJI,2021,gdp_pc_ppp_current,10322.4279638854
FJI,2021,inflation_cpi_annual_pct,0.155855722131516
FJI,2021,ppp_conv_gdp_lcu_per_intl$,0.910048425197601
FJI,2021,unemployment_total_pct,4.701
FJI,2022,gdp_pc_ppp_const2021,12118.3182710082
FJI,2022,gdp_pc_ppp_current,12982.2914519919
FJI,2022,inflation_cpi_annual_pct,4.32011856243056
FJI,2022,ppp_conv_gdp_lcu_per_intl$,0.9180724172486
FJI,2022,unemployment_total_pct,4.446
FJI,2023,gdp_pc_ppp_const2021,13194.8047570404
FJI,2023,gdp_pc_ppp_current,14644.1773754361
FJI,2023,inflation_cpi_annual_pct,2.34408296633042
FJI,2023,ppp_conv_gdp_lcu_per_intl$,0.910580610146292
FJI,2023,unemployment_total_pct,4.322
FJI,2024,gdp_pc_ppp_const2021,13592.4635937435
FJI,2024,gdp_pc_ppp_current,15450.2993265388
FJI,2024,inflation_cpi_annual_pct,4.51138256524155
FJI,2024,ppp_conv_gdp_lcu_per_intl$,0.943380395118387
FJI,2024,unemployment_total_pct,4.307
FRA,2019,gdp_pc_ppp_const2021,53448.5548849943
FRA,2019,gdp_pc_ppp_current,51130.4723140578
FRA,2019,gini,31.2
FRA,2019,inflation_cpi_annual_pct,1.10825492288294
FRA,2019,ppp_conv_gdp_lcu_per_intl$,0.705954
FRA,2019,unemployment_total_pct,8.415
FRA,2020,gdp_pc_ppp_const2021,49311.333409639
FRA,2020,gdp_pc_ppp_current,49481.8044309655
FRA,2020,gini,30.7
FRA,2020,inflation_cpi_annual_pct,0.476498852725066
FRA,2020,ppp_conv_gdp_lcu_per_intl$,0.693052
FRA,2020,unemployment_total_pct,8.009
FRA,2021,gdp_pc_ppp_const2021,52517.3354905855
FRA,2021,gdp_pc_ppp_current,52517.3354905855
FRA,2021,gini,31.5
FRA,2021,inflation_cpi_annual_pct,1.64233141038385
FRA,2021,ppp_conv_gdp_lcu_per_intl$,0.703945
FRA,2021,unemployment_total_pct,7.874
FRA,2022,gdp_pc_ppp_const2021,53673.8137406422
FRA,2022,gdp_pc_ppp_current,56082.5908377817
FRA,2022,gini,31.2
FRA,2022,inflation_cpi_annual_pct,5.22236748369735
FRA,2022,ppp_conv_gdp_lcu_per_intl$,0.69442
FRA,2022,unemployment_total_pct,7.308
FRA,2023,gdp_pc_ppp_const2021,54296.7230897731
FRA,2023,gdp_pc_ppp_current,58245.4991122357
FRA,2023,gini,31.8
FRA,2023,inflation_cpi_annual_pct,4.87835726508441
FRA,2023,ppp_conv_gdp_lcu_per_intl$,0.708736
FRA,2023,unemployment_total_pct,7.335
FRA,2024,gdp_pc_ppp_const2021,54799.3482689389
FRA,2024,gdp_pc_ppp_current,61290.4238254531
FRA,2024,inflation_cpi_annual_pct,1.99904942291463
FRA,2024,ppp_conv_gdp_lcu_per_intl$,0.695316
FRA,2024,unemployment_total_pct,7.37
FRO,2019,gdp_pc_ppp_const2021,68134.0306302109
FRO,2019,gdp_pc_ppp_current,62223.4430514345
FRO,2019,ppp_conv_gdp_lcu_per_intl$,6.76000199752143
FRO,2020,gdp_pc_ppp_const2021,66032.9109106183
FRO,2020,gdp_pc_ppp_current,61650.8512256806
FRO,2020,ppp_conv_gdp_lcu_per_intl$,6.60500877907687
FRO,2021,gdp_pc_ppp_const2021,68426.7943218898
FRO,2021,gdp_pc_ppp_current,68426.7943218898
FRO,2021,ppp_conv_gdp_lcu_per_intl$,6.37792730331421
FRO,2022,gdp_pc_ppp_const2021,70256.7191950519
FRO,2022,gdp_pc_ppp_current,75265.6585388594
FRO,2022,ppp_conv_gdp_lcu_per_intl$,6.30452230225376
FRO,2023,gdp_pc_ppp_const2021,71807.3137035442
FRO,2023,gdp_pc_ppp_current,79694.929791758
FRO,2023,ppp_conv_gdp_lcu_per_intl$,6.26470085823959
FRO,2024,gdp_pc_ppp_const2021,72059.580327154
FRO,2024,gdp_pc_ppp_current,81908.7781785018
FRO,2024,ppp_conv_gdp_lcu_per_intl$,6.23885052437826
FSM,2019,gdp_pc_ppp_const2021,3940.26446989917
FSM,2019,gdp_pc_ppp_current,3718.79208432919
FSM,2019,inflation_cpi_annual_pct,1.92385170787923
FSM,2019,ppp_conv_gdp_lcu_per_intl$,0.960704202280424
FSM,2020,gdp_pc_ppp_const2021,3852.20025570019
FSM,2020,gdp_pc_ppp_current,3683.98981483674
FSM,2020,inflation_cpi_annual_pct,0.554594630853174
FSM,2020,ppp_conv_gdp_lcu_per_intl$,0.91260513470074
FSM,2021,gdp_pc_ppp_const2021,3946.41608109166
FSM,2021,gdp_pc_ppp_current,3946.41608109166
FSM,2021,inflation_cpi_annual_pct,3.19128406597466
FSM,2021,ppp_conv_gdp_lcu_per_intl$,0.888964333686323
FSM,2022,gdp_pc_ppp_const2021,3814.99076486823
FSM,2022,gdp_pc_ppp_current,4086.9798010394
FSM,2022,inflation_cpi_annual_pct,5.40874375479067
FSM,2022,ppp_conv_gdp_lcu_per_intl$,0.90779125337834
FSM,2023,gdp_pc_ppp_const2021,3814.72009332148
FSM,2023,gdp_pc_ppp_current,4233.74492558769
FSM,2023,ppp_conv_gdp_lcu_per_intl$,0.925809926672543
FSM,2024,gdp_pc_ppp_const2021,3824.1523439548
FSM,2024,gdp_pc_ppp_current,4346.84249671875
FSM,2024,ppp_conv_gdp_lcu_per_intl$,0.958397910812363
GAB,2019,gdp_pc_ppp_const2021,19491.4067631986
GAB,2019,gdp_pc_ppp_current,15949.6373739622
GAB,2019,inflation_cpi_annual_pct,2.46456756151187
GAB,2019,ppp_conv_gdp_lcu_per_intl$,273.352203369141
GAB,2019,unemployment_total_pct,20.358
GAB,2020,gdp_pc_ppp_const2021,18681.4840738985
GAB,2020,gdp_pc_ppp_current,14477.1308291744
GAB,2020,inflation_cpi_annual_pct,1.35276110675333
GAB,2020,ppp_conv_gdp_lcu_per_intl$,262.635467529297
GAB,2020,unemployment_total_pct,21.27
GAB,2021,gdp_pc_ppp_const2021,18523.5798032193
GAB,2021,gdp_pc_ppp_current,18523.5798032193
GAB,2021,inflation_cpi_annual_pct,1.0869074651941
GAB,2021,ppp_conv_gdp_lcu_per_intl$,244.922546386719
GAB,2021,unemployment_total_pct,21.218
GAB,2022,gdp_pc_ppp_const2021,18662.0497970621
GAB,2022,gdp_pc_ppp_current,19992.5570643468
GAB,2022,inflation_cpi_annual_pct,4.23124798274579
GAB,2022,ppp_conv_gdp_lcu_per_intl$,262.363872997084
GAB,2022,unemployment_total_pct,20.399
GAB,2023,gdp_pc_ppp_const2021,18701.4227766897
GAB,2023,gdp_pc_ppp_current,20755.665381766
GAB,2023,inflation_cpi_annual_pct,3.62901534185376
GAB,2023,ppp_conv_gdp_lcu_per_intl$,228.032063427604
GAB,2023,unemployment_total_pct,20.278
GAB,2024,gdp_pc_ppp_const2021,18923.6616611651
GAB,2024,gdp_pc_ppp_current,21510.1725307344
GAB,2024,inflation_cpi_annual_pct,1.17311998381218
GAB,2024,ppp_conv_gdp_lcu_per_intl$,231.994789334726
GAB,2024,unemployment_total_pct,20.061
GBR,2019,gdp_pc_ppp_const2021,52515.684446109
GBR,2019,gdp_pc_ppp_current,50064.9605582187
GBR,2019,gini,32.8
GBR,2019,inflation_cpi_annual_pct,1.73810460086513
GBR,2019,ppp_conv_gdp_lcu_per_intl$,0.669665
GBR,2019,unemployment_total_pct,3.613
GBR,2020,gdp_pc_ppp_const2021,47158.985486323
GBR,2020,gdp_pc_ppp_current,48230.0477027461
GBR,2020,gini,32.6
GBR,2020,inflation_cpi_annual_pct,0.989486703772491
GBR,2020,ppp_conv_gdp_lcu_per_intl$,0.653446
GBR,2020,unemployment_total_pct,4.472
GBR,2021,gdp_pc_ppp_const2021,51004.4271714238
GBR,2021,gdp_pc_ppp_current,51004.4271714238
GBR,2021,gini,32.4
GBR,2021,inflation_cpi_annual_pct,2.51837109614213
GBR,2021,ppp_conv_gdp_lcu_per_intl$,0.668934
GBR,2021,unemployment_total_pct,4.826
GBR,2022,gdp_pc_ppp_const2021,53139.151252206
GBR,2022,gdp_pc_ppp_current,58544.4695425536
GBR,2022,inflation_cpi_annual_pct,7.92204883147902
GBR,2022,ppp_conv_gdp_lcu_per_intl$,0.638335
GBR,2022,unemployment_total_pct,3.73
GBR,2023,gdp_pc_ppp_const2021,52592.6822066393
GBR,2023,gdp_pc_ppp_current,57915.4940036535
GBR,2023,inflation_cpi_annual_pct,6.79396706793963
GBR,2023,ppp_conv_gdp_lcu_per_intl$,0.683478
GBR,2023,unemployment_total_pct,3.984
GBR,2024,gdp_pc_ppp_const2021,52621.1790252979
GBR,2024,gdp_pc_ppp_current,60620.3807747583
GBR,2024,inflation_cpi_annual_pct,3.2715729463592
GBR,2024,ppp_conv_gdp_lcu_per_intl$,0.679372
GBR,2024,unemployment_total_pct,4.111
GEO,2019,gdp_pc_ppp_const2021,18186.8816465807
GEO,2019,gdp_pc_ppp_current,16770.1333771469
GEO,2019,gini,35.9
GEO,2019,inflation_cpi_annual_pct,4.85289821696723
GEO,2019,ppp_conv_gdp_lcu_per_intl$,0.797049462795258
GEO,2019,unemployment_total_pct,11.565
GEO,2020,gdp_pc_ppp_const2021,17031.1440283426
GEO,2020,gdp_pc_ppp_current,16791.2598654465
GEO,2020,gini,34.5
GEO,2020,inflation_cpi_annual_pct,5.2024648897534
GEO,2020,ppp_conv_gdp_lcu_per_intl$,0.796508133411407
GEO,2020,unemployment_total_pct,11.73
GEO,2021,gdp_pc_ppp_const2021,18915.6534005263
GEO,2021,gdp_pc_ppp_current,18915.6534005263
GEO,2021,gini,34.2
GEO,2021,inflation_cpi_annual_pct,9.56691433824769
GEO,2021,ppp_conv_gdp_lcu_per_intl$,0.865621149539948
GEO,2021,unemployment_total_pct,11.791
GEO,2022,gdp_pc_ppp_const2021,20966.5280391134
GEO,2022,gdp_pc_ppp_current,22461.3326414547
GEO,2022,gini,33.5
GEO,2022,inflation_cpi_annual_pct,11.8981654203198
GEO,2022,ppp_conv_gdp_lcu_per_intl$,0.873749521729889
GEO,2022,unemployment_total_pct,11.647
GEO,2023,gdp_pc_ppp_const2021,22590.5293649146
GEO,2023,gdp_pc_ppp_current,25071.9677264107
GEO,2023,gini,34.8
GEO,2023,inflation_cpi_annual_pct,2.48776056578715
GEO,2023,ppp_conv_gdp_lcu_per_intl$,0.868264956239459
GEO,2023,unemployment_total_pct,11.537
GEO,2024,gdp_pc_ppp_const2021,24883.9081161639
GEO,2024,gdp_pc_ppp_current,28285.0732802982
GEO,2024,gini,33.9
GEO,2024,inflation_cpi_annual_pct,1.10971758022096
GEO,2024,ppp_conv_gdp_lcu_per_intl$,0.888955306771079
GEO,2024,unemployment_total_pct,11.48
GHA,2019,gdp_pc_ppp_const2021,6508.24652305901
GHA,2019,gdp_pc_ppp_current,6002.55044678386
GHA,2019,inflation_cpi_annual_pct,7.14364003330857
GHA,2019,ppp_conv_gdp_lcu_per_intl$,1.90021753311157
GHA,2019,unemployment_total_pct,3.16
GHA,2020,gdp_pc_ppp_const2021,6412.68541762469
GHA,2020,gdp_pc_ppp_current,6047.30111673554
GHA,2020,inflation_cpi_annual_pct,9.88728956269944
GHA,2020,ppp_conv_gdp_lcu_per_intl$,2.03251671791077
GHA,2020,unemployment_total_pct,3.313
GHA,2021,gdp_pc_ppp_const2021,6607.50297378321
GHA,2021,gdp_pc_ppp_current,6607.50297378321
GHA,2021,inflation_cpi_annual_pct,9.9710886750444
GHA,2021,ppp_conv_gdp_lcu_per_intl$,2.14874577522278
GHA,2021,unemployment_total_pct,3.384
GHA,2022,gdp_pc_ppp_const2021,6728.45414012286
GHA,2022,gdp_pc_ppp_current,7208.15798982723
GHA,2022,inflation_cpi_annual_pct,31.2558951049016
GHA,2022,ppp_conv_gdp_lcu_per_intl$,2.57104349768103
GHA,2022,unemployment_total_pct,3.084
GHA,2023,gdp_pc_ppp_const2021,6808.53775165029
GHA,2023,gdp_pc_ppp_current,7556.41605453234
GHA,2023,inflation_cpi_annual_pct,38.1069656296501
GHA,2023,ppp_conv_gdp_lcu_per_intl$,3.4770626911624
GHA,2023,unemployment_total_pct,3.063
GHA,2024,gdp_pc_ppp_const2021,7055.62496009323
GHA,2024,gdp_pc_ppp_current,8019.99702389611
GHA,2024,inflation_cpi_annual_pct,22.8483281157842
GHA,2024,ppp_conv_gdp_lcu_per_intl$,4.23340273263268
GHA,2024,unemployment_total_pct,3.007
GIN,2019,gdp_pc_ppp_const2021,3557.46233883145
GIN,2019,gdp_pc_ppp_current,3105.82789015443
GIN,2019,inflation_cpi_annual_pct,9.47001039253012
GIN,2019,ppp_conv_gdp_lcu_per_intl$,3049.65771484375
GIN,2019,unemployment_total_pct,5.018
GIN,2020,gdp_pc_ppp_const2021,3630.99330577677
GIN,2020,gdp_pc_ppp_current,3331.85663003801
GIN,2020,inflation_cpi_annual_pct,10.6016203387167
GIN,2020,ppp_conv_gdp_lcu_per_intl$,3024.84619140625
GIN,2020,unemployment_total_pct,6.018
GIN,2021,gdp_pc_ppp_const2021,3738.8051255133
GIN,2021,gdp_pc_ppp_current,3738.8051255133
GIN,2021,inflation_cpi_annual_pct,12.5972882566934
GIN,2021,ppp_conv_gdp_lcu_per_intl$,3108.34375
GIN,2021,unemployment_total_pct,5.827
GIN,2022,gdp_pc_ppp_const2021,3792.01068836277
GIN,2022,gdp_pc_ppp_current,4062.36136437922
GIN,2022,inflation_cpi_annual_pct,10.4930409984424
GIN,2022,ppp_conv_gdp_lcu_per_intl$,2982.88658358635
GIN,2022,unemployment_total_pct,5.267
GIN,2023,gdp_pc_ppp_const2021,3904.82395527998
GIN,2023,gdp_pc_ppp_current,4333.74617312626
GIN,2023,inflation_cpi_annual_pct,7.80497591927973
GIN,2023,ppp_conv_gdp_lcu_per_intl$,3054.69908120771
GIN,2023,unemployment_total_pct,5.244
GIN,2024,gdp_pc_ppp_const2021,4016.34191386072
GIN,2024,gdp_pc_ppp_current,4565.3007888456
GIN,2024,inflation_cpi_annual_pct,8.12313914948596
GIN,2024,ppp_conv_gdp_lcu_per_intl$,3185.82499261202
GIN,2024,unemployment_total_pct,5.23
GMB,2019,gdp_pc_ppp_const2021,2750.82132179634
GMB,2019,gdp_pc_ppp_current,2421.72318070615
GMB,2019,inflation_cpi_annual_pct,7.11567625631192
GMB,2019,ppp_conv_gdp_lcu_per_intl$,15.2599792480469
GMB,2019,unemployment_total_pct,4.538
GMB,2020,gdp_pc_ppp_const2021,2702.31919474482
GMB,2020,gdp_pc_ppp_current,2530.80414937307
GMB,2020,gini,38.8
GMB,2020,inflation_cpi_annual_pct,5.93127636562441
GMB,2020,ppp_conv_gdp_lcu_per_intl$,14.6587619781494
GMB,2020,unemployment_total_pct,5.892
GMB,2021,gdp_pc_ppp_const2021,2777.79620978324
GMB,2021,gdp_pc_ppp_current,2777.79620978324
GMB,2021,inflation_cpi_annual_pct,7.37034758876618
GMB,2021,ppp_conv_gdp_lcu_per_intl$,14.7418222427368
GMB,2021,unemployment_total_pct,6.269
GMB,2022,gdp_pc_ppp_const2021,2863.18049829859
GMB,2022,gdp_pc_ppp_current,3067.31040374628
GMB,2022,inflation_cpi_annual_pct,11.5131198380505
GMB,2022,ppp_conv_gdp_lcu_per_intl$,14.9740479995104
GMB,2022,unemployment_total_pct,6.076
GMB,2023,gdp_pc_ppp_const2021,2963.59873325179
GMB,2023,gdp_pc_ppp_current,3289.13283057107
GMB,2023,inflation_cpi_annual_pct,16.9742129632327
GMB,2023,ppp_conv_gdp_lcu_per_intl$,16.4369011605587
GMB,2023,unemployment_total_pct,6.479
GMB,2024,gdp_pc_ppp_const2021,3057.68417746891
GMB,2024,gdp_pc_ppp_current,3475.61245701341
GMB,2024,inflation_cpi_annual_pct,11.5610532897511
GMB,2024,ppp_conv_gdp_lcu_per_intl$,16.9791581265962
GMB,2024,unemployment_total_pct,6.496
GNB,2019,gdp_pc_ppp_const2021,2442.10663731324
GNB,2019,gdp_pc_ppp_current,2247.31303739185
GNB,2019,inflation_cpi_annual_pct,0.24660026814783
GNB,2019,ppp_conv_gdp_lcu_per_intl$,211.497299194336
GNB,2019,unemployment_total_pct,2.413
GNB,2020,gdp_pc_ppp_const2021,2455.85606168546
GNB,2020,gdp_pc_ppp_current,2339.79326967821
GNB,2020,inflation_cpi_annual_pct,1.14000939393222
GNB,2020,ppp_conv_gdp_lcu_per_intl$,208.34016418457
GNB,2020,unemployment_total_pct,2.89
GNB,2021,gdp_pc_ppp_const2021,2522.76764302521
GNB,2021,gdp_pc_ppp_current,2522.76764302521
GNB,2021,gini,33.4
GNB,2021,inflation_cpi_annual_pct,2.24248879577658
GNB,2021,ppp_conv_gdp_lcu_per_intl$,203.716125488281
GNB,2021,unemployment_total_pct,3.031
GNB,2022,gdp_pc_ppp_const2021,2603.24022588591
GNB,2022,gdp_pc_ppp_current,2788.83773937954
GNB,2022,inflation_cpi_annual_pct,9.39075933985203
GNB,2022,ppp_conv_gdp_lcu_per_intl$,197.538931140598
GNB,2022,unemployment_total_pct,2.666
GNB,2023,gdp_pc_ppp_const2021,2693.77665018683
GNB,2023,gdp_pc_ppp_current,2989.67235980477
GNB,2023,inflation_cpi_annual_pct,7.10220928557059
GNB,2023,ppp_conv_gdp_lcu_per_intl$,200.471540046865
GNB,2023,unemployment_total_pct,2.65
GNB,2024,gdp_pc_ppp_const2021,2744.27981043716
GNB,2024,gdp_pc_ppp_current,3119.37157047437
GNB,2024,inflation_cpi_annual_pct,3.76555825770114
GNB,2024,ppp_conv_gdp_lcu_per_intl$,195.885394476863
GNB,2024,unemployment_total_pct,2.622
GNQ,2019,gdp_pc_ppp_const2021,18446.5916579681
GNQ,2019,gdp_pc_ppp_current,16451.3641478324
GNQ,2019,inflation_cpi_annual_pct,1.53027528964189
GNQ,2019,ppp_conv_gdp_lcu_per_intl$,242.327987670898
GNQ,2019,unemployment_total_pct,8.064
GNQ,2020,gdp_pc_ppp_const2021,17089.153726379
GNQ,2020,gdp_pc_ppp_current,13677.110587517
GNQ,2020,inflation_cpi_annual_pct,4.76669523944228
GNQ,2020,ppp_conv_gdp_lcu_per_intl$,242.573852539063
GNQ,2020,unemployment_total_pct,8.781
GNQ,2021,gdp_pc_ppp_const2021,16821.4486470413
GNQ,2021,gdp_pc_ppp_current,16821.4486470413
GNQ,2021,inflation_cpi_annual_pct,-0.0971007664640198
GNQ,2021,ppp_conv_gdp_lcu_per_intl$,228.967514038086
GNQ,2021,unemployment_total_pct,8.976
GNQ,2022,gdp_pc_ppp_const2021,16932.7706827155
GNQ,2022,gdp_pc_ppp_current,18139.989326627
GNQ,2022,gini,38.5
GNQ,2022,inflation_cpi_annual_pct,4.78671704710803
GNQ,2022,ppp_conv_gdp_lcu_per_intl$,260.964832706349
GNQ,2022,unemployment_total_pct,8.455
GNQ,2023,gdp_pc_ppp_const2021,15688.2384192658
GNQ,2023,gdp_pc_ppp_current,17411.500234384
GNQ,2023,inflation_cpi_annual_pct,2.85949506037322
GNQ,2023,ppp_conv_gdp_lcu_per_intl$,232.63632887043
GNQ,2023,unemployment_total_pct,8.367
GNQ,2024,gdp_pc_ppp_const2021,15454.428493564
GNQ,2024,gdp_pc_ppp_current,17566.7600284073
GNQ,2024,inflation_cpi_annual_pct,2.92140227309103
GNQ,2024,ppp_conv_gdp_lcu_per_intl$,232.828458225939
GNQ,2024,unemployment_total_pct,7.823
GRC,2019,gdp_pc_ppp_const2021,33502.7506488997
GRC,2019,gdp_pc_ppp_current,31927.3792151369
GRC,2019,gini,33.1
GRC,2019,inflation_cpi_annual_pct,0.253007522038157
GRC,2019,ppp_conv_gdp_lcu_per_intl$,0.540972
GRC,2019,unemployment_total_pct,17.045
GRC,2020,gdp_pc_ppp_const2021,30487.1129331045
GRC,2020,gdp_pc_ppp_current,29533.087740299
GRC,2020,gini,33.6
GRC,2020,inflation_cpi_annual_pct,-1.24798355581405
GRC,2020,ppp_conv_gdp_lcu_per_intl$,0.530251
GRC,2020,unemployment_total_pct,15.899
GRC,2021,gdp_pc_ppp_const2021,33531.15511226
GRC,2021,gdp_pc_ppp_current,33531.15511226
GRC,2021,gini,32.9
GRC,2021,inflation_cpi_annual_pct,1.22382501019854
GRC,2021,ppp_conv_gdp_lcu_per_intl$,0.520812
GRC,2021,unemployment_total_pct,14.656
GRC,2022,gdp_pc_ppp_const2021,35831.3441781205
GRC,2022,gdp_pc_ppp_current,38969.0221675373
GRC,2022,gini,33.4
GRC,2022,inflation_cpi_annual_pct,9.64525981280632
GRC,2022,ppp_conv_gdp_lcu_per_intl$,0.511056
GRC,2022,unemployment_total_pct,12.426
GRC,2023,gdp_pc_ppp_const2021,36700.5134631055
GRC,2023,gdp_pc_ppp_current,41175.0150079318
GRC,2023,gini,33.4
GRC,2023,inflation_cpi_annual_pct,3.46480128513405
GRC,2023,ppp_conv_gdp_lcu_per_intl$,0.525519
GRC,2023,unemployment_total_pct,11.066
GRC,2024,gdp_pc_ppp_const2021,37474.2798239947
GRC,2024,gdp_pc_ppp_current,44005.1289320493
GRC,2024,inflation_cpi_annual_pct,2.74149045788606
GRC,2024,ppp_conv_gdp_lcu_per_intl$,0.518856
GRC,2024,unemployment_total_pct,10.133
GRD,2019,gdp_pc_ppp_const2021,17036.9151689715
GRD,2019,gdp_pc_ppp_current,16446.1138871871
GRD,2019,inflation_cpi_annual_pct,0.598149764736022
GRD,2019,ppp_conv_gdp_lcu_per_intl$,1.71770310401917
GRD,2020,gdp_pc_ppp_const2021,14647.7451384876
GRD,2020,gdp_pc_ppp_current,14361.1267154452
GRD,2020,inflation_cpi_annual_pct,-0.740732597045498
GRD,2020,ppp_conv_gdp_lcu_per_intl$,1.68615663051605
GRD,2021,gdp_pc_ppp_const2021,15290.250903138
GRD,2021,gdp_pc_ppp_current,15290.250903138
GRD,2021,inflation_cpi_annual_pct,1.21951193916838
GRD,2021,ppp_conv_gdp_lcu_per_intl$,1.69825077056885
GRD,2022,gdp_pc_ppp_const2021,16376.4273099594
GRD,2022,gdp_pc_ppp_current,17543.9815596266
GRD,2022,inflation_cpi_annual_pct,2.5805392590792
GRD,2022,ppp_conv_gdp_lcu_per_intl$,1.61122741707173
GRD,2023,gdp_pc_ppp_const2021,17093.1562867447
GRD,2023,gdp_pc_ppp_current,18970.740164653
GRD,2023,inflation_cpi_annual_pct,2.69612269814564
GRD,2023,ppp_conv_gdp_lcu_per_intl$,1.62455923117023
GRD,2024,gdp_pc_ppp_const2021,17751.5098662481
GRD,2024,gdp_pc_ppp_current,20177.8094927386
GRD,2024,inflation_cpi_annual_pct,1.08615365134737
GRD,2024,ppp_conv_gdp_lcu_per_intl$,1.56626237427165
GRL,2019,gdp_pc_ppp_const2021,68534.9419039133
GRL,2019,gdp_pc_ppp_current,64264.0564607393
GRL,2019,ppp_conv_gdp_lcu_per_intl$,5.53253136418962
GRL,2020,gdp_pc_ppp_const2021,68533.7339902964
GRL,2020,gdp_pc_ppp_current,64999.4435683064
GRL,2020,ppp_conv_gdp_lcu_per_intl$,5.51685943709696
GRL,2021,gdp_pc_ppp_const2021,69302.0088788237
GRL,2021,gdp_pc_ppp_current,69302.0088788237
GRL,2021,ppp_conv_gdp_lcu_per_intl$,5.2741265296936
GRL,2022,gdp_pc_ppp_const2021,70681.2253902158
GRL,2022,gdp_pc_ppp_current,75720.4298219323
GRL,2022,ppp_conv_gdp_lcu_per_intl$,5.19914799795889
GRL,2023,gdp_pc_ppp_const2021,71037.5372239623
GRL,2023,gdp_pc_ppp_current,78840.5978395988
GRL,2023,ppp_conv_gdp_lcu_per_intl$,5.11209384052967
GTM,2019,gdp_pc_ppp_const2021,11466.3765822795
GTM,2019,gdp_pc_ppp_current,10755.8801029589
GTM,2019,inflation_cpi_annual_pct,3.69998398008605
GTM,2019,ppp_conv_gdp_lcu_per_intl$,3.22869804185546
GTM,2019,unemployment_total_pct,2.193
GTM,2020,gdp_pc_ppp_const2021,11097.15041153
GTM,2020,gdp_pc_ppp_current,10947.3711292197
GTM,2020,inflation_cpi_annual_pct,3.21444062197345
GTM,2020,ppp_conv_gdp_lcu_per_intl$,3.15825575504794
GTM,2020,unemployment_total_pct,2.955
GTM,2021,gdp_pc_ppp_const2021,11825.141273764
GTM,2021,gdp_pc_ppp_current,11825.141273764
GTM,2021,inflation_cpi_annual_pct,4.26105127422813
GTM,2021,ppp_conv_gdp_lcu_per_intl$,3.21316480636597
GTM,2021,unemployment_total_pct,2.174
GTM,2022,gdp_pc_ppp_const2021,12147.9309684074
GTM,2022,gdp_pc_ppp_current,13014.0153809826
GTM,2022,inflation_cpi_annual_pct,6.88512823344287
GTM,2022,ppp_conv_gdp_lcu_per_intl$,3.19044707354788
GTM,2022,unemployment_total_pct,3.051
GTM,2023,gdp_pc_ppp_const2021,12384.948508094
GTM,2023,gdp_pc_ppp_current,13745.3631241794
GTM,2023,gini,45.2
GTM,2023,inflation_cpi_annual_pct,6.20657592272126
GTM,2023,ppp_conv_gdp_lcu_per_intl$,3.28103897333583
GTM,2023,unemployment_total_pct,2.344
GTM,2024,gdp_pc_ppp_const2021,12640.8875023146
GTM,2024,gdp_pc_ppp_current,14368.6605681815
GTM,2024,inflation_cpi_annual_pct,2.86992752918294
GTM,2024,ppp_conv_gdp_lcu_per_intl$,3.32078331028962
GTM,2024,unemployment_total_pct,2.219
GUM,2019,unemployment_total_pct,5.401
GUM,2020,unemployment_total_pct,6.248
GUM,2021,unemployment_total_pct,5.991
GUM,2022,unemployment_total_pct,5.454
GUM,2023,unemployment_total_pct,5.363
GUM,2024,unemployment_total_pct,5.586
GUY,2019,gdp_pc_ppp_const2021,13402.4219472757
GUY,2019,gdp_pc_ppp_current,13240.9713761155
GUY,2019,inflation_cpi_annual_pct,2.08723089162013
GUY,2019,ppp_conv_gdp_lcu_per_intl$,100.869819641113
GUY,2019,unemployment_total_pct,13.172
GUY,2020,gdp_pc_ppp_const2021,19234.1301977637
GUY,2020,gdp_pc_ppp_current,16819.4228714695
GUY,2020,inflation_cpi_annual_pct,0.99333702283873
GUY,2020,ppp_conv_gdp_lcu_per_intl$,83.9942855834961
GUY,2020,unemployment_total_pct,15.334
GUY,2021,gdp_pc_ppp_const2021,22865.9270968882
GUY,2021,gdp_pc_ppp_current,22865.9270968882
GUY,2021,inflation_cpi_annual_pct,5.03285574626702
GUY,2021,ppp_conv_gdp_lcu_per_intl$,89.9150695800781
GUY,2021,unemployment_total_pct,14.557
GUY,2022,gdp_pc_ppp_const2021,37068.1993827588
GUY,2022,gdp_pc_ppp_current,39710.9695607531
GUY,2022,inflation_cpi_annual_pct,6.11505550109935
GUY,2022,ppp_conv_gdp_lcu_per_intl$,94.0536907435713
GUY,2022,unemployment_total_pct,12.013
GUY,2023,gdp_pc_ppp_const2021,49312.3603225444
GUY,2023,gdp_pc_ppp_current,54729.0365156366
GUY,2023,inflation_cpi_annual_pct,2.82110335099641
GUY,2023,ppp_conv_gdp_lcu_per_intl$,77.9982029183858
GUY,2023,unemployment_total_pct,12.025
GUY,2024,gdp_pc_ppp_const2021,70516.7215064805
GUY,2024,gdp_pc_ppp_current,80155.03939277
GUY,2024,inflation_cpi_annual_pct,2.90395226446373
GUY,2024,ppp_conv_gdp_lcu_per_intl$,77.19150912571
GUY,2024,unemployment_total_pct,10.165
HKG,2019,gdp_pc_ppp_const2021,65388.3336248234
HKG,2019,gdp_pc_ppp_current,61221.4195400701
HKG,2019,inflation_cpi_annual_pct,2.88320853773996
HKG,2019,ppp_conv_gdp_lcu_per_intl$,6.18961668014526
HKG,2019,unemployment_total_pct,2.917
HKG,2020,gdp_pc_ppp_const2021,61328.5288044938
HKG,2020,gdp_pc_ppp_current,58187.4764072535
HKG,2020,inflation_cpi_annual_pct,0.2509620210808
HKG,2020,ppp_conv_gdp_lcu_per_intl$,6.14700174331665
HKG,2020,unemployment_total_pct,5.808
HKG,2021,gdp_pc_ppp_const2021,65884.9376260603
HKG,2021,gdp_pc_ppp_current,65884.9376260603
HKG,2021,inflation_cpi_annual_pct,1.56875834445922
HKG,2021,ppp_conv_gdp_lcu_per_intl$,5.87204074859619
HKG,2021,unemployment_total_pct,5.174
HKG,2022,gdp_pc_ppp_const2021,64036.6454154727
HKG,2022,gdp_pc_ppp_current,68602.1257900473
HKG,2022,inflation_cpi_annual_pct,1.88136707196853
HKG,2022,ppp_conv_gdp_lcu_per_intl$,5.57381483160492
HKG,2022,unemployment_total_pct,4.318
HKG,2023,gdp_pc_ppp_const2021,64434.5576690871
HKG,2023,gdp_pc_ppp_current,71512.3193551161
HKG,2023,inflation_cpi_annual_pct,2.09660511249089
HKG,2023,ppp_conv_gdp_lcu_per_intl$,5.53586044777367
HKG,2023,unemployment_total_pct,2.949
HKG,2024,gdp_pc_ppp_const2021,66153.9746651078
HKG,2024,gdp_pc_ppp_current,75195.9865970615
HKG,2024,inflation_cpi_annual_pct,1.72972119105914
HKG,2024,ppp_conv_gdp_lcu_per_intl$,5.61186695779567
HKG,2024,unemployment_total_pct,2.793
HND,2019,gdp_pc_ppp_const2021,6264.01884276715
HND,2019,gdp_pc_ppp_current,5784.93081057111
HND,2019,gini,48.2
HND,2019,inflation_cpi_annual_pct,4.36587159819267
HND,2019,ppp_conv_gdp_lcu_per_intl$,10.6014041900635
HND,2019,unemployment_total_pct,5.698
HND,2020,gdp_pc_ppp_const2021,5603.26398377777
HND,2020,gdp_pc_ppp_current,5384.69831983038
HND,2020,inflation_cpi_annual_pct,3.46841177951184
HND,2020,ppp_conv_gdp_lcu_per_intl$,10.5345764160156
HND,2020,unemployment_total_pct,10.982
HND,2021,gdp_pc_ppp_const2021,6202.98078812037
HND,2021,gdp_pc_ppp_current,6202.98078812037
HND,2021,inflation_cpi_annual_pct,4.48087963413445
HND,2021,ppp_conv_gdp_lcu_per_intl$,10.5899238586426
HND,2021,unemployment_total_pct,8.506
HND,2022,gdp_pc_ppp_const2021,6352.58710177732
HND,2022,gdp_pc_ppp_current,6805.49358294554
HND,2022,inflation_cpi_annual_pct,9.08963911525025
HND,2022,ppp_conv_gdp_lcu_per_intl$,10.805708484196
HND,2022,unemployment_total_pct,8.774
HND,2023,gdp_pc_ppp_const2021,6467.8800352783
HND,2023,gdp_pc_ppp_current,7178.33906781522
HND,2023,gini,46.8
HND,2023,inflation_cpi_annual_pct,6.66325180347457
HND,2023,ppp_conv_gdp_lcu_per_intl$,11.0611622619102
HND,2023,unemployment_total_pct,6.07
HND,2024,gdp_pc_ppp_const2021,6585.85535717861
HND,2024,gdp_pc_ppp_current,7486.01869616445
HND,2024,gini,45.7
HND,2024,inflation_cpi_annual_pct,4.60621098127107
HND,2024,ppp_conv_gdp_lcu_per_intl$,11.3509098940535
HND,2024,unemployment_total_pct,6.061
HPC,2019,gdp_pc_ppp_const2021,3090.51002329999
HPC,2019,gdp_pc_ppp_current,2819.51203606082
HPC,2019,inflation_cpi_annual_pct,2.83514555687506
HPC,2019,unemployment_total_pct,4.35891138556294
HPC,2020,gdp_pc_ppp_const2021,3000.44997662458
HPC,2020,gdp_pc_ppp_current,2816.02947421959
HPC,2020,inflation_cpi_annual_pct,3.47617372722194
HPC,2020,unemployment_total_pct,5.08466986799381
HPC,2021,gdp_pc_ppp_const2021,3035.06077004993
HPC,2021,gdp_pc_ppp_current,3035.06077004993
HPC,2021,inflation_cpi_annual_pct,4.37012190478157
HPC,2021,unemployment_total_pct,4.99025451599025
HPC,2022,gdp_pc_ppp_const2021,3090.26152222753
HPC,2022,gdp_pc_ppp_current,3310.58112579977
HPC,2022,inflation_cpi_annual_pct,9.65914753785069
HPC,2022,unemployment_total_pct,4.44664203690213
HPC,2023,gdp_pc_ppp_const2021,3108.28187922993
HPC,2023,gdp_pc_ppp_current,3449.70857928077
HPC,2023,inflation_cpi_annual_pct,7.12697482131851
HPC,2023,unemployment_total_pct,4.22661765181006
HPC,2024,gdp_pc_ppp_const2021,3177.46280838769
HPC,2024,gdp_pc_ppp_current,3611.76258813976
HPC,2024,inflation_cpi_annual_pct,4.56976223919357
HPC,2024,unemployment_total_pct,4.21260389549363
HRV,2019,gdp_pc_ppp_const2021,35122.7888426087
HRV,2019,gdp_pc_ppp_current,33063.2437319914
HRV,2019,gini,28.9
HRV,2019,inflation_cpi_annual_pct,0.771820346498019
HRV,2019,ppp_conv_gdp_lcu_per_intl$,0.420475318737989
HRV,2019,unemployment_total_pct,6.617
HRV,2020,gdp_pc_ppp_const2021,32493.2548533489
HRV,2020,gdp_pc_ppp_current,31594.0331577599
HRV,2020,gini,29.5
HRV,2020,inflation_cpi_annual_pct,0.154811374562106
HRV,2020,ppp_conv_gdp_lcu_per_intl$,0.410332669017323
HRV,2020,unemployment_total_pct,7.507
HRV,2021,gdp_pc_ppp_const2021,36930.2190219953
HRV,2021,gdp_pc_ppp_current,36930.2190219953
HRV,2021,gini,28.9
HRV,2021,inflation_cpi_annual_pct,2.55450699642041
HRV,2021,ppp_conv_gdp_lcu_per_intl$,0.407276983327168
HRV,2021,unemployment_total_pct,7.608
HRV,2022,gdp_pc_ppp_const2021,39863.9397386034
HRV,2022,gdp_pc_ppp_current,41958.2742274564
HRV,2022,gini,30.0
HRV,2022,inflation_cpi_annual_pct,10.7805806758686
HRV,2022,ppp_conv_gdp_lcu_per_intl$,0.417942208850445
HRV,2022,unemployment_total_pct,6.96
HRV,2023,gdp_pc_ppp_const2021,41320.1303441218
HRV,2023,gdp_pc_ppp_current,46267.6541108731
HRV,2023,gini,30.1
HRV,2023,inflation_cpi_annual_pct,7.9412817758683
HRV,2023,ppp_conv_gdp_lcu_per_intl$,0.443425602169302
HRV,2023,unemployment_total_pct,6.086
HRV,2024,gdp_pc_ppp_const2021,42829.122254877
HRV,2024,gdp_pc_ppp_current,48816.9480032684
HRV,2024,inflation_cpi_annual_pct,2.97200477643618
HRV,2024,ppp_conv_gdp_lcu_per_intl$,0.455160612697055
HRV,2024,unemployment_total_pct,5.236
HTI,2019,gdp_pc_ppp_const2021,3392.43263210456
HTI,2019,gdp_pc_ppp_current,3236.97492504607
HTI,2019,inflation_cpi_annual_pct,18.7037825672506
HTI,2019,ppp_conv_gdp_lcu_per_intl$,35.1456756591797
HTI,2019,unemployment_total_pct,14.057
HTI,2020,gdp_pc_ppp_const2021,3239.83543441301
HTI,2020,gdp_pc_ppp_current,3103.18066312462
HTI,2020,inflation_cpi_annual_pct,22.7963113642528
HTI,2020,ppp_conv_gdp_lcu_per_intl$,41.5539588928223
HTI,2020,unemployment_total_pct,15.546
HTI,2021,gdp_pc_ppp_const2021,3145.00681057269
HTI,2021,gdp_pc_ppp_current,3145.00681057269
HTI,2021,inflation_cpi_annual_pct,16.8415240198785
HTI,2021,ppp_conv_gdp_lcu_per_intl$,47.4995269775391
HTI,2021,unemployment_total_pct,15.28
HTI,2022,gdp_pc_ppp_const2021,3057.42840826502
HTI,2022,gdp_pc_ppp_current,3275.40718126345
HTI,2022,inflation_cpi_annual_pct,33.98393194707
HTI,2022,ppp_conv_gdp_lcu_per_intl$,57.5446067774739
HTI,2022,unemployment_total_pct,14.635
HTI,2023,gdp_pc_ppp_const2021,2965.94622340134
HTI,2023,gdp_pc_ppp_current,3291.73817887066
HTI,2023,inflation_cpi_annual_pct,36.8135162780854
HTI,2023,ppp_conv_gdp_lcu_per_intl$,73.0494374170662
HTI,2023,unemployment_total_pct,14.556
HTI,2024,gdp_pc_ppp_const2021,2809.64535578242
HTI,2024,gdp_pc_ppp_current,3193.67136419915
HTI,2024,inflation_cpi_annual_pct,26.9490564091987
HTI,2024,ppp_conv_gdp_lcu_per_intl$,88.7402552926905
HTI,2024,unemployment_total_pct,15.058
HUN,2019,gdp_pc_ppp_const2021,37662.67681014
HUN,2019,gdp_pc_ppp_current,35627.2315520858
HUN,2019,inflation_cpi_annual_pct,3.33858635382008
HUN,2019,ppp_conv_gdp_lcu_per_intl$,138.79714
HUN,2019,unemployment_total_pct,3.419
HUN,2020,gdp_pc_ppp_const2021,36119.5211735652
HUN,2020,gdp_pc_ppp_current,35583.5855675637
HUN,2020,inflation_cpi_annual_pct,3.32674385766738
HUN,2020,ppp_conv_gdp_lcu_per_intl$,141.838435
HUN,2020,unemployment_total_pct,4.25
HUN,2021,gdp_pc_ppp_const2021,38887.1909527154
HUN,2021,gdp_pc_ppp_current,38887.1909527154
HUN,2021,inflation_cpi_annual_pct,5.11096534382855
HUN,2021,ppp_conv_gdp_lcu_per_intl$,148.351175
HUN,2021,unemployment_total_pct,4.045
HUN,2022,gdp_pc_ppp_const2021,40610.9711368238
HUN,2022,gdp_pc_ppp_current,44012.2677274292
HUN,2022,inflation_cpi_annual_pct,14.6081439492433
HUN,2022,ppp_conv_gdp_lcu_per_intl$,156.477418
HUN,2022,unemployment_total_pct,3.609
HUN,2023,gdp_pc_ppp_const2021,40333.2546888118
HUN,2023,gdp_pc_ppp_current,45367.5983545254
HUN,2023,inflation_cpi_annual_pct,17.1249659678737
HUN,2023,ppp_conv_gdp_lcu_per_intl$,173.65191
HUN,2023,unemployment_total_pct,4.107
HUN,2024,gdp_pc_ppp_const2021,40686.9319263343
HUN,2024,gdp_pc_ppp_current,47637.1359877091
HUN,2024,inflation_cpi_annual_pct,3.70370370370369
HUN,2024,ppp_conv_gdp_lcu_per_intl$,178.951775
HUN,2024,unemployment_total_pct,4.434
IBD,2019,gdp_pc_ppp_const2021,15818.6726314694
IBD,2019,gdp_pc_ppp_current,14534.9213580617
IBD,2019,inflation_cpi_annual_pct,2.58405829251271
IBD,2019,unemployment_total_pct,6.08042359288293
IBD,2020,gdp_pc_ppp_const2021,15412.2738762873
IBD,2020,gdp_pc_ppp_current,14582.3079344653
IBD,2020,inflation_cpi_annual_pct,2.41513094083414
IBD,2020,unemployment_total_pct,6.97182202204261
IBD,2021,gdp_pc_ppp_const2021,16457.4027147922
IBD,2021,gdp_pc_ppp_current,16457.4027147922
IBD,2021,inflation_cpi_annual_pct,4.27166381536798
IBD,2021,unemployment_total_pct,6.33864692540996
IBD,2022,gdp_pc_ppp_const2021,17005.3676652948
IBD,2022,gdp_pc_ppp_current,18303.9088626769
IBD,2022,inflation_cpi_annual_pct,9.10437983075437
IBD,2022,unemployment_total_pct,5.60126891405961
IBD,2023,gdp_pc_ppp_const2021,17766.2591513887
IBD,2023,gdp_pc_ppp_current,19805.4565401295
IBD,2023,inflation_cpi_annual_pct,6.02663450060535
IBD,2023,unemployment_total_pct,5.16442258848731
IBD,2024,gdp_pc_ppp_const2021,18451.0821378554
IBD,2024,gdp_pc_ppp_current,21078.259126891
IBD,2024,inflation_cpi_annual_pct,3.48974086026947
IBD,2024,unemployment_total_pct,5.10811423830388
IBT,2019,gdp_pc_ppp_const2021,12925.5781817183
IBT,2019,gdp_pc_ppp_current,11860.3988942996
IBT,2019,inflation_cpi_annual_pct,2.70590196327809
IBT,2019,unemployment_total_pct,5.7827394388757
IBT,2020,gdp_pc_ppp_const2021,12544.6568220694
IBT,2020,gdp_pc_ppp_current,11867.4050735589
IBT,2020,inflation_cpi_annual_pct,2.8981937602627
IBT,2020,unemployment_total_pct,6.64356253032983
IBT,2021,gdp_pc_ppp_const2021,13292.398566891
IBT,2021,gdp_pc_ppp_current,13279.4101105238
IBT,2021,inflation_cpi_annual_pct,4.25936417542868
IBT,2021,unemployment_total_pct,6.17146922477733
IBT,2022,gdp_pc_ppp_const2021,13682.5661627352
IBT,2022,gdp_pc_ppp_current,14706.2132549209
IBT,2022,inflation_cpi_annual_pct,8.81109209279587
IBT,2022,unemployment_total_pct,5.42368900893862
IBT,2023,gdp_pc_ppp_const2021,14206.1910874511
IBT,2023,gdp_pc_ppp_current,15814.5475161152
IBT,2023,inflation_cpi_annual_pct,6.20657592272126
IBT,2023,unemployment_total_pct,5.03528850795442
IBT,2024,gdp_pc_ppp_const2021,14688.1475013957
IBT,2024,gdp_pc_ppp_current,16755.104865666
IBT,2024,inflation_cpi_annual_pct,3.62109273885843
IBT,2024,unemployment_total_pct,4.9757341917256
IDA,2019,gdp_pc_ppp_const2021,4928.16444808896
IDA,2019,gdp_pc_ppp_current,4462.59238622799
IDA,2019,inflation_cpi_annual_pct,2.74447528387472
IDA,2019,unemployment_total_pct,4.78267538138002
IDA,2020,gdp_pc_ppp_const2021,4737.35267673036
IDA,2020,gdp_pc_ppp_current,4471.41030039108
IDA,2020,inflation_cpi_annual_pct,3.47617372722194
IDA,2020,unemployment_total_pct,5.57685316149891
IDA,2021,gdp_pc_ppp_const2021,4811.69213600445
IDA,2021,gdp_pc_ppp_current,4760.44211866491
IDA,2021,inflation_cpi_annual_pct,4.17270582217659
IDA,2021,unemployment_total_pct,5.63088102209668
IDA,2022,gdp_pc_ppp_const2021,4924.78728035756
IDA,2022,gdp_pc_ppp_current,5219.70345539382
IDA,2022,inflation_cpi_annual_pct,8.21619710967436
IDA,2022,unemployment_total_pct,4.86219567413107
IDA,2023,gdp_pc_ppp_const2021,4971.80174178335
IDA,2023,gdp_pc_ppp_current,5459.15149707536
IDA,2023,inflation_cpi_annual_pct,7.10220928557059
IDA,2023,unemployment_total_pct,4.6258035699256
IDA,2024,gdp_pc_ppp_const2021,5077.60668312744
IDA,2024,gdp_pc_ppp_current,5710.14462861054
IDA,2024,inflation_cpi_annual_pct,3.92206330291068
IDA,2024,unemployment_total_pct,4.55941592794588
IDB,2019,gdp_pc_ppp_const2021,6575.14345610382
IDB,2019,gdp_pc_ppp_current,6061.37099108251
IDB,2019,inflation_cpi_annual_pct,1.98958744120896
IDB,2019,unemployment_total_pct,5.07726731486215
IDB,2020,gdp_pc_ppp_const2021,6225.73802684424
IDB,2020,gdp_pc_ppp_current,6011.8848190365
IDB,2020,inflation_cpi_annual_pct,2.1039488213608
IDB,2020,unemployment_total_pct,5.8479266368036
IDB,2021,gdp_pc_ppp_const2021,6358.44134848704
IDB,2021,gdp_pc_ppp_current,6358.44134848704
IDB,2021,inflation_cpi_annual_pct,3.46677876951929
IDB,2021,unemployment_total_pct,5.83078658675916
IDB,2022,gdp_pc_ppp_const2021,6528.77500867617
IDB,2022,gdp_pc_ppp_current,6994.2427729342
IDB,2022,inflation_cpi_annual_pct,6.32752007290448
IDB,2022,unemployment_total_pct,4.81132260612793
IDB,2023,gdp_pc_ppp_const2021,6578.77290433938
IDB,2023,gdp_pc_ppp_current,7301.41287406727
IDB,2023,inflation_cpi_annual_pct,4.56457719814894
IDB,2023,unemployment_total_pct,4.41508975162298
IDB,2024,gdp_pc_ppp_const2021,6713.95120470027
IDB,2024,gdp_pc_ppp_current,7631.62285195617
IDB,2024,inflation_cpi_annual_pct,3.45053028131019
IDB,2024,unemployment_total_pct,4.3746184268031
IDN,2019,gdp_pc_ppp_const2021,12757.7850854842
IDN,2019,gdp_pc_ppp_current,11986.4701508376
IDN,2019,gini,35.4
IDN,2019,inflation_cpi_annual_pct,3.03058460941661
IDN,2019,ppp_conv_gdp_lcu_per_intl$,4847.4453125
IDN,2019,unemployment_total_pct,3.59
IDN,2020,gdp_pc_ppp_const2021,12388.5449268131
IDN,2020,gdp_pc_ppp_current,11729.3674458448
IDN,2020,gini,35.3
IDN,2020,inflation_cpi_annual_pct,1.91983527270793
IDN,2020,ppp_conv_gdp_lcu_per_intl$,4791.0068359375
IDN,2020,unemployment_total_pct,4.255
IDN,2021,gdp_pc_ppp_const2021,12757.0746440204
IDN,2021,gdp_pc_ppp_current,12757.0746440204
IDN,2021,gini,35.5
IDN,2021,inflation_cpi_annual_pct,1.56007882983334
IDN,2021,ppp_conv_gdp_lcu_per_intl$,4808.42919921875
IDN,2021,unemployment_total_pct,3.827
IDN,2022,gdp_pc_ppp_const2021,13334.2653947637
IDN,2022,gdp_pc_ppp_current,14284.929293133
IDN,2022,gini,35.5
IDN,2022,inflation_cpi_annual_pct,4.20946463714784
IDN,2022,ppp_conv_gdp_lcu_per_intl$,4917.92469195295
IDN,2022,unemployment_total_pct,3.462
IDN,2023,gdp_pc_ppp_const2021,13889.9749067297
IDN,2023,gdp_pc_ppp_current,15415.7079259527
IDN,2023,gini,36.1
IDN,2023,inflation_cpi_annual_pct,3.66938654859761
IDN,2023,ppp_conv_gdp_lcu_per_intl$,4819.74224250602
IDN,2023,unemployment_total_pct,3.308
IDN,2024,gdp_pc_ppp_const2021,14470.4372020578
IDN,2024,gdp_pc_ppp_current,16448.2755179559
IDN,2024,gini,34.9
IDN,2024,inflation_cpi_annual_pct,2.18151273615189
IDN,2024,ppp_conv_gdp_lcu_per_intl$,4747.90857563225
IDN,2024,unemployment_total_pct,3.3
IDX,2019,gdp_pc_ppp_const2021,4051.22177775691
IDX,2019,gdp_pc_ppp_current,3604.33416147901
IDX,2019,inflation_cpi_annual_pct,3.09342088075364
IDX,2019,unemployment_total_pct,4.61871804976572
IDX,2020,gdp_pc_ppp_const2021,3950.86131644492
IDX,2020,gdp_pc_ppp_current,3648.26068626252
IDX,2020,inflation_cpi_annual_pct,3.94180326908065
IDX,2020,unemployment_total_pct,5.42444214786479
IDX,2021,gdp_pc_ppp_const2021,3995.34376501476
IDX,2021,gdp_pc_ppp_current,3909.4907910926
IDX,2021,inflation_cpi_annual_pct,4.37012190478157
IDX,2021,unemployment_total_pct,5.51777492910716
IDX,2022,gdp_pc_ppp_const2021,4079.70265824005
IDX,2022,gdp_pc_ppp_current,4276.6465402745
IDX,2022,inflation_cpi_annual_pct,9.57337118555953
IDX,2022,unemployment_total_pct,4.89088034774433
IDX,2023,gdp_pc_ppp_const2021,4128.98529207924
IDX,2023,gdp_pc_ppp_current,4484.05730491521
IDX,2023,inflation_cpi_annual_pct,7.12142371831339
IDX,2023,unemployment_total_pct,4.74814682878326
IDX,2024,gdp_pc_ppp_const2021,4223.45568925248
IDX,2024,gdp_pc_ppp_current,4697.56142203105
IDX,2024,inflation_cpi_annual_pct,4.19081721344523
IDX,2024,unemployment_total_pct,4.66770531869599
IND,2019,gdp_pc_ppp_const2021,7930.0911303899
IND,2019,gdp_pc_ppp_current,7150.92423452926
IND,2019,inflation_cpi_annual_pct,3.72950573539129
IND,2019,ppp_conv_gdp_lcu_per_intl$,20.2395000457764
IND,2019,unemployment_total_pct,6.51
IND,2020,gdp_pc_ppp_const2021,7399.53068079041
IND,2020,gdp_pc_ppp_current,6966.27542785911
IND,2020,inflation_cpi_annual_pct,6.62343677628535
IND,2020,ppp_conv_gdp_lcu_per_intl$,20.3193664550781
IND,2020,unemployment_total_pct,7.859
IND,2021,gdp_pc_ppp_const2021,8050.01857452664
IND,2021,gdp_pc_ppp_current,8050.01857452664
IND,2021,inflation_cpi_annual_pct,5.13140747176369
IND,2021,ppp_conv_gdp_lcu_per_intl$,20.7278957366943
IND,2021,unemployment_total_pct,6.38
IND,2022,gdp_pc_ppp_const2021,8594.39190499879
IND,2022,gdp_pc_ppp_current,9207.12743040145
IND,2022,gini,25.5
IND,2022,inflation_cpi_annual_pct,6.69903414079852
IND,2022,ppp_conv_gdp_lcu_per_intl$,20.4894572228217
IND,2022,unemployment_total_pct,4.822
IND,2023,gdp_pc_ppp_const2021,9301.75603225735
IND,2023,gdp_pc_ppp_current,10323.4998734428
IND,2023,inflation_cpi_annual_pct,5.64914318907925
IND,2023,ppp_conv_gdp_lcu_per_intl$,20.2904054217658
IND,2023,unemployment_total_pct,4.172
IND,2024,gdp_pc_ppp_const2021,9818.04270686639
IND,2024,gdp_pc_ppp_current,11159.9856476091
IND,2024,inflation_cpi_annual_pct,4.95303550973656
IND,2024,ppp_conv_gdp_lcu_per_intl$,20.4219876045922
IND,2024,unemployment_total_pct,4.202
IRL,2019,gdp_pc_ppp_const2021,96371.2910180182
IRL,2019,gdp_pc_ppp_current,92022.59879983
IRL,2019,gini,30.3
IRL,2019,inflation_cpi_annual_pct,0.937842961189274
IRL,2019,ppp_conv_gdp_lcu_per_intl$,0.794143
IRL,2019,unemployment_total_pct,4.95
IRL,2020,gdp_pc_ppp_const2021,101968.554362011
IRL,2020,gdp_pc_ppp_current,97799.9225748607
IRL,2020,gini,29.2
IRL,2020,inflation_cpi_annual_pct,-0.326183651280033
IRL,2020,ppp_conv_gdp_lcu_per_intl$,0.775446
IRL,2020,unemployment_total_pct,5.623
IRL,2021,gdp_pc_ppp_const2021,116903.61243517
IRL,2021,gdp_pc_ppp_current,116903.61243517
IRL,2021,gini,29.4
IRL,2021,inflation_cpi_annual_pct,2.34034113447044
IRL,2021,ppp_conv_gdp_lcu_per_intl$,0.751895
IRL,2021,unemployment_total_pct,6.364
IRL,2022,gdp_pc_ppp_const2021,123219.076059494
IRL,2022,gdp_pc_ppp_current,136104.445332458
IRL,2022,gini,29.9
IRL,2022,inflation_cpi_annual_pct,7.82945736434105
IRL,2022,ppp_conv_gdp_lcu_per_intl$,0.734239
IRL,2022,unemployment_total_pct,4.501
IRL,2023,gdp_pc_ppp_const2021,117862.128878959
IRL,2023,gdp_pc_ppp_current,124808.336474371
IRL,2023,gini,29.0
IRL,2023,inflation_cpi_annual_pct,6.29942487419125
IRL,2023,ppp_conv_gdp_lcu_per_intl$,0.769246
IRL,2023,unemployment_total_pct,4.288
IRL,2024,gdp_pc_ppp_const2021,119037.731175443
IRL,2024,gdp_pc_ppp_current,130797.489686919
IRL,2024,inflation_cpi_annual_pct,2.11344999577317
IRL,2024,ppp_conv_gdp_lcu_per_intl$,0.755848
IRL,2024,unemployment_total_pct,4.369
IRN,2019,gdp_pc_ppp_const2021,14841.0751514998
IRN,2019,gdp_pc_ppp_current,13927.5128074328
IRN,2019,gini,36.5
IRN,2019,inflation_cpi_annual_pct,39.9073455697784
IRN,2019,ppp_conv_gdp_lcu_per_intl$,23549.041015625
IRN,2019,unemployment_total_pct,10.74
IRN,2020,gdp_pc_ppp_const2021,15381.5845437266
IRN,2020,gdp_pc_ppp_current,15119.3058859964
IRN,2020,gini,35.8
IRN,2020,inflation_cpi_annual_pct,30.5941390387295
IRN,2020,ppp_conv_gdp_lcu_per_intl$,32954.5859375
IRN,2020,unemployment_total_pct,9.687
IRN,2021,gdp_pc_ppp_const2021,15884.4276775963
IRN,2021,gdp_pc_ppp_current,15884.4276775963
IRN,2021,gini,35.5
IRN,2021,inflation_cpi_annual_pct,43.3890162681514
IRN,2021,ppp_conv_gdp_lcu_per_intl$,50488.171875
IRN,2021,unemployment_total_pct,9.282
IRN,2022,gdp_pc_ppp_const2021,16377.9610645368
IRN,2022,gdp_pc_ppp_current,17545.6246629429
IRN,2022,gini,34.8
IRN,2022,inflation_cpi_annual_pct,43.4884641742179
IRN,2022,ppp_conv_gdp_lcu_per_intl$,71200.1456321324
IRN,2022,unemployment_total_pct,9.085
IRN,2023,gdp_pc_ppp_const2021,17044.8173461033
IRN,2023,gdp_pc_ppp_current,18917.0914723132
IRN,2023,gini,35.9
IRN,2023,inflation_cpi_annual_pct,44.5791857572797
IRN,2023,ppp_conv_gdp_lcu_per_intl$,94357.9750741895
IRN,2023,unemployment_total_pct,9.041
IRN,2024,gdp_pc_ppp_const2021,17484.1320140467
IRN,2024,gdp_pc_ppp_current,19873.8860853805
IRN,2024,inflation_cpi_annual_pct,32.455871402917
IRN,2024,ppp_conv_gdp_lcu_per_intl$,118268.070633131
IRN,2024,unemployment_total_pct,9.192
IRQ,2019,gdp_pc_ppp_const2021,14910.2250318887
IRQ,2019,gdp_pc_ppp_current,12248.5917385964
IRQ,2019,inflation_cpi_annual_pct,-0.198965380023928
IRQ,2019,ppp_conv_gdp_lcu_per_intl$,547.339233398438
IRQ,2019,unemployment_total_pct,14.109
IRQ,2020,gdp_pc_ppp_const2021,12827.6345392323
IRQ,2020,gdp_pc_ppp_current,10573.9304750715
IRQ,2020,inflation_cpi_annual_pct,0.574162679425795
IRQ,2020,ppp_conv_gdp_lcu_per_intl$,484.264739990234
IRQ,2020,unemployment_total_pct,15.778
IRQ,2021,gdp_pc_ppp_const2021,12731.7535755129
IRQ,2021,gdp_pc_ppp_current,12731.7535755129
IRQ,2021,inflation_cpi_annual_pct,6.04186489058044
IRQ,2021,ppp_conv_gdp_lcu_per_intl$,554.465393066406
IRQ,2021,unemployment_total_pct,16.173
IRQ,2022,gdp_pc_ppp_const2021,13433.3977166987
IRQ,2022,gdp_pc_ppp_current,14391.1292349806
IRQ,2022,inflation_cpi_annual_pct,4.99476596381044
IRQ,2022,ppp_conv_gdp_lcu_per_intl$,657.006172812764
IRQ,2022,unemployment_total_pct,15.511
IRQ,2023,gdp_pc_ppp_const2021,13202.3228073875
IRQ,2023,gdp_pc_ppp_current,14652.5212399212
IRQ,2023,gini,29.8
IRQ,2023,inflation_cpi_annual_pct,4.35835351089586
IRQ,2023,ppp_conv_gdp_lcu_per_intl$,535.666694592544
IRQ,2023,unemployment_total_pct,15.447
IRQ,2024,gdp_pc_ppp_const2021,12725.0431260393
IRQ,2024,gdp_pc_ppp_current,14464.3186928173
IRQ,2024,inflation_cpi_annual_pct,-12.2969837587007
IRQ,2024,ppp_conv_gdp_lcu_per_intl$,545.873856082559
IRQ,2024,unemployment_total_pct,15.524
ISL,2019,gdp_pc_ppp_const2021,64826.4324085557
ISL,2019,gdp_pc_ppp_current,60523.8179440825
ISL,2019,gini,26.8
ISL,2019,inflation_cpi_annual_pct,3.01397179156053
ISL,2019,ppp_conv_gdp_lcu_per_intl$,138.667852
ISL,2019,unemployment_total_pct,3.507
ISL,2020,gdp_pc_ppp_const2021,59543.813498684
ISL,2020,gdp_pc_ppp_current,55796.7454667632
ISL,2020,inflation_cpi_annual_pct,2.84792401518665
ISL,2020,ppp_conv_gdp_lcu_per_intl$,143.25338
ISL,2020,unemployment_total_pct,5.478
ISL,2021,gdp_pc_ppp_const2021,61610.2132740715
ISL,2021,gdp_pc_ppp_current,61610.2132740715
ISL,2021,inflation_cpi_annual_pct,4.44423970189739
ISL,2021,ppp_conv_gdp_lcu_per_intl$,142.588157
ISL,2021,unemployment_total_pct,6.029
ISL,2022,gdp_pc_ppp_const2021,65380.3173049324
ISL,2022,gdp_pc_ppp_current,73426.2277837268
ISL,2022,inflation_cpi_annual_pct,8.3087551155892
ISL,2022,ppp_conv_gdp_lcu_per_intl$,138.402365
ISL,2022,unemployment_total_pct,3.789
ISL,2023,gdp_pc_ppp_const2021,68118.3960312086
ISL,2023,gdp_pc_ppp_current,78194.5558613248
ISL,2023,inflation_cpi_annual_pct,8.73630299937298
ISL,2023,ppp_conv_gdp_lcu_per_intl$,143.868721
ISL,2023,unemployment_total_pct,3.518
ISL,2024,gdp_pc_ppp_const2021,67310.0573573616
ISL,2024,gdp_pc_ppp_current,81924.411472168
ISL,2024,inflation_cpi_annual_pct,5.85683849970066
ISL,2024,ppp_conv_gdp_lcu_per_intl$,145.794044
ISL,2024,unemployment_total_pct,3.107
ISR,2019,gdp_pc_ppp_const2021,44580.8078825716
ISR,2019,gdp_pc_ppp_current,41325.1783656756
ISR,2019,gini,38.3
ISR,2019,inflation_cpi_annual_pct,0.817645940292794
ISR,2019,ppp_conv_gdp_lcu_per_intl$,3.816864
ISR,2019,unemployment_total_pct,3.731
ISR,2020,gdp_pc_ppp_const2021,42915.9416939728
ISR,2020,gdp_pc_ppp_current,40955.2856179152
ISR,2020,gini,37.8
ISR,2020,inflation_cpi_annual_pct,-0.575254620897756
ISR,2020,ppp_conv_gdp_lcu_per_intl$,3.746701
ISR,2020,unemployment_total_pct,4.169
ISR,2021,gdp_pc_ppp_const2021,46162.0822730247
ISR,2021,gdp_pc_ppp_current,46162.0822730247
ISR,2021,gini,37.9
ISR,2021,inflation_cpi_annual_pct,1.47965474722561
ISR,2021,ppp_conv_gdp_lcu_per_intl$,3.657664
ISR,2021,unemployment_total_pct,4.812
ISR,2022,gdp_pc_ppp_const2021,48098.187235579
ISR,2022,gdp_pc_ppp_current,53564.227891667
ISR,2022,inflation_cpi_annual_pct,4.41162725488371
ISR,2022,ppp_conv_gdp_lcu_per_intl$,3.446508
ISR,2022,unemployment_total_pct,3.695
ISR,2023,gdp_pc_ppp_const2021,47527.151024672
ISR,2023,gdp_pc_ppp_current,53401.1782301902
ISR,2023,inflation_cpi_annual_pct,4.22522603168918
ISR,2023,ppp_conv_gdp_lcu_per_intl$,3.571403
ISR,2023,unemployment_total_pct,3.596
ISR,2024,gdp_pc_ppp_const2021,47338.8424624205
ISR,2024,gdp_pc_ppp_current,55690.7391030986
ISR,2024,inflation_cpi_annual_pct,3.07480889805025
ISR,2024,ppp_conv_gdp_lcu_per_intl$,3.599136
ISR,2024,unemployment_total_pct,3.15
ITA,2019,gdp_pc_ppp_const2021,49690.6298505274
ITA,2019,gdp_pc_ppp_current,46661.9105159611
ITA,2019,gini,34.6
ITA,2019,inflation_cpi_annual_pct,0.611246943765304
ITA,2019,ppp_conv_gdp_lcu_per_intl$,0.647298
ITA,2019,unemployment_total_pct,9.951
ITA,2020,gdp_pc_ppp_const2021,45505.0688708956
ITA,2020,gdp_pc_ppp_current,44435.6434393527
ITA,2020,gini,35.2
ITA,2020,inflation_cpi_annual_pct,-0.13770757391651
ITA,2020,ppp_conv_gdp_lcu_per_intl$,0.632292
ITA,2020,unemployment_total_pct,9.164
ITA,2021,gdp_pc_ppp_const2021,49825.3934111848
ITA,2021,gdp_pc_ppp_current,49825.3934111848
ITA,2021,gini,34.8
ITA,2021,inflation_cpi_annual_pct,1.87378325762481
ITA,2021,ppp_conv_gdp_lcu_per_intl$,0.625356
ITA,2021,unemployment_total_pct,9.497
ITA,2022,gdp_pc_ppp_const2021,52333.3274270604
ITA,2022,gdp_pc_ppp_current,56247.4155916998
ITA,2022,gini,33.7
ITA,2022,inflation_cpi_annual_pct,8.20128991161718
ITA,2022,ppp_conv_gdp_lcu_per_intl$,0.601944
ITA,2022,unemployment_total_pct,8.069
ITA,2023,gdp_pc_ppp_const2021,52870.3261442897
ITA,2023,gdp_pc_ppp_current,57902.4961300606
ITA,2023,gini,34.3
ITA,2023,inflation_cpi_annual_pct,5.62219442195901
ITA,2023,ppp_conv_gdp_lcu_per_intl$,0.624065
ITA,2023,unemployment_total_pct,7.627
ITA,2024,gdp_pc_ppp_const2021,53265.0032474189
ITA,2024,gdp_pc_ppp_current,60881.3726392071
ITA,2024,inflation_cpi_annual_pct,0.982373023061417
ITA,2024,ppp_conv_gdp_lcu_per_intl$,0.610785
ITA,2024,unemployment_total_pct,6.778
JAM,2019,gdp_pc_ppp_const2021,10816.3720391154
JAM,2019,gdp_pc_ppp_current,10845.0113635875
JAM,2019,inflation_cpi_annual_pct,3.90510000865872
JAM,2019,ppp_conv_gdp_lcu_per_intl$,74.1321411132813
JAM,2019,unemployment_total_pct,4.987
JAM,2020,gdp_pc_ppp_const2021,9891.96932961548
JAM,2020,gdp_pc_ppp_current,9764.3525879784
JAM,2020,inflation_cpi_annual_pct,5.2267777929352
JAM,2020,ppp_conv_gdp_lcu_per_intl$,77.2810134887695
JAM,2020,unemployment_total_pct,6.501
JAM,2021,gdp_pc_ppp_const2021,10430.6909771759
JAM,2021,gdp_pc_ppp_current,10430.6909771759
JAM,2021,gini,39.9
JAM,2021,inflation_cpi_annual_pct,5.86278242801063
JAM,2021,ppp_conv_gdp_lcu_per_intl$,81.3269805908203
JAM,2021,unemployment_total_pct,5.188
JAM,2022,gdp_pc_ppp_const2021,11096.6377085321
JAM,2022,gdp_pc_ppp_current,11887.770369423
JAM,2022,inflation_cpi_annual_pct,10.3495688391272
JAM,2022,ppp_conv_gdp_lcu_per_intl$,85.5230997277482
JAM,2022,unemployment_total_pct,4.083
JAM,2023,gdp_pc_ppp_const2021,11398.8120394641
JAM,2023,gdp_pc_ppp_current,12650.9052955938
JAM,2023,inflation_cpi_annual_pct,6.47413734662063
JAM,2023,ppp_conv_gdp_lcu_per_intl$,91.9086322702625
JAM,2023,unemployment_total_pct,4.4
JAM,2024,gdp_pc_ppp_const2021,11340.2638800451
JAM,2024,gdp_pc_ppp_current,12890.2660051472
JAM,2024,inflation_cpi_annual_pct,5.41194447981659
JAM,2024,ppp_conv_gdp_lcu_per_intl$,94.1020890725982
JAM,2024,unemployment_total_pct,4.885
JOR,2019,gdp_pc_ppp_const2021,9288.52709103516
JOR,2019,gdp_pc_ppp_current,9429.07279552037
JOR,2019,inflation_cpi_annual_pct,0.761514047265601
JOR,2019,ppp_conv_gdp_lcu_per_intl$,0.314005553722382
JOR,2019,unemployment_total_pct,16.801
JOR,2020,gdp_pc_ppp_const2021,9022.63930356769
JOR,2020,gdp_pc_ppp_current,9579.20081317696
JOR,2020,inflation_cpi_annual_pct,0.333294350628378
JOR,2020,ppp_conv_gdp_lcu_per_intl$,0.298109263181686
JOR,2020,unemployment_total_pct,19.213
JOR,2021,gdp_pc_ppp_const2021,9182.496161256
JOR,2021,gdp_pc_ppp_current,9182.496161256
JOR,2021,inflation_cpi_annual_pct,1.34609377243118
JOR,2021,ppp_conv_gdp_lcu_per_intl$,0.323472499847412
JOR,2021,unemployment_total_pct,19.837
JOR,2022,gdp_pc_ppp_const2021,9266.57538251337
JOR,2022,gdp_pc_ppp_current,9927.2341002506
JOR,2022,inflation_cpi_annual_pct,4.22915568897117
JOR,2022,ppp_conv_gdp_lcu_per_intl$,0.309844474726114
JOR,2022,unemployment_total_pct,18.2
JOR,2023,gdp_pc_ppp_const2021,9381.35436036929
JOR,2023,gdp_pc_ppp_current,10411.8416152967
JOR,2023,inflation_cpi_annual_pct,2.08486986327134
JOR,2023,ppp_conv_gdp_lcu_per_intl$,0.304549295700222
JOR,2023,unemployment_total_pct,17.969
JOR,2024,gdp_pc_ppp_const2021,9520.25064497454
JOR,2024,gdp_pc_ppp_current,10821.4909765317
JOR,2024,inflation_cpi_annual_pct,1.55659611283953
JOR,2024,ppp_conv_gdp_lcu_per_intl$,0.302994117340261
JOR,2024,unemployment_total_pct,17.996
JPN,2019,gdp_pc_ppp_const2021,44730.9102844958
JPN,2019,gdp_pc_ppp_current,42678.1511448354
JPN,2019,gini,33.0
JPN,2019,inflation_cpi_annual_pct,0.46877615938395
JPN,2019,ppp_conv_gdp_lcu_per_intl$,103.231509
JPN,2019,unemployment_total_pct,2.351
JPN,2020,gdp_pc_ppp_const2021,42992.4796365328
JPN,2020,gdp_pc_ppp_current,42425.6946789651
JPN,2020,gini,32.3
JPN,2020,inflation_cpi_annual_pct,-0.024995834027731
JPN,2020,ppp_conv_gdp_lcu_per_intl$,100.742048
JPN,2020,unemployment_total_pct,2.809
JPN,2021,gdp_pc_ppp_const2021,44355.3487163354
JPN,2021,gdp_pc_ppp_current,44355.3487163354
JPN,2021,inflation_cpi_annual_pct,-0.233352779398264
JPN,2021,ppp_conv_gdp_lcu_per_intl$,99.211289
JPN,2021,unemployment_total_pct,2.828
JPN,2022,gdp_pc_ppp_const2021,44972.3438362201
JPN,2022,gdp_pc_ppp_current,47395.8391565645
JPN,2022,inflation_cpi_annual_pct,2.49770278172255
JPN,2022,ppp_conv_gdp_lcu_per_intl$,94.513968
JPN,2022,unemployment_total_pct,2.6
JPN,2023,gdp_pc_ppp_const2021,45858.6595131439
JPN,2023,gdp_pc_ppp_current,49896.6436902018
JPN,2023,inflation_cpi_annual_pct,3.26813365933163
JPN,2023,ppp_conv_gdp_lcu_per_intl$,95.270567
JPN,2023,unemployment_total_pct,2.6
JPN,2024,gdp_pc_ppp_const2021,46106.9229230044
JPN,2024,gdp_pc_ppp_current,51685.038752551
JPN,2024,inflation_cpi_annual_pct,2.73853681635241
JPN,2024,ppp_conv_gdp_lcu_per_intl$,95.109833
JPN,2024,unemployment_total_pct,2.563
KAZ,2019,gdp_pc_ppp_const2021,33298.2123695035
KAZ,2019,gdp_pc_ppp_current,28689.2710838374
KAZ,2019,gini,28.0
KAZ,2019,inflation_cpi_annual_pct,5.33356098916675
KAZ,2019,ppp_conv_gdp_lcu_per_intl$,126.168754577637
KAZ,2019,unemployment_total_pct,4.8
KAZ,2020,gdp_pc_ppp_const2021,32011.5491499004
KAZ,2020,gdp_pc_ppp_current,29039.8229624509
KAZ,2020,gini,28.7
KAZ,2020,inflation_cpi_annual_pct,6.71815454861464
KAZ,2020,ppp_conv_gdp_lcu_per_intl$,124.875175476074
KAZ,2020,unemployment_total_pct,4.89
KAZ,2021,gdp_pc_ppp_const2021,32945.8515725823
KAZ,2021,gdp_pc_ppp_current,32945.8515725823
KAZ,2021,gini,29.2
KAZ,2021,inflation_cpi_annual_pct,8.04147134028391
KAZ,2021,ppp_conv_gdp_lcu_per_intl$,129.063003540039
KAZ,2021,unemployment_total_pct,5.546
KAZ,2022,gdp_pc_ppp_const2021,33506.2614893237
KAZ,2022,gdp_pc_ppp_current,35895.0839871667
KAZ,2022,inflation_cpi_annual_pct,15.0278644440851
KAZ,2022,ppp_conv_gdp_lcu_per_intl$,144.290325913027
KAZ,2022,unemployment_total_pct,4.86
KAZ,2023,gdp_pc_ppp_const2021,34703.2349286604
KAZ,2023,gdp_pc_ppp_current,38515.1836009979
KAZ,2023,inflation_cpi_annual_pct,14.7249900200331
KAZ,2023,ppp_conv_gdp_lcu_per_intl$,152.540985346702
KAZ,2023,unemployment_total_pct,4.821
KAZ,2024,gdp_pc_ppp_const2021,35973.9633287017
KAZ,2024,gdp_pc_ppp_current,40890.9317694408
KAZ,2024,inflation_cpi_annual_pct,8.83943897452672
KAZ,2024,ppp_conv_gdp_lcu_per_intl$,162.334081288311
KAZ,2024,unemployment_total_pct,4.794
KEN,2019,gdp_pc_ppp_const2021,5171.71264279257
KEN,2019,gdp_pc_ppp_current,4687.37782325306
KEN,2019,inflation_cpi_annual_pct,5.23963795764792
KEN,2019,ppp_conv_gdp_lcu_per_intl$,42.6559524536133
KEN,2019,unemployment_total_pct,5.014
KEN,2020,gdp_pc_ppp_const2021,5057.40115537429
KEN,2020,gdp_pc_ppp_current,4792.57315847182
KEN,2020,gini,36.2
KEN,2020,inflation_cpi_annual_pct,5.40516207933392
KEN,2020,ppp_conv_gdp_lcu_per_intl$,42.8165397644043
KEN,2020,unemployment_total_pct,5.619
KEN,2021,gdp_pc_ppp_const2021,5338.85243382781
KEN,2021,gdp_pc_ppp_current,5338.85243382781
KEN,2021,gini,38.7
KEN,2021,inflation_cpi_annual_pct,6.10793603659176
KEN,2021,ppp_conv_gdp_lcu_per_intl$,42.3316535949707
KEN,2021,unemployment_total_pct,5.693
KEN,2022,gdp_pc_ppp_const2021,5491.69378280246
KEN,2022,gdp_pc_ppp_current,5883.22303961921
KEN,2022,gini,37.7
KEN,2022,inflation_cpi_annual_pct,7.65986268272224
KEN,2022,ppp_conv_gdp_lcu_per_intl$,42.2635202063997
KEN,2022,unemployment_total_pct,5.707
KEN,2023,gdp_pc_ppp_const2021,5691.82513474417
KEN,2023,gdp_pc_ppp_current,6317.03904665091
KEN,2023,inflation_cpi_annual_pct,7.67139634029402
KEN,2023,ppp_conv_gdp_lcu_per_intl$,43.0049441280964
KEN,2023,unemployment_total_pct,5.567
KEN,2024,gdp_pc_ppp_const2021,5845.20117717825
KEN,2024,gdp_pc_ppp_current,6644.13093243895
KEN,2024,inflation_cpi_annual_pct,4.48978854243448
KEN,2024,ppp_conv_gdp_lcu_per_intl$,43.2712900869078
KEN,2024,unemployment_total_pct,5.434
KGZ,2019,gdp_pc_ppp_const2021,6087.60193826927
KGZ,2019,gdp_pc_ppp_current,5304.22758314405
KGZ,2019,gini,29.7
KGZ,2019,inflation_cpi_annual_pct,1.13362257718804
KGZ,2019,ppp_conv_gdp_lcu_per_intl$,18.709680557251
KGZ,2019,unemployment_total_pct,4.295
KGZ,2020,gdp_pc_ppp_const2021,5537.79547319377
KGZ,2020,gdp_pc_ppp_current,5178.5619670404
KGZ,2020,gini,29.0
KGZ,2020,inflation_cpi_annual_pct,6.32542296338078
KGZ,2020,ppp_conv_gdp_lcu_per_intl$,18.3638648986816
KGZ,2020,unemployment_total_pct,4.63
KGZ,2021,gdp_pc_ppp_const2021,5736.47883415154
KGZ,2021,gdp_pc_ppp_current,5736.47883415154
KGZ,2021,gini,28.8
KGZ,2021,inflation_cpi_annual_pct,11.9050398185147
KGZ,2021,ppp_conv_gdp_lcu_per_intl$,19.9189929962158
KGZ,2021,unemployment_total_pct,4.096
KGZ,2022,gdp_pc_ppp_const2021,6139.77788825006
KGZ,2022,gdp_pc_ppp_current,6577.51217728389
KGZ,2022,gini,26.4
KGZ,2022,inflation_cpi_annual_pct,13.9229093174176
KGZ,2022,ppp_conv_gdp_lcu_per_intl$,22.2483352645918
KGZ,2022,unemployment_total_pct,4.043
KGZ,2023,gdp_pc_ppp_const2021,6575.77541290499
KGZ,2023,gdp_pc_ppp_current,7298.08612561933
KGZ,2023,gini,27.2
KGZ,2023,inflation_cpi_annual_pct,10.7532770416742
KGZ,2023,ppp_conv_gdp_lcu_per_intl$,25.7404348463261
KGZ,2023,unemployment_total_pct,3.991
KGZ,2024,gdp_pc_ppp_const2021,7048.98952111264
KGZ,2024,gdp_pc_ppp_current,8012.45464442194
KGZ,2024,ppp_conv_gdp_lcu_per_intl$,26.3240076204654
KGZ,2024,unemployment_total_pct,3.289
KHM,2019,gdp_pc_ppp_const2021,6448.88455952805
KHM,2019,gdp_pc_ppp_current,6153.99439528427
KHM,2019,inflation_cpi_annual_pct,1.94257500833107
KHM,2019,ppp_conv_gdp_lcu_per_intl$,1468.90258789063
KHM,2019,unemployment_total_pct,0.119
KHM,2020,gdp_pc_ppp_const2021,6128.78243783335
KHM,2020,gdp_pc_ppp_current,5942.45380373929
KHM,2020,inflation_cpi_annual_pct,2.9402951426397
KHM,2020,ppp_conv_gdp_lcu_per_intl$,1433.76916503906
KHM,2020,unemployment_total_pct,0.172
KHM,2021,gdp_pc_ppp_const2021,6225.53265474741
KHM,2021,gdp_pc_ppp_current,6225.53265474741
KHM,2021,inflation_cpi_annual_pct,2.92073477592949
KHM,2021,ppp_conv_gdp_lcu_per_intl$,1426.95983886719
KHM,2021,unemployment_total_pct,0.396
KHM,2022,gdp_pc_ppp_const2021,6458.3681488084
KHM,2022,gdp_pc_ppp_current,6918.81626947213
KHM,2022,inflation_cpi_annual_pct,5.34370264895437
KHM,2022,ppp_conv_gdp_lcu_per_intl$,1378.46746878319
KHM,2022,unemployment_total_pct,0.231
KHM,2023,gdp_pc_ppp_const2021,6695.29194763723
KHM,2023,gdp_pc_ppp_current,7430.73085709837
KHM,2023,inflation_cpi_annual_pct,2.12746796594194
KHM,2023,ppp_conv_gdp_lcu_per_intl$,1344.12787619773
KHM,2023,unemployment_total_pct,0.225
KHM,2024,gdp_pc_ppp_const2021,7008.88934551726
KHM,2024,gdp_pc_ppp_current,7966.87352428705
KHM,2024,inflation_cpi_annual_pct,0.808042016536654
KHM,2024,ppp_conv_gdp_lcu_per_intl$,1343.28353426878
KHM,2024,unemployment_total_pct,0.27
KIR,2019,gdp_pc_ppp_const2021,2927.48453366722
KIR,2019,gdp_pc_ppp_current,2762.93796874918
KIR,2019,gini,27.8
KIR,2019,inflation_cpi_annual_pct,-1.81307995302947
KIR,2019,ppp_conv_gdp_lcu_per_intl$,0.91164640831577
KIR,2020,gdp_pc_ppp_const2021,2834.68581354366
KIR,2020,gdp_pc_ppp_current,2710.90622817554
KIR,2020,inflation_cpi_annual_pct,2.5532455441463
KIR,2020,ppp_conv_gdp_lcu_per_intl$,0.938980786376772
KIR,2021,gdp_pc_ppp_const2021,3020.49399935695
KIR,2021,gdp_pc_ppp_current,3020.49399935695
KIR,2021,inflation_cpi_annual_pct,2.05361676773907
KIR,2021,ppp_conv_gdp_lcu_per_intl$,0.979324536647214
KIR,2022,gdp_pc_ppp_const2021,3107.77604642687
KIR,2022,gdp_pc_ppp_current,3329.34434464861
KIR,2022,inflation_cpi_annual_pct,5.34595440908904
KIR,2022,ppp_conv_gdp_lcu_per_intl$,0.896245179940226
KIR,2023,gdp_pc_ppp_const2021,3140.58326370439
KIR,2023,gdp_pc_ppp_current,3485.55808311399
KIR,2023,inflation_cpi_annual_pct,9.28307374517721
KIR,2023,ppp_conv_gdp_lcu_per_intl$,0.940410762424135
KIR,2024,gdp_pc_ppp_const2021,3257.1362912531
KIR,2024,gdp_pc_ppp_current,3702.32594703115
KIR,2024,inflation_cpi_annual_pct,2.45545072159028
KIR,2024,ppp_conv_gdp_lcu_per_intl$,0.936735709636135
KNA,2019,gdp_pc_ppp_const2021,31512.1943105684
KNA,2019,gdp_pc_ppp_current,32482.094417215
KNA,2019,inflation_cpi_annual_pct,-0.329562063663977
KNA,2019,ppp_conv_gdp_lcu_per_intl$,1.96132147312164
KNA,2020,gdp_pc_ppp_const2021,26736.9283563771
KNA,2020,gdp_pc_ppp_current,27326.036057423
KNA,2020,inflation_cpi_annual_pct,-1.16724501769353
KNA,2020,ppp_conv_gdp_lcu_per_intl$,1.86340057849884
KNA,2021,gdp_pc_ppp_const2021,26896.6177065978
KNA,2021,gdp_pc_ppp_current,26896.6177065978
KNA,2021,inflation_cpi_annual_pct,1.195688870384
KNA,2021,ppp_conv_gdp_lcu_per_intl$,1.84317195415497
KNA,2022,gdp_pc_ppp_const2021,29749.8700864823
KNA,2022,gdp_pc_ppp_current,31870.8813784505
KNA,2022,inflation_cpi_annual_pct,2.66817533111249
KNA,2022,ppp_conv_gdp_lcu_per_intl$,1.78003395208923
KNA,2023,gdp_pc_ppp_const2021,30616.577281386
KNA,2023,gdp_pc_ppp_current,33979.6303615734
KNA,2023,inflation_cpi_annual_pct,3.55711230848243
KNA,2023,ppp_conv_gdp_lcu_per_intl$,1.79394821044051
KNA,2024,gdp_pc_ppp_const2021,30656.4410109367
KNA,2024,gdp_pc_ppp_current,34846.6035342828
KNA,2024,ppp_conv_gdp_lcu_per_intl$,1.85652998326696
KOR,2019,gdp_pc_ppp_const2021,49790.8679884821
KOR,2019,gdp_pc_ppp_current,46511.2196957018
KOR,2019,gini,33.2
KOR,2019,inflation_cpi_annual_pct,0.383000303608136
KOR,2019,ppp_conv_gdp_lcu_per_intl$,847.547829
KOR,2019,unemployment_total_pct,3.746
KOR,2020,gdp_pc_ppp_const2021,49374.0926148025
KOR,2020,gdp_pc_ppp_current,47881.4921344193
KOR,2020,gini,32.7
KOR,2020,inflation_cpi_annual_pct,0.537288023411737
KOR,2020,ppp_conv_gdp_lcu_per_intl$,829.359157
KOR,2020,unemployment_total_pct,3.931
KOR,2021,gdp_pc_ppp_const2021,51718.2518656631
KOR,2021,gdp_pc_ppp_current,51718.2518656631
KOR,2021,gini,32.9
KOR,2021,inflation_cpi_annual_pct,2.49833333333339
KOR,2021,ppp_conv_gdp_lcu_per_intl$,829.867766
KOR,2021,unemployment_total_pct,3.639
KOR,2022,gdp_pc_ppp_const2021,53228.6035655365
KOR,2022,gdp_pc_ppp_current,55070.8392092838
KOR,2022,inflation_cpi_annual_pct,5.08951365062842
KOR,2022,ppp_conv_gdp_lcu_per_intl$,816.607833
KOR,2022,unemployment_total_pct,2.857
KOR,2023,gdp_pc_ppp_const2021,54029.3434990785
KOR,2023,gdp_pc_ppp_current,56227.4239720858
KOR,2023,inflation_cpi_annual_pct,3.5974562502901
KOR,2023,ppp_conv_gdp_lcu_per_intl$,828.391665
KOR,2023,unemployment_total_pct,2.675
KOR,2024,gdp_pc_ppp_const2021,55070.9386194121
KOR,2024,gdp_pc_ppp_current,58894.9975738434
KOR,2024,inflation_cpi_annual_pct,2.32174328643542
KOR,2024,ppp_conv_gdp_lcu_per_intl$,838.897321
KOR,2024,unemployment_total_pct,2.604
KWT,2019,gdp_pc_ppp_const2021,51380.6455354631
KWT,2019,gdp_pc_ppp_current,50703.0001343301
KWT,2019,inflation_cpi_annual_pct,1.09184802655856
KWT,2019,ppp_conv_gdp_lcu_per_intl$,0.18986764550209
KWT,2019,unemployment_total_pct,2.251
KWT,2020,gdp_pc_ppp_const2021,49372.8187938552
KWT,2020,gdp_pc_ppp_current,41461.7235642777
KWT,2020,inflation_cpi_annual_pct,2.101729548274
KWT,2020,ppp_conv_gdp_lcu_per_intl$,0.186391651630402
KWT,2020,unemployment_total_pct,3.557
KWT,2021,gdp_pc_ppp_const2021,50651.9575337091
KWT,2021,gdp_pc_ppp_current,50651.9575337091
KWT,2021,inflation_cpi_annual_pct,3.42362947609188
KWT,2021,ppp_conv_gdp_lcu_per_intl$,0.202588081359863
KWT,2021,unemployment_total_pct,3.002
KWT,2022,gdp_pc_ppp_const2021,51379.8833194119
KWT,2022,gdp_pc_ppp_current,55043.0022635849
KWT,2022,inflation_cpi_annual_pct,3.98064961990313
KWT,2022,ppp_conv_gdp_lcu_per_intl$,0.222451833737874
KWT,2022,unemployment_total_pct,2.174
KWT,2023,gdp_pc_ppp_const2021,47777.4012284844
KWT,2023,gdp_pc_ppp_current,53025.4710858063
KWT,2023,inflation_cpi_annual_pct,3.64216403030709
KWT,2023,ppp_conv_gdp_lcu_per_intl$,0.197406820999133
KWT,2023,unemployment_total_pct,2.127
KWT,2024,gdp_pc_ppp_const2021,46137.4674254845
KWT,2024,gdp_pc_ppp_current,52443.5969223626
KWT,2024,inflation_cpi_annual_pct,2.89855072463762
KWT,2024,ppp_conv_gdp_lcu_per_intl$,0.191333746031327
KWT,2024,unemployment_total_pct,2.144
LAC,2019,gdp_pc_ppp_const2021,18111.5788705619
LAC,2019,gdp_pc_ppp_current,16606.5285731314
LAC,2019,inflation_cpi_annual_pct,2.50460959460401
LAC,2019,unemployment_total_pct,8.0906886809704
LAC,2020,gdp_pc_ppp_const2021,16785.1312499208
LAC,2020,gdp_pc_ppp_current,15959.7861953863
LAC,2020,inflation_cpi_annual_pct,2.52663500084706
LAC,2020,unemployment_total_pct,10.2177163550783
LAC,2021,gdp_pc_ppp_const2021,17874.2749394029
LAC,2021,gdp_pc_ppp_current,17874.2749394029
LAC,2021,inflation_cpi_annual_pct,4.27166381536798
LAC,2021,unemployment_total_pct,9.18066102897673
LAC,2022,gdp_pc_ppp_const2021,18478.2971735689
LAC,2022,gdp_pc_ppp_current,19983.4946544876
LAC,2022,inflation_cpi_annual_pct,8.33370630096231
LAC,2022,unemployment_total_pct,6.86330650089905
LAC,2023,gdp_pc_ppp_const2021,18750.3841957787
LAC,2023,gdp_pc_ppp_current,20991.4552376079
LAC,2023,inflation_cpi_annual_pct,5.08677483158112
LAC,2023,unemployment_total_pct,6.1015898433551
LAC,2024,gdp_pc_ppp_const2021,18989.832395945
LAC,2024,gdp_pc_ppp_current,21785.0044376558
LAC,2024,inflation_cpi_annual_pct,3.83540271728533
LAC,2024,unemployment_total_pct,6.14112553187049
LAO,2019,gdp_pc_ppp_const2021,8075.27502377003
LAO,2019,gdp_pc_ppp_current,7743.21906534261
LAO,2019,inflation_cpi_annual_pct,3.32255881256925
LAO,2019,ppp_conv_gdp_lcu_per_intl$,2902.38134765625
LAO,2019,unemployment_total_pct,2.537
LAO,2020,gdp_pc_ppp_const2021,7995.59502527818
LAO,2020,gdp_pc_ppp_current,7913.38660650276
LAO,2020,inflation_cpi_annual_pct,5.10407262959919
LAO,2020,ppp_conv_gdp_lcu_per_intl$,2953.51440429688
LAO,2020,unemployment_total_pct,2.361
LAO,2021,gdp_pc_ppp_const2021,8080.43553249923
LAO,2021,gdp_pc_ppp_current,8080.43553249923
LAO,2021,inflation_cpi_annual_pct,3.75562036658877
LAO,2021,ppp_conv_gdp_lcu_per_intl$,3031.69677734375
LAO,2021,unemployment_total_pct,2.066
LAO,2022,gdp_pc_ppp_const2021,8183.03286472653
LAO,2022,gdp_pc_ppp_current,8766.44062611094
LAO,2022,inflation_cpi_annual_pct,22.9562225132056
LAO,2022,ppp_conv_gdp_lcu_per_intl$,3276.32968959848
LAO,2022,unemployment_total_pct,1.209
LAO,2023,gdp_pc_ppp_const2021,8372.15591874407
LAO,2023,gdp_pc_ppp_current,9291.78859001138
LAO,2023,inflation_cpi_annual_pct,31.2301341732646
LAO,2023,ppp_conv_gdp_lcu_per_intl$,3934.87360775652
LAO,2023,unemployment_total_pct,1.188
LAO,2024,gdp_pc_ppp_const2021,8600.32454665553
LAO,2024,gdp_pc_ppp_current,9775.82817381023
LAO,2024,inflation_cpi_annual_pct,23.1305695942588
LAO,2024,ppp_conv_gdp_lcu_per_intl$,4381.7249520295
LAO,2024,unemployment_total_pct,1.218
LBN,2019,gdp_pc_ppp_const2021,15659.5661040012
LBN,2019,gdp_pc_ppp_current,21710.4648750807
LBN,2019,inflation_cpi_annual_pct,3.00538949390383
LBN,2019,ppp_conv_gdp_lcu_per_intl$,637.468505859375
LBN,2019,unemployment_total_pct,11.301
LBN,2020,gdp_pc_ppp_const2021,12507.4366368078
LBN,2020,gdp_pc_ppp_current,16259.7051312281
LBN,2020,inflation_cpi_annual_pct,84.8643330472041
LBN,2020,ppp_conv_gdp_lcu_per_intl$,1261.38049316406
LBN,2020,unemployment_total_pct,13.284
LBN,2021,gdp_pc_ppp_const2021,11599.7755083765
LBN,2021,gdp_pc_ppp_current,11599.7755083765
LBN,2021,inflation_cpi_annual_pct,154.756096023393
LBN,2021,ppp_conv_gdp_lcu_per_intl$,4099.5078125
LBN,2021,unemployment_total_pct,12.669
LBN,2022,gdp_pc_ppp_const2021,11474.7505845558
LBN,2022,gdp_pc_ppp_current,12292.8407305501
LBN,2022,gini,35.3
LBN,2022,inflation_cpi_annual_pct,171.205491336641
LBN,2022,ppp_conv_gdp_lcu_per_intl$,8118.29236582438
LBN,2022,unemployment_total_pct,11.6
LBN,2023,gdp_pc_ppp_const2021,11330.2687387422
LBN,2023,gdp_pc_ppp_current,12574.8329116403
LBN,2023,inflation_cpi_annual_pct,221.341644023365
LBN,2023,ppp_conv_gdp_lcu_per_intl$,23736.790355749
LBN,2023,unemployment_total_pct,11.543
LBN,2024,inflation_cpi_annual_pct,45.2430422716718
LBR,2019,gdp_pc_ppp_const2021,1575.76665001238
LBR,2019,gdp_pc_ppp_current,1899.52200972855
LBR,2019,inflation_cpi_annual_pct,26.9662760197878
LBR,2019,ppp_conv_gdp_lcu_per_intl$,0.346489368061895
LBR,2019,unemployment_total_pct,3.068
LBR,2020,gdp_pc_ppp_const2021,1497.37692436272
LBR,2020,gdp_pc_ppp_current,1659.52109145991
LBR,2020,inflation_cpi_annual_pct,16.9557241496255
LBR,2020,ppp_conv_gdp_lcu_per_intl$,0.371666181394607
LBR,2020,unemployment_total_pct,4.109
LBR,2021,gdp_pc_ppp_const2021,1539.20892304674
LBR,2021,gdp_pc_ppp_current,1539.20892304674
LBR,2021,inflation_cpi_annual_pct,7.81559385858648
LBR,2021,ppp_conv_gdp_lcu_per_intl$,0.433967147111521
LBR,2021,unemployment_total_pct,3.845
LBR,2022,gdp_pc_ppp_const2021,1578.99837069175
LBR,2022,gdp_pc_ppp_current,1691.57275721851
LBR,2022,inflation_cpi_annual_pct,7.59298486560313
LBR,2022,ppp_conv_gdp_lcu_per_intl$,0.440192224697317
LBR,2022,unemployment_total_pct,2.977
LBR,2023,gdp_pc_ppp_const2021,1616.92373356695
LBR,2023,gdp_pc_ppp_current,1794.53340863362
LBR,2023,inflation_cpi_annual_pct,10.0944535665552
LBR,2023,ppp_conv_gdp_lcu_per_intl$,0.445349452055148
LBR,2023,unemployment_total_pct,2.933
LBR,2024,gdp_pc_ppp_const2021,1646.05861366601
LBR,2024,gdp_pc_ppp_current,1871.04406164262
LBR,2024,inflation_cpi_annual_pct,8.21497439118964
LBR,2024,ppp_conv_gdp_lcu_per_intl$,0.455092288485533
LBR,2024,unemployment_total_pct,2.882
LBY,2019,gdp_pc_ppp_const2021,14337.1962987582
LBY,2019,gdp_pc_ppp_current,16194.1082061146
LBY,2019,inflation_cpi_annual_pct,-2.16217883470595
LBY,2019,ppp_conv_gdp_lcu_per_intl$,0.860261435847223
LBY,2019,unemployment_total_pct,19.05
LBY,2020,gdp_pc_ppp_const2021,9978.66400110743
LBY,2020,gdp_pc_ppp_current,10954.799045265
LBY,2020,inflation_cpi_annual_pct,1.44703656998741
LBY,2020,ppp_conv_gdp_lcu_per_intl$,0.8430191214172
LBY,2020,unemployment_total_pct,19.613
LBY,2021,gdp_pc_ppp_const2021,12641.5097714075
LBY,2021,gdp_pc_ppp_current,12641.5097714075
LBY,2021,inflation_cpi_annual_pct,2.86833027751019
LBY,2021,ppp_conv_gdp_lcu_per_intl$,1.76263952255249
LBY,2021,unemployment_total_pct,19.641
LBY,2022,gdp_pc_ppp_const2021,11450.0598552928
LBY,2022,gdp_pc_ppp_current,12266.3896804716
LBY,2022,inflation_cpi_annual_pct,4.51030149235703
LBY,2022,ppp_conv_gdp_lcu_per_intl$,2.34908005087519
LBY,2022,unemployment_total_pct,19.282
LBY,2023,gdp_pc_ppp_const2021,12476.5974944083
LBY,2023,gdp_pc_ppp_current,13847.0792190045
LBY,2023,inflation_cpi_annual_pct,2.37317531435169
LBY,2023,ppp_conv_gdp_lcu_per_intl$,2.09465924433871
LBY,2023,unemployment_total_pct,18.753
LBY,2024,gdp_pc_ppp_const2021,12583.8338726816
LBY,2024,gdp_pc_ppp_current,14303.8087736988
LBY,2024,inflation_cpi_annual_pct,2.12615766885025
LBY,2024,ppp_conv_gdp_lcu_per_intl$,2.21923878847227
LBY,2024,unemployment_total_pct,18.615
LCA,2019,gdp_pc_ppp_const2021,22738.2471068581
LCA,2019,gdp_pc_ppp_current,18709.9110670935
LCA,2019,inflation_cpi_annual_pct,0.539087559191757
LCA,2019,ppp_conv_gdp_lcu_per_intl$,1.70198357105255
LCA,2019,unemployment_total_pct,15.613
LCA,2020,gdp_pc_ppp_const2021,17142.044063192
LCA,2020,gdp_pc_ppp_current,14912.159584235
LCA,2020,inflation_cpi_annual_pct,-1.75580833517594
LCA,2020,ppp_conv_gdp_lcu_per_intl$,1.52291166782379
LCA,2020,unemployment_total_pct,25.224
LCA,2021,gdp_pc_ppp_const2021,19101.1652956675
LCA,2021,gdp_pc_ppp_current,19101.1652956675
LCA,2021,inflation_cpi_annual_pct,2.41070312174393
LCA,2021,ppp_conv_gdp_lcu_per_intl$,1.47842586040497
LCA,2021,unemployment_total_pct,20.514
LCA,2022,gdp_pc_ppp_const2021,22962.2818144554
LCA,2022,gdp_pc_ppp_current,24599.3733001067
LCA,2022,inflation_cpi_annual_pct,6.37814695133351
LCA,2022,ppp_conv_gdp_lcu_per_intl$,1.43826126048764
LCA,2022,unemployment_total_pct,15.934
LCA,2023,gdp_pc_ppp_const2021,23403.7440265988
LCA,2023,gdp_pc_ppp_current,25974.5092925263
LCA,2023,inflation_cpi_annual_pct,4.07060821926204
LCA,2023,ppp_conv_gdp_lcu_per_intl$,1.40899196515186
LCA,2023,unemployment_total_pct,11.092
LCA,2024,gdp_pc_ppp_const2021,24252.4688588491
LCA,2024,gdp_pc_ppp_current,27567.3280779839
LCA,2024,inflation_cpi_annual_pct,-0.110283575834694
LCA,2024,ppp_conv_gdp_lcu_per_intl$,1.38897762585527
LCA,2024,unemployment_total_pct,10.928
LDC,2019,gdp_pc_ppp_const2021,3825.14512737437
LDC,2019,gdp_pc_ppp_current,3440.05379061737
LDC,2019,inflation_cpi_annual_pct,3.32255881256925
LDC,2019,unemployment_total_pct,4.88614655379023
LDC,2020,gdp_pc_ppp_const2021,3739.0676637816
LDC,2020,gdp_pc_ppp_current,3495.2109398591
LDC,2020,inflation_cpi_annual_pct,4.33296874711709
LDC,2020,unemployment_total_pct,5.63912879862034
LDC,2021,gdp_pc_ppp_const2021,3754.27928799249
LDC,2021,gdp_pc_ppp_current,3724.95262292927
LDC,2021,inflation_cpi_annual_pct,4.15649125482107
LDC,2021,unemployment_total_pct,5.75302416584841
LDC,2022,gdp_pc_ppp_const2021,3853.83273030739
LDC,2022,gdp_pc_ppp_current,4096.33828281236
LDC,2022,inflation_cpi_annual_pct,9.45801281304023
LDC,2022,unemployment_total_pct,5.0884445684594
LDC,2023,gdp_pc_ppp_const2021,3892.8643306095
LDC,2023,gdp_pc_ppp_current,4286.72070784438
LDC,2023,inflation_cpi_annual_pct,7.12697482131851
LDC,2023,unemployment_total_pct,4.94642314711997
LDC,2024,gdp_pc_ppp_const2021,3958.13984826657
LDC,2024,gdp_pc_ppp_current,4463.99564225244
LDC,2024,inflation_cpi_annual_pct,4.50346801326901
LDC,2024,unemployment_total_pct,4.89153403312394
LKA,2019,gdp_pc_ppp_const2021,14637.44429132
LKA,2019,gdp_pc_ppp_current,14112.952504221
LKA,2019,gini,37.7
LKA,2019,inflation_cpi_annual_pct,3.52839358231811
LKA,2019,ppp_conv_gdp_lcu_per_intl$,51.7085876464844
LKA,2019,unemployment_total_pct,4.67
LKA,2020,gdp_pc_ppp_const2021,13886.6513728651
LKA,2020,gdp_pc_ppp_current,12940.9043295749
LKA,2020,inflation_cpi_annual_pct,6.15394508391738
LKA,2020,ppp_conv_gdp_lcu_per_intl$,55.1600952148438
LKA,2020,unemployment_total_pct,5.364
LKA,2021,gdp_pc_ppp_const2021,14316.1352225683
LKA,2021,gdp_pc_ppp_current,14316.1352225683
LKA,2021,inflation_cpi_annual_pct,7.01478071238195
LKA,2021,ppp_conv_gdp_lcu_per_intl$,55.5265464782715
LKA,2021,unemployment_total_pct,4.981
LKA,2022,gdp_pc_ppp_const2021,13249.065064602
LKA,2022,gdp_pc_ppp_current,14193.6546217446
LKA,2022,inflation_cpi_annual_pct,49.7211021114327
LKA,2022,ppp_conv_gdp_lcu_per_intl$,76.432371267748
LKA,2022,unemployment_total_pct,4.528
LKA,2023,gdp_pc_ppp_const2021,13024.9404319855
LKA,2023,gdp_pc_ppp_current,14455.6544414734
LKA,2023,inflation_cpi_annual_pct,16.5411742279832
LKA,2023,ppp_conv_gdp_lcu_per_intl$,86.0744224864379
LKA,2023,unemployment_total_pct,5.997
LKA,2024,gdp_pc_ppp_const2021,13752.836740386
LKA,2024,gdp_pc_ppp_current,15632.5924849848
LKA,2024,inflation_cpi_annual_pct,-0.42936004906973
LKA,2024,ppp_conv_gdp_lcu_per_intl$,87.2686054398767
LKA,2024,unemployment_total_pct,4.996
LSO,2019,gdp_pc_ppp_const2021,2773.28639887236
LSO,2019,gdp_pc_ppp_current,2568.34114362719
LSO,2019,inflation_cpi_annual_pct,5.18708359197982
LSO,2019,ppp_conv_gdp_lcu_per_intl$,6.08720636367798
LSO,2019,unemployment_total_pct,16.876
LSO,2020,gdp_pc_ppp_const2021,2517.11044486593
LSO,2020,gdp_pc_ppp_current,2559.09776077846
LSO,2020,inflation_cpi_annual_pct,4.97809676252309
LSO,2020,ppp_conv_gdp_lcu_per_intl$,5.90795993804932
LSO,2020,unemployment_total_pct,18.399
LSO,2021,gdp_pc_ppp_const2021,2544.78249551214
LSO,2021,gdp_pc_ppp_current,2544.78249551214
LSO,2021,inflation_cpi_annual_pct,6.04774591950676
LSO,2021,ppp_conv_gdp_lcu_per_intl$,6.19413948059082
LSO,2021,unemployment_total_pct,18.23
LSO,2022,gdp_pc_ppp_const2021,2577.54544127769
LSO,2022,gdp_pc_ppp_current,2761.31105002216
LSO,2022,inflation_cpi_annual_pct,8.27180389943028
LSO,2022,ppp_conv_gdp_lcu_per_intl$,6.10166197622069
LSO,2022,unemployment_total_pct,16.688
LSO,2023,gdp_pc_ppp_const2021,2595.82951058542
LSO,2023,gdp_pc_ppp_current,2880.96629615692
LSO,2023,inflation_cpi_annual_pct,6.34221743124953
LSO,2023,ppp_conv_gdp_lcu_per_intl$,5.86804660677527
LSO,2023,unemployment_total_pct,16.457
LSO,2024,gdp_pc_ppp_const2021,2640.28544552536
LSO,2024,gdp_pc_ppp_current,3001.16311951334
LSO,2024,inflation_cpi_annual_pct,6.10544624245032
LSO,2024,ppp_conv_gdp_lcu_per_intl$,5.93562011325191
LSO,2024,unemployment_total_pct,16.147
LTE,2019,gdp_pc_ppp_const2021,20852.6815991148
LTE,2019,gdp_pc_ppp_current,19217.8092623044
LTE,2019,inflation_cpi_annual_pct,2.16176258133054
LTE,2019,unemployment_total_pct,5.18446264170282
LTE,2020,gdp_pc_ppp_const2021,20730.0601941546
LTE,2020,gdp_pc_ppp_current,19505.719591092
LTE,2020,inflation_cpi_annual_pct,1.93694126694223
LTE,2020,unemployment_total_pct,5.91814324936933
LTE,2021,gdp_pc_ppp_const2021,22189.5944485854
LTE,2021,gdp_pc_ppp_current,22189.5944485854
LTE,2021,inflation_cpi_annual_pct,3.49505757399448
LTE,2021,unemployment_total_pct,5.49439716094102
LTE,2022,gdp_pc_ppp_const2021,22841.9939066087
LTE,2022,gdp_pc_ppp_current,24486.232278696
LTE,2022,inflation_cpi_annual_pct,8.64091108973855
LTE,2022,unemployment_total_pct,5.1820798343178
LTE,2023,gdp_pc_ppp_const2021,23800.7458498796
LTE,2023,gdp_pc_ppp_current,26394.4017506444
LTE,2023,inflation_cpi_annual_pct,6.09114152504141
LTE,2023,unemployment_total_pct,4.80483181877953
LTE,2024,gdp_pc_ppp_const2021,24836.8198723637
LTE,2024,gdp_pc_ppp_current,28257.5016597509
LTE,2024,inflation_cpi_annual_pct,2.90125149455067
LTE,2024,unemployment_total_pct,4.64925082241822
LTU,2019,gdp_pc_ppp_const2021,43062.3228425315
LTU,2019,gdp_pc_ppp_current,40563.8304884555
LTU,2019,gini,35.3
LTU,2019,inflation_cpi_annual_pct,2.33450937988027
LTU,2019,ppp_conv_gdp_lcu_per_intl$,0.431815
LTU,2019,unemployment_total_pct,6.255
LTU,2020,gdp_pc_ppp_const2021,43091.7973723526
LTU,2020,gdp_pc_ppp_current,41262.7276941725
LTU,2020,gini,36.0
LTU,2020,inflation_cpi_annual_pct,1.19989444983569
LTU,2020,ppp_conv_gdp_lcu_per_intl$,0.433452
LTU,2020,unemployment_total_pct,8.487
LTU,2021,gdp_pc_ppp_const2021,45873.5273239486
LTU,2021,gdp_pc_ppp_current,45873.5273239486
LTU,2021,gini,36.7
LTU,2021,inflation_cpi_annual_pct,4.68354420903453
LTU,2021,ppp_conv_gdp_lcu_per_intl$,0.439956
LTU,2021,unemployment_total_pct,7.112
LTU,2022,gdp_pc_ppp_const2021,46651.2145810247
LTU,2022,gdp_pc_ppp_current,50498.3823963346
LTU,2022,gini,36.6
LTU,2022,inflation_cpi_annual_pct,19.7050461518394
LTU,2022,ppp_conv_gdp_lcu_per_intl$,0.471739
LTU,2022,unemployment_total_pct,5.955
LTU,2023,gdp_pc_ppp_const2021,46159.7081733083
LTU,2023,gdp_pc_ppp_current,50914.8638146665
LTU,2023,gini,36.0
LTU,2023,inflation_cpi_annual_pct,9.11731962390475
LTU,2023,ppp_conv_gdp_lcu_per_intl$,0.504717
LTU,2023,unemployment_total_pct,6.841
LTU,2024,gdp_pc_ppp_const2021,47165.3665643051
LTU,2024,gdp_pc_ppp_current,54409.7628404261
LTU,2024,inflation_cpi_annual_pct,0.715735835228723
LTU,2024,ppp_conv_gdp_lcu_per_intl$,0.498947
LTU,2024,unemployment_total_pct,7.504
LUX,2019,gdp_pc_ppp_const2021,132724.752743888
LUX,2019,gdp_pc_ppp_current,121371.73990307
LUX,2019,gini,34.2
LUX,2019,inflation_cpi_annual_pct,1.74332075653848
LUX,2019,ppp_conv_gdp_lcu_per_intl$,0.829429
LUX,2019,unemployment_total_pct,5.592
LUX,2020,gdp_pc_ppp_const2021,129865.629988164
LUX,2020,gdp_pc_ppp_current,122066.739147202
LUX,2020,gini,33.4
LUX,2020,inflation_cpi_annual_pct,0.819957302127036
LUX,2020,ppp_conv_gdp_lcu_per_intl$,0.838162
LUX,2020,unemployment_total_pct,6.766
LUX,2021,gdp_pc_ppp_const2021,136772.443753292
LUX,2021,gdp_pc_ppp_current,136772.443753292
LUX,2021,gini,32.7
LUX,2021,inflation_cpi_annual_pct,2.52692009066166
LUX,2021,ppp_conv_gdp_lcu_per_intl$,0.834326
LUX,2021,unemployment_total_pct,5.571
LUX,2022,gdp_pc_ppp_const2021,132570.826463419
LUX,2022,gdp_pc_ppp_current,143381.897533689
LUX,2022,gini,34.1
LUX,2022,inflation_cpi_annual_pct,6.33600807777919
LUX,2022,ppp_conv_gdp_lcu_per_intl$,0.8194
LUX,2022,unemployment_total_pct,4.588
LUX,2023,gdp_pc_ppp_const2021,130048.92038753
LUX,2023,gdp_pc_ppp_current,142424.729887278
LUX,2023,gini,33.6
LUX,2023,inflation_cpi_annual_pct,3.74140361983136
LUX,2023,ppp_conv_gdp_lcu_per_intl$,0.8533
LUX,2023,unemployment_total_pct,5.184
LUX,2024,gdp_pc_ppp_const2021,128475.279802738
LUX,2024,gdp_pc_ppp_current,150929.364202573
LUX,2024,inflation_cpi_annual_pct,2.05113269954859
LUX,2024,ppp_conv_gdp_lcu_per_intl$,0.842662
LUX,2024,unemployment_total_pct,5.935
LVA,2019,gdp_pc_ppp_const2021,35208.1934590859
LVA,2019,gdp_pc_ppp_current,32199.0960377091
LVA,2019,gini,34.5
LVA,2019,inflation_cpi_annual_pct,2.81140920075615
LVA,2019,ppp_conv_gdp_lcu_per_intl$,0.479802
LVA,2019,unemployment_total_pct,6.312
LVA,2020,gdp_pc_ppp_const2021,34225.8976044058
LVA,2020,gdp_pc_ppp_current,32741.4207691987
LVA,2020,gini,35.7
LVA,2020,inflation_cpi_annual_pct,0.219064904842156
LVA,2020,ppp_conv_gdp_lcu_per_intl$,0.469668
LVA,2020,unemployment_total_pct,8.098
LVA,2021,gdp_pc_ppp_const2021,36912.0130602161
LVA,2021,gdp_pc_ppp_current,36912.0130602161
LVA,2021,gini,34.3
LVA,2021,inflation_cpi_annual_pct,3.27582937431156
LVA,2021,ppp_conv_gdp_lcu_per_intl$,0.464112
LVA,2021,unemployment_total_pct,7.513
LVA,2022,gdp_pc_ppp_const2021,37718.7097958367
LVA,2022,gdp_pc_ppp_current,39960.8443388997
LVA,2022,gini,33.7
LVA,2022,inflation_cpi_annual_pct,17.3102830198815
LVA,2022,ppp_conv_gdp_lcu_per_intl$,0.480677
LVA,2022,unemployment_total_pct,6.815
LVA,2023,gdp_pc_ppp_const2021,37277.7217221317
LVA,2023,gdp_pc_ppp_current,41670.9513242118
LVA,2023,gini,34.0
LVA,2023,inflation_cpi_annual_pct,8.93804623316637
LVA,2023,ppp_conv_gdp_lcu_per_intl$,0.501585
LVA,2023,unemployment_total_pct,6.465
LVA,2024,gdp_pc_ppp_const2021,37611.6699359404
LVA,2024,gdp_pc_ppp_current,43780.3830227833
LVA,2024,inflation_cpi_annual_pct,1.26579885828729
LVA,2024,ppp_conv_gdp_lcu_per_intl$,0.492149
LVA,2024,unemployment_total_pct,6.72
MAC,2019,gdp_pc_ppp_const2021,133453.896026037
MAC,2019,gdp_pc_ppp_current,126029.622371097
MAC,2019,inflation_cpi_annual_pct,2.75193081051982
MAC,2019,ppp_conv_gdp_lcu_per_intl$,5.24346445546162
MAC,2019,unemployment_total_pct,1.749
MAC,2020,gdp_pc_ppp_const2021,59662.4855864551
MAC,2020,gdp_pc_ppp_current,57077.5325705099
MAC,2020,inflation_cpi_annual_pct,0.811410511491651
MAC,2020,ppp_conv_gdp_lcu_per_intl$,5.16255477876926
MAC,2020,unemployment_total_pct,2.566
MAC,2021,gdp_pc_ppp_const2021,73374.4486829589
MAC,2021,gdp_pc_ppp_current,73374.4486829589
MAC,2021,inflation_cpi_annual_pct,0.0264543647054126
MAC,2021,ppp_conv_gdp_lcu_per_intl$,4.89717441121879
MAC,2021,unemployment_total_pct,2.229
MAC,2022,gdp_pc_ppp_const2021,59921.441691873
MAC,2022,gdp_pc_ppp_current,64193.5294048618
MAC,2022,inflation_cpi_annual_pct,1.04502802369954
MAC,2022,ppp_conv_gdp_lcu_per_intl$,4.62437823480085
MAC,2022,unemployment_total_pct,2.482
MAC,2023,gdp_pc_ppp_const2021,104815.20003062
MAC,2023,gdp_pc_ppp_current,116328.540600134
MAC,2023,inflation_cpi_annual_pct,0.476384495788075
MAC,2023,ppp_conv_gdp_lcu_per_intl$,4.65914682116019
MAC,2023,unemployment_total_pct,2.235
MAC,2024,gdp_pc_ppp_const2021,111693.502831434
MAC,2024,gdp_pc_ppp_current,126959.917138906
MAC,2024,ppp_conv_gdp_lcu_per_intl$,4.55805241034254
MAC,2024,unemployment_total_pct,2.437
MAR,2019,gdp_pc_ppp_const2021,8768.17578125
MAR,2019,gdp_pc_ppp_current,8046.22900390625
MAR,2019,inflation_cpi_annual_pct,0.303386036590383
MAR,2019,ppp_conv_gdp_lcu_per_intl$,4.19297552108765
MAR,2019,unemployment_total_pct,9.194
MAR,2020,gdp_pc_ppp_const2021,8054.56298828125
MAR,2020,gdp_pc_ppp_current,7704.84912109375
MAR,2020,inflation_cpi_annual_pct,0.705968661338261
MAR,2020,ppp_conv_gdp_lcu_per_intl$,4.02811050415039
MAR,2020,unemployment_total_pct,11.223
MAR,2021,gdp_pc_ppp_const2021,8623.265625
MAR,2021,gdp_pc_ppp_current,8623.265625
MAR,2021,inflation_cpi_annual_pct,1.40195883962006
MAR,2021,ppp_conv_gdp_lcu_per_intl$,3.94628071784973
MAR,2021,unemployment_total_pct,10.576
MAR,2022,gdp_pc_ppp_const2021,8690.4482421875
MAR,2022,gdp_pc_ppp_current,9310.0322265625
MAR,2022,inflation_cpi_annual_pct,6.65704202759067
MAR,2022,ppp_conv_gdp_lcu_per_intl$,3.7795537103842
MAR,2022,unemployment_total_pct,9.494
MAR,2023,gdp_pc_ppp_const2021,8915.3515625
MAR,2023,gdp_pc_ppp_current,9894.650390625
MAR,2023,inflation_cpi_annual_pct,6.09114152504141
MAR,2023,ppp_conv_gdp_lcu_per_intl$,3.90553916695765
MAR,2023,unemployment_total_pct,9.044
MAR,2024,gdp_pc_ppp_const2021,9162.7470703125
MAR,2024,gdp_pc_ppp_current,10415.1240234375
MAR,2024,inflation_cpi_annual_pct,0.985256592004507
MAR,2024,ppp_conv_gdp_lcu_per_intl$,3.96453983304242
MAR,2024,unemployment_total_pct,8.943
MDA,2019,gdp_pc_ppp_const2021,14621.2401362286
MDA,2019,gdp_pc_ppp_current,13413.2232935126
MDA,2019,gini,26.0
MDA,2019,inflation_cpi_annual_pct,4.83778351428734
MDA,2019,ppp_conv_gdp_lcu_per_intl$,5.77169275283813
MDA,2019,unemployment_total_pct,1.466
MDA,2020,gdp_pc_ppp_const2021,13559.2600217483
MDA,2020,gdp_pc_ppp_current,13527.4413130967
MDA,2020,gini,25.0
MDA,2020,inflation_cpi_annual_pct,3.76597122245351
MDA,2020,ppp_conv_gdp_lcu_per_intl$,5.60316753387451
MDA,2020,unemployment_total_pct,1.186
MDA,2021,gdp_pc_ppp_const2021,15682.0703284653
MDA,2021,gdp_pc_ppp_current,15682.0703284653
MDA,2021,gini,25.7
MDA,2021,inflation_cpi_annual_pct,5.10641129002841
MDA,2021,ppp_conv_gdp_lcu_per_intl$,5.94675874710083
MDA,2021,unemployment_total_pct,0.785
MDA,2022,gdp_pc_ppp_const2021,15358.0153548867
MDA,2022,gdp_pc_ppp_current,16452.9621192
MDA,2022,gini,25.9
MDA,2022,inflation_cpi_annual_pct,28.7372976766235
MDA,2022,ppp_conv_gdp_lcu_per_intl$,6.59766038634194
MDA,2022,unemployment_total_pct,0.897
MDA,2023,gdp_pc_ppp_const2021,15990.4793311152
MDA,2023,gdp_pc_ppp_current,17746.9405538684
MDA,2023,gini,26.8
MDA,2023,inflation_cpi_annual_pct,13.4170104381299
MDA,2023,ppp_conv_gdp_lcu_per_intl$,6.95935489173601
MDA,2023,unemployment_total_pct,1.555
MDA,2024,gdp_pc_ppp_const2021,16376.6113704265
MDA,2024,gdp_pc_ppp_current,18614.9880691203
MDA,2024,inflation_cpi_annual_pct,4.67773516007052
MDA,2024,ppp_conv_gdp_lcu_per_intl$,7.2411629601227
MDA,2024,unemployment_total_pct,1.434
MDG,2019,gdp_pc_ppp_const2021,1707.83153830039
MDG,2019,gdp_pc_ppp_current,1612.29772715626
MDG,2019,inflation_cpi_annual_pct,5.61051441492365
MDG,2019,ppp_conv_gdp_lcu_per_intl$,1121.69445800781
MDG,2019,unemployment_total_pct,2.469
MDG,2020,gdp_pc_ppp_const2021,1545.72714379204
MDG,2020,gdp_pc_ppp_current,1490.32312837866
MDG,2020,inflation_cpi_annual_pct,4.20179312190557
MDG,2020,ppp_conv_gdp_lcu_per_intl$,1145.66564941406
MDG,2020,unemployment_total_pct,3.284
MDG,2021,gdp_pc_ppp_const2021,1577.43246056529
MDG,2021,gdp_pc_ppp_current,1577.43246056529
MDG,2021,gini,36.8
MDG,2021,inflation_cpi_annual_pct,5.81225118787715
MDG,2021,ppp_conv_gdp_lcu_per_intl$,1173.85522460938
MDG,2021,unemployment_total_pct,3.487
MDG,2022,gdp_pc_ppp_const2021,1602.71368352337
MDG,2022,gdp_pc_ppp_current,1716.97884873797
MDG,2022,inflation_cpi_annual_pct,8.16059031991844
MDG,2022,ppp_conv_gdp_lcu_per_intl$,1201.21108711022
MDG,2022,unemployment_total_pct,3.186
MDG,2023,gdp_pc_ppp_const2021,1629.46097248642
MDG,2023,gdp_pc_ppp_current,1808.44779038579
MDG,2023,inflation_cpi_annual_pct,9.87432675044888
MDG,2023,ppp_conv_gdp_lcu_per_intl$,1246.04568908386
MDG,2023,unemployment_total_pct,3.069
MDG,2024,gdp_pc_ppp_const2021,1657.04970622969
MDG,2024,gdp_pc_ppp_current,1883.5374311384
MDG,2024,ppp_conv_gdp_lcu_per_intl$,1309.39787463694
MDG,2024,unemployment_total_pct,3.012
MDV,2019,gdp_pc_ppp_const2021,21855.501224579
MDV,2019,gdp_pc_ppp_current,23077.2112236652
MDV,2019,gini,29.3
MDV,2019,inflation_cpi_annual_pct,0.220029731065383
MDV,2019,ppp_conv_gdp_lcu_per_intl$,7.82544136047363
MDV,2019,unemployment_total_pct,4.562
MDV,2020,gdp_pc_ppp_const2021,14242.9750701162
MDV,2020,gdp_pc_ppp_current,13425.3674459601
MDV,2020,inflation_cpi_annual_pct,-1.36977425569811
MDV,2020,ppp_conv_gdp_lcu_per_intl$,8.47108268737793
MDV,2020,unemployment_total_pct,5.434
MDV,2021,gdp_pc_ppp_const2021,19052.6224904311
MDV,2021,gdp_pc_ppp_current,19052.6224904311
MDV,2021,inflation_cpi_annual_pct,0.543149688737013
MDV,2021,ppp_conv_gdp_lcu_per_intl$,8.21066951751709
MDV,2021,unemployment_total_pct,5.024
MDV,2022,gdp_pc_ppp_const2021,21357.8112511153
MDV,2022,gdp_pc_ppp_current,22880.5123151419
MDV,2022,inflation_cpi_annual_pct,2.33314337624567
MDV,2022,ppp_conv_gdp_lcu_per_intl$,7.92583026093599
MDV,2022,unemployment_total_pct,4.419
MDV,2023,gdp_pc_ppp_const2021,22333.0477138175
MDV,2023,gdp_pc_ppp_current,24786.2032123451
MDV,2023,inflation_cpi_annual_pct,2.92746542425035
MDV,2023,ppp_conv_gdp_lcu_per_intl$,7.81414565305468
MDV,2023,unemployment_total_pct,4.241
MDV,2024,gdp_pc_ppp_const2021,23034.4098404839
MDV,2024,gdp_pc_ppp_current,26182.7831570917
MDV,2024,inflation_cpi_annual_pct,1.39979779674928
MDV,2024,ppp_conv_gdp_lcu_per_intl$,7.86384927688972
MDV,2024,unemployment_total_pct,4.636
MEX,2019,gdp_pc_ppp_const2021,21704.1859494071
MEX,2019,gdp_pc_ppp_current,20964.2774847072
MEX,2019,inflation_cpi_annual_pct,3.63596142127046
MEX,2019,ppp_conv_gdp_lcu_per_intl$,9.528366
MEX,2019,unemployment_total_pct,3.477
MEX,2020,gdp_pc_ppp_const2021,19728.4817823158
MEX,2020,gdp_pc_ppp_current,19354.1248706244
MEX,2020,gini,44.6
MEX,2020,inflation_cpi_annual_pct,3.39683415570006
MEX,2020,ppp_conv_gdp_lcu_per_intl$,9.814966
MEX,2020,unemployment_total_pct,4.44
MEX,2021,gdp_pc_ppp_const2021,20782.5877417545
MEX,2021,gdp_pc_ppp_current,20782.5877417545
MEX,2021,inflation_cpi_annual_pct,5.68920847683753
MEX,2021,ppp_conv_gdp_lcu_per_intl$,10.060857
MEX,2021,unemployment_total_pct,4.019
MEX,2022,gdp_pc_ppp_const2021,21391.8573692427
MEX,2022,gdp_pc_ppp_current,23387.224276697
MEX,2022,gini,43.5
MEX,2022,inflation_cpi_annual_pct,7.8962761916855
MEX,2022,ppp_conv_gdp_lcu_per_intl$,9.815975
MEX,2022,unemployment_total_pct,3.256
MEX,2023,gdp_pc_ppp_const2021,21917.24858366
MEX,2023,gdp_pc_ppp_current,24917.1928856764
MEX,2023,inflation_cpi_annual_pct,5.52796087314389
MEX,2023,ppp_conv_gdp_lcu_per_intl$,9.878836
MEX,2023,unemployment_total_pct,2.765
MEX,2024,gdp_pc_ppp_const2021,22039.6287019016
MEX,2024,gdp_pc_ppp_current,25738.603144294
MEX,2024,inflation_cpi_annual_pct,4.72225588452932
MEX,2024,ppp_conv_gdp_lcu_per_intl$,10.088687
MEX,2024,unemployment_total_pct,2.711
MHL,2019,gdp_pc_ppp_const2021,6405.07564930525
MHL,2019,gdp_pc_ppp_current,6045.06240789858
MHL,2019,gini,35.5
MHL,2019,ppp_conv_gdp_lcu_per_intl$,0.875481425652112
MHL,2020,gdp_pc_ppp_const2021,6417.18441217728
MHL,2020,gdp_pc_ppp_current,6136.97119702131
MHL,2020,ppp_conv_gdp_lcu_per_intl$,0.922599714353377
MHL,2021,gdp_pc_ppp_const2021,6767.95785510528
MHL,2021,gdp_pc_ppp_current,6767.95785510528
MHL,2021,ppp_conv_gdp_lcu_per_intl$,0.93311940340638
MHL,2022,gdp_pc_ppp_const2021,6936.86510911803
MHL,2022,gdp_pc_ppp_current,7431.42757895496
MHL,2022,ppp_conv_gdp_lcu_per_intl$,0.868697239294828
MHL,2023,gdp_pc_ppp_const2021,6801.61469241924
MHL,2023,gdp_pc_ppp_current,7548.73253747944
MHL,2023,ppp_conv_gdp_lcu_per_intl$,0.899918618818472
MHL,2024,gdp_pc_ppp_const2021,7209.26654997536
MHL,2024,gdp_pc_ppp_current,8194.63854758403
MHL,2024,ppp_conv_gdp_lcu_per_intl$,0.942852652244908
MKD,2019,gdp_pc_ppp_const2021,21766.9370532094
MKD,2019,gdp_pc_ppp_current,20222.1972028646
MKD,2019,gini,33.5
MKD,2019,inflation_cpi_annual_pct,0.766439573459716
MKD,2019,ppp_conv_gdp_lcu_per_intl$,18.2562975343125
MKD,2019,unemployment_total_pct,17.414
MKD,2020,gdp_pc_ppp_const2021,20971.4930190976
MKD,2020,gdp_pc_ppp_current,19962.1686066623
MKD,2020,inflation_cpi_annual_pct,1.20007348888487
MKD,2020,ppp_conv_gdp_lcu_per_intl$,18.0631355715673
MKD,2020,unemployment_total_pct,16.575
MKD,2021,gdp_pc_ppp_const2021,22144.2461882858
MKD,2021,gdp_pc_ppp_current,22144.2461882858
MKD,2021,inflation_cpi_annual_pct,3.23074912132919
MKD,2021,ppp_conv_gdp_lcu_per_intl$,17.9306297916853
MKD,2021,unemployment_total_pct,15.801
MKD,2022,gdp_pc_ppp_const2021,22822.2888086275
MKD,2022,gdp_pc_ppp_current,24067.4939774976
MKD,2022,inflation_cpi_annual_pct,14.2047173195833
MKD,2022,ppp_conv_gdp_lcu_per_intl$,18.5117211984455
MKD,2022,unemployment_total_pct,14.476
MKD,2023,gdp_pc_ppp_const2021,23455.2790778276
MKD,2023,gdp_pc_ppp_current,24532.0766733795
MKD,2023,inflation_cpi_annual_pct,9.36187249769016
MKD,2023,ppp_conv_gdp_lcu_per_intl$,20.1361003172214
MKD,2023,unemployment_total_pct,13.174
MKD,2024,gdp_pc_ppp_const2021,24203.2443419798
MKD,2024,gdp_pc_ppp_current,26536.0485130243
MKD,2024,inflation_cpi_annual_pct,3.48974086026947
MKD,2024,ppp_conv_gdp_lcu_per_intl$,19.9145059028598
MKD,2024,unemployment_total_pct,13.417
MLI,2019,gdp_pc_ppp_const2021,2916.17167790759
MLI,2019,gdp_pc_ppp_current,2819.86582297259
MLI,2019,inflation_cpi_annual_pct,-1.65826694846365
MLI,2019,ppp_conv_gdp_lcu_per_intl$,201.951385498047
MLI,2019,unemployment_total_pct,3.29
MLI,2020,gdp_pc_ppp_const2021,2796.41038444894
MLI,2020,gdp_pc_ppp_current,2723.70094784441
MLI,2020,inflation_cpi_annual_pct,0.438088940320669
MLI,2020,ppp_conv_gdp_lcu_per_intl$,201.444030761719
MLI,2020,unemployment_total_pct,3.528
MLI,2021,gdp_pc_ppp_const2021,2796.22793795433
MLI,2021,gdp_pc_ppp_current,2796.22793795433
MLI,2021,gini,35.7
MLI,2021,inflation_cpi_annual_pct,3.92560283104277
MLI,2021,ppp_conv_gdp_lcu_per_intl$,203.722534179688
MLI,2021,unemployment_total_pct,3.966
MLI,2022,gdp_pc_ppp_const2021,2813.81095962843
MLI,2022,gdp_pc_ppp_current,3014.4210732688
MLI,2022,inflation_cpi_annual_pct,9.62147608489064
MLI,2022,ppp_conv_gdp_lcu_per_intl$,202.148154601237
MLI,2022,unemployment_total_pct,2.387
MLI,2023,gdp_pc_ppp_const2021,2860.42819002278
MLI,2023,gdp_pc_ppp_current,3174.62960276396
MLI,2023,inflation_cpi_annual_pct,2.05880228274223
MLI,2023,ppp_conv_gdp_lcu_per_intl$,199.465960820685
MLI,2023,unemployment_total_pct,2.956
MLI,2024,gdp_pc_ppp_const2021,2916.18529537154
MLI,2024,gdp_pc_ppp_current,3314.77332231959
MLI,2024,inflation_cpi_annual_pct,3.2063986409966
MLI,2024,ppp_conv_gdp_lcu_per_intl$,200.230096581045
MLI,2024,unemployment_total_pct,3.06
MLT,2019,gdp_pc_ppp_const2021,53391.3765595257
MLT,2019,gdp_pc_ppp_current,51391.8493504266
MLT,2019,gini,31.0
MLT,2019,inflation_cpi_annual_pct,1.6420600176894
MLT,2019,ppp_conv_gdp_lcu_per_intl$,0.563546974224575
MLT,2019,unemployment_total_pct,3.616
MLT,2020,gdp_pc_ppp_const2021,50387.7646326373
MLT,2020,gdp_pc_ppp_current,49971.9388819914
MLT,2020,gini,31.4
MLT,2020,inflation_cpi_annual_pct,0.638544956776712
MLT,2020,ppp_conv_gdp_lcu_per_intl$,0.557545096836834
MLT,2020,unemployment_total_pct,4.347
MLT,2021,gdp_pc_ppp_const2021,56852.2570823379
MLT,2021,gdp_pc_ppp_current,56852.2570823379
MLT,2021,gini,31.6
MLT,2021,inflation_cpi_annual_pct,1.49789217934724
MLT,2021,ppp_conv_gdp_lcu_per_intl$,0.566567590667296
MLT,2021,unemployment_total_pct,3.394
MLT,2022,gdp_pc_ppp_const2021,56841.8933687311
MLT,2022,gdp_pc_ppp_current,59511.9340316163
MLT,2022,gini,34.6
MLT,2022,inflation_cpi_annual_pct,6.15375621933037
MLT,2022,ppp_conv_gdp_lcu_per_intl$,0.568684969286699
MLT,2022,unemployment_total_pct,2.921
MLT,2023,gdp_pc_ppp_const2021,60418.3260995767
MLT,2023,gdp_pc_ppp_current,64220.3751411583
MLT,2023,inflation_cpi_annual_pct,5.09396758978883
MLT,2023,ppp_conv_gdp_lcu_per_intl$,0.589086026039403
MLT,2023,unemployment_total_pct,3.11
MLT,2024,gdp_pc_ppp_const2021,62700.4227866392
MLT,2024,gdp_pc_ppp_current,69832.1871006218
MLT,2024,inflation_cpi_annual_pct,1.65079469283109
MLT,2024,ppp_conv_gdp_lcu_per_intl$,0.580784579137908
MLT,2024,unemployment_total_pct,2.703
MMR,2019,gdp_pc_ppp_const2021,6562.98898478625
MMR,2019,gdp_pc_ppp_current,6101.37245765709
MMR,2019,inflation_cpi_annual_pct,8.82506696804558
MMR,2019,ppp_conv_gdp_lcu_per_intl$,350.685333251953
MMR,2019,unemployment_total_pct,0.407
MMR,2020,gdp_pc_ppp_const2021,5926.83450206681
MMR,2020,gdp_pc_ppp_current,5740.99045843992
MMR,2020,ppp_conv_gdp_lcu_per_intl$,354.559967041016
MMR,2020,unemployment_total_pct,1.476
MMR,2021,gdp_pc_ppp_const2021,5178.44718217164
MMR,2021,gdp_pc_ppp_current,5178.44718217164
MMR,2021,ppp_conv_gdp_lcu_per_intl$,410.472595214844
MMR,2021,unemployment_total_pct,4.34
MMR,2022,gdp_pc_ppp_const2021,5350.47666899931
MMR,2022,gdp_pc_ppp_current,5731.93787872459
MMR,2022,ppp_conv_gdp_lcu_per_intl$,406.772215056473
MMR,2022,unemployment_total_pct,3.057
MMR,2023,gdp_pc_ppp_const2021,5364.13797034429
MMR,2023,gdp_pc_ppp_current,5953.35735165913
MMR,2023,ppp_conv_gdp_lcu_per_intl$,435.000427057
MMR,2023,unemployment_total_pct,3.032
MMR,2024,gdp_pc_ppp_const2021,5276.29433987853
MMR,2024,gdp_pc_ppp_current,5997.46516323715
MMR,2024,ppp_conv_gdp_lcu_per_intl$,475.868546974899
MMR,2024,unemployment_total_pct,3.032
MNE,2019,gdp_pc_ppp_const2021,24585.1659214028
MNE,2019,gdp_pc_ppp_current,23705.0481749248
MNE,2019,gini,35.7
MNE,2019,inflation_cpi_annual_pct,0.361563704540767
MNE,2019,ppp_conv_gdp_lcu_per_intl$,0.329697828907365
MNE,2019,unemployment_total_pct,15.128
MNE,2020,gdp_pc_ppp_const2021,20904.6424194034
MNE,2020,gdp_pc_ppp_current,20624.7797600108
MNE,2020,gini,35.4
MNE,2020,inflation_cpi_annual_pct,-0.255655699848551
MNE,2020,ppp_conv_gdp_lcu_per_intl$,0.320724743216312
MNE,2020,unemployment_total_pct,17.878
MNE,2021,gdp_pc_ppp_const2021,23690.0272582142
MNE,2021,gdp_pc_ppp_current,23690.0272582142
MNE,2021,gini,34.3
MNE,2021,inflation_cpi_annual_pct,2.41080198403165
MNE,2021,ppp_conv_gdp_lcu_per_intl$,0.332482045132732
MNE,2021,unemployment_total_pct,16.543
MNE,2022,gdp_pc_ppp_const2021,25583.3675663587
MNE,2022,gdp_pc_ppp_current,27691.9117209251
MNE,2022,inflation_cpi_annual_pct,13.0403036347004
MNE,2022,ppp_conv_gdp_lcu_per_intl$,0.344234047887677
MNE,2022,unemployment_total_pct,14.851
MNE,2023,gdp_pc_ppp_const2021,27243.4596003566
MNE,2023,gdp_pc_ppp_current,31063.8504485867
MNE,2023,inflation_cpi_annual_pct,8.58476910455403
MNE,2023,ppp_conv_gdp_lcu_per_intl$,0.364952546529053
MNE,2023,unemployment_total_pct,14.621
MNE,2024,gdp_pc_ppp_const2021,28105.6498964095
MNE,2024,gdp_pc_ppp_current,34225.8729889066
MNE,2024,inflation_cpi_annual_pct,3.33675009282281
MNE,2024,ppp_conv_gdp_lcu_per_intl$,0.358213882096042
MNE,2024,unemployment_total_pct,14.1
MNG,2019,gdp_pc_ppp_const2021,15790.6961126441
MNG,2019,gdp_pc_ppp_current,13604.978943194
MNG,2019,inflation_cpi_annual_pct,7.30106953550729
MNG,2019,ppp_conv_gdp_lcu_per_intl$,851.149353027344
MNG,2019,unemployment_total_pct,9.269
MNG,2020,gdp_pc_ppp_const2021,14801.3420829185
MNG,2020,gdp_pc_ppp_current,13693.179806943
MNG,2020,inflation_cpi_annual_pct,3.7237230614026
MNG,2020,ppp_conv_gdp_lcu_per_intl$,822.064819335938
MNG,2020,unemployment_total_pct,6.594
MNG,2021,gdp_pc_ppp_const2021,14792.2509086422
MNG,2021,gdp_pc_ppp_current,14792.2509086422
MNG,2021,inflation_cpi_annual_pct,7.35894657888155
MNG,2021,ppp_conv_gdp_lcu_per_intl$,870.184753417969
MNG,2021,unemployment_total_pct,7.747
MNG,2022,gdp_pc_ppp_const2021,15310.4349469163
MNG,2022,gdp_pc_ppp_current,16401.9894751531
MNG,2022,gini,31.4
MNG,2022,inflation_cpi_annual_pct,15.1509728200805
MNG,2022,ppp_conv_gdp_lcu_per_intl$,956.165820856601
MNG,2022,unemployment_total_pct,6.211
MNG,2023,gdp_pc_ppp_const2021,16222.8638898529
MNG,2023,gdp_pc_ppp_current,18004.8512058355
MNG,2023,inflation_cpi_annual_pct,10.347583131434
MNG,2023,ppp_conv_gdp_lcu_per_intl$,1123.87249557112
MNG,2023,unemployment_total_pct,5.503
MNG,2024,gdp_pc_ppp_const2021,16842.6505873797
MNG,2024,gdp_pc_ppp_current,19144.7261368498
MNG,2024,inflation_cpi_annual_pct,6.20713301510303
MNG,2024,ppp_conv_gdp_lcu_per_intl$,1195.34284153461
MNG,2024,unemployment_total_pct,5.424
MOZ,2019,gdp_pc_ppp_const2021,1528.88988354373
MOZ,2019,gdp_pc_ppp_current,1388.79707034446
MOZ,2019,gini,50.7
MOZ,2019,inflation_cpi_annual_pct,2.80270307928111
MOZ,2019,ppp_conv_gdp_lcu_per_intl$,23.3787746429443
MOZ,2019,unemployment_total_pct,3.646
MOZ,2020,gdp_pc_ppp_const2021,1466.12476474476
MOZ,2020,gdp_pc_ppp_current,1411.62040229911
MOZ,2020,inflation_cpi_annual_pct,3.48393567493204
MOZ,2020,ppp_conv_gdp_lcu_per_intl$,22.7560958862305
MOZ,2020,unemployment_total_pct,3.921
MOZ,2021,gdp_pc_ppp_const2021,1457.23540930922
MOZ,2021,gdp_pc_ppp_current,1457.23540930922
MOZ,2021,inflation_cpi_annual_pct,6.40847652975692
MOZ,2021,ppp_conv_gdp_lcu_per_intl$,22.907154083252
MOZ,2021,unemployment_total_pct,4.053
MOZ,2022,gdp_pc_ppp_const2021,1476.66560298097
MOZ,2022,gdp_pc_ppp_current,1581.9441944262
MOZ,2022,gini,49.6
MOZ,2022,inflation_cpi_annual_pct,10.2794018093421
MOZ,2022,ppp_conv_gdp_lcu_per_intl$,23.3395403859691
MOZ,2022,unemployment_total_pct,3.596
MOZ,2023,gdp_pc_ppp_const2021,1512.27640791481
MOZ,2023,gdp_pc_ppp_current,1678.39118243681
MOZ,2023,inflation_cpi_annual_pct,7.12697482131851
MOZ,2023,ppp_conv_gdp_lcu_per_intl$,23.6756529464258
MOZ,2023,unemployment_total_pct,3.519
MOZ,2024,gdp_pc_ppp_const2021,1500.31427446351
MOZ,2024,gdp_pc_ppp_current,1705.37919520416
MOZ,2024,inflation_cpi_annual_pct,4.07856834812022
MOZ,2024,ppp_conv_gdp_lcu_per_intl$,24.6111381541877
MOZ,2024,unemployment_total_pct,3.527
MRT,2019,gdp_pc_ppp_const2021,6162.21044512087
MRT,2019,gdp_pc_ppp_current,5610.13236713892
MRT,2019,gini,32.0
MRT,2019,inflation_cpi_annual_pct,2.30009262117937
MRT,2019,ppp_conv_gdp_lcu_per_intl$,11.5568342208862
MRT,2019,unemployment_total_pct,10.416
MRT,2020,gdp_pc_ppp_const2021,5963.23549793488
MRT,2020,gdp_pc_ppp_current,5740.73959690129
MRT,2020,inflation_cpi_annual_pct,2.3856948845632
MRT,2020,ppp_conv_gdp_lcu_per_intl$,11.63316822052
MRT,2020,unemployment_total_pct,11.054
MRT,2021,gdp_pc_ppp_const2021,5836.56580821897
MRT,2021,gdp_pc_ppp_current,5836.56580821897
MRT,2021,inflation_cpi_annual_pct,3.56516484650185
MRT,2021,ppp_conv_gdp_lcu_per_intl$,12.035120010376
MRT,2021,unemployment_total_pct,11.144
MRT,2022,gdp_pc_ppp_const2021,6053.26178155509
MRT,2022,gdp_pc_ppp_current,6484.82792132631
MRT,2022,inflation_cpi_annual_pct,9.52526628622843
MRT,2022,ppp_conv_gdp_lcu_per_intl$,11.1653873936238
MRT,2022,unemployment_total_pct,10.531
MRT,2023,gdp_pc_ppp_const2021,6276.47521079359
MRT,2023,gdp_pc_ppp_current,6965.90953574715
MRT,2023,inflation_cpi_annual_pct,4.95305034506872
MRT,2023,ppp_conv_gdp_lcu_per_intl$,11.1877567676306
MRT,2023,unemployment_total_pct,10.446
MRT,2024,gdp_pc_ppp_const2021,6482.69016724334
MRT,2024,gdp_pc_ppp_current,7368.75275290214
MRT,2024,inflation_cpi_annual_pct,2.49164347481972
MRT,2024,ppp_conv_gdp_lcu_per_intl$,11.3448905855963
MRT,2024,unemployment_total_pct,10.373
MUS,2019,gdp_pc_ppp_const2021,26047.9753573284
MUS,2019,gdp_pc_ppp_current,24374.7818286566
MUS,2019,inflation_cpi_annual_pct,0.405655190309553
MUS,2019,ppp_conv_gdp_lcu_per_intl$,16.8357048034668
MUS,2019,unemployment_total_pct,6.331
MUS,2020,gdp_pc_ppp_const2021,22258.3868106268
MUS,2020,gdp_pc_ppp_current,21621.5971225158
MUS,2020,inflation_cpi_annual_pct,2.5808007718283
MUS,2020,ppp_conv_gdp_lcu_per_intl$,16.625394821167
MUS,2020,unemployment_total_pct,8.626
MUS,2021,gdp_pc_ppp_const2021,23010.2013826905
MUS,2021,gdp_pc_ppp_current,23010.2013826905
MUS,2021,inflation_cpi_annual_pct,4.02852888157376
MUS,2021,ppp_conv_gdp_lcu_per_intl$,16.6290760040283
MUS,2021,unemployment_total_pct,7.719
MUS,2022,gdp_pc_ppp_const2021,25085.9891959451
MUS,2022,gdp_pc_ppp_current,26874.4899927593
MUS,2022,inflation_cpi_annual_pct,10.7737512242899
MUS,2022,ppp_conv_gdp_lcu_per_intl$,16.845673398191
MUS,2022,unemployment_total_pct,6.322
MUS,2023,gdp_pc_ppp_const2021,26635.0124048697
MUS,2023,gdp_pc_ppp_current,29560.7137230079
MUS,2023,inflation_cpi_annual_pct,7.05298238454736
MUS,2023,ppp_conv_gdp_lcu_per_intl$,17.2580473590052
MUS,2023,unemployment_total_pct,5.571
MUS,2024,gdp_pc_ppp_const2021,28011.1579806299
MUS,2024,gdp_pc_ppp_current,31839.7597535524
MUS,2024,inflation_cpi_annual_pct,3.6045220384796
MUS,2024,ppp_conv_gdp_lcu_per_intl$,17.4796592721433
MUS,2024,unemployment_total_pct,5.476
MWI,2019,gdp_pc_ppp_const2021,1687.28944917892
MWI,2019,gdp_pc_ppp_current,1450.01008064784
MWI,2019,gini,38.5
MWI,2019,inflation_cpi_annual_pct,9.3708360560567
MWI,2019,ppp_conv_gdp_lcu_per_intl$,298.671356201172
MWI,2019,unemployment_total_pct,4.966
MWI,2020,gdp_pc_ppp_const2021,1656.43985192533
MWI,2020,gdp_pc_ppp_current,1513.45990803344
MWI,2020,inflation_cpi_annual_pct,8.62551469650552
MWI,2020,ppp_conv_gdp_lcu_per_intl$,298.386444091797
MWI,2020,unemployment_total_pct,5.728
MWI,2021,gdp_pc_ppp_const2021,1687.59358179651
MWI,2021,gdp_pc_ppp_current,1687.59358179651
MWI,2021,inflation_cpi_annual_pct,9.33014410835212
MWI,2021,ppp_conv_gdp_lcu_per_intl$,294.85791015625
MWI,2021,unemployment_total_pct,5.662
MWI,2022,gdp_pc_ppp_const2021,1659.95933825168
MWI,2022,gdp_pc_ppp_current,1778.30582146001
MWI,2022,inflation_cpi_annual_pct,20.953969729969
MWI,2022,ppp_conv_gdp_lcu_per_intl$,322.484216985564
MWI,2022,unemployment_total_pct,5.037
MWI,2023,gdp_pc_ppp_const2021,1649.29873234551
MWI,2023,gdp_pc_ppp_current,1830.46461287442
MWI,2023,inflation_cpi_annual_pct,28.7897428247298
MWI,2023,ppp_conv_gdp_lcu_per_intl$,401.658734634994
MWI,2023,unemployment_total_pct,5.033
MWI,2024,gdp_pc_ppp_const2021,1634.24660266597
MWI,2024,gdp_pc_ppp_current,1857.61756950305
MWI,2024,inflation_cpi_annual_pct,32.1796504225025
MWI,2024,ppp_conv_gdp_lcu_per_intl$,489.016043071952
MWI,2024,unemployment_total_pct,5.045
MYS,2019,gdp_pc_ppp_const2021,31300.5086554849
MYS,2019,gdp_pc_ppp_current,28933.928297233
MYS,2019,inflation_cpi_annual_pct,0.662891865764326
MYS,2019,ppp_conv_gdp_lcu_per_intl$,1.56344366073608
MYS,2019,unemployment_total_pct,3.26
MYS,2020,gdp_pc_ppp_const2021,29200.452632127
MYS,2020,gdp_pc_ppp_current,27474.7361378236
MYS,2020,inflation_cpi_annual_pct,-1.1387021539305
MYS,2020,ppp_conv_gdp_lcu_per_intl$,1.52344620227814
MYS,2020,unemployment_total_pct,4.54
MYS,2021,gdp_pc_ppp_const2021,29822.8491831618
MYS,2021,gdp_pc_ppp_current,29822.8491831618
MYS,2021,gini,40.7
MYS,2021,inflation_cpi_annual_pct,2.47710241465447
MYS,2021,ppp_conv_gdp_lcu_per_intl$,1.5147716999054
MYS,2021,unemployment_total_pct,4.64
MYS,2022,gdp_pc_ppp_const2021,32129.2217820113
MYS,2022,gdp_pc_ppp_current,34419.8684975666
MYS,2022,inflation_cpi_annual_pct,3.37869862549928
MYS,2022,ppp_conv_gdp_lcu_per_intl$,1.50299082015945
MYS,2022,unemployment_total_pct,3.93
MYS,2023,gdp_pc_ppp_const2021,32857.6676600774
MYS,2023,gdp_pc_ppp_current,36466.8914938333
MYS,2023,inflation_cpi_annual_pct,2.48886560125754
MYS,2023,ppp_conv_gdp_lcu_per_intl$,1.42396107224237
MYS,2023,unemployment_total_pct,3.869
MYS,2024,gdp_pc_ppp_const2021,34116.2317848885
MYS,2024,gdp_pc_ppp_current,38779.2830442253
MYS,2024,inflation_cpi_annual_pct,1.834100204499
MYS,2024,ppp_conv_gdp_lcu_per_intl$,1.40132714240358
MYS,2024,unemployment_total_pct,3.826
NAM,2019,gdp_pc_ppp_const2021,10813.3044681944
NAM,2019,gdp_pc_ppp_current,9609.48555672874
NAM,2019,inflation_cpi_annual_pct,3.72239414422695
NAM,2019,ppp_conv_gdp_lcu_per_intl$,7.1147084236145
NAM,2019,unemployment_total_pct,19.921
NAM,2020,gdp_pc_ppp_const2021,9652.24827219463
NAM,2020,gdp_pc_ppp_current,9354.13136713077
NAM,2020,inflation_cpi_annual_pct,2.20938236933469
NAM,2020,ppp_conv_gdp_lcu_per_intl$,6.82631635665894
NAM,2020,unemployment_total_pct,21.004
NAM,2021,gdp_pc_ppp_const2021,9709.09930646771
NAM,2021,gdp_pc_ppp_current,9709.09930646771
NAM,2021,inflation_cpi_annual_pct,3.61690530108814
NAM,2021,ppp_conv_gdp_lcu_per_intl$,6.71698379516602
NAM,2021,unemployment_total_pct,20.922
NAM,2022,gdp_pc_ppp_const2021,9953.09752403491
NAM,2022,gdp_pc_ppp_current,10662.7017064119
NAM,2022,inflation_cpi_annual_pct,6.08128114112413
NAM,2022,ppp_conv_gdp_lcu_per_intl$,6.67229545762446
NAM,2022,unemployment_total_pct,19.695
NAM,2023,gdp_pc_ppp_const2021,10137.6726120025
NAM,2023,gdp_pc_ppp_current,11251.2370313819
NAM,2023,inflation_cpi_annual_pct,5.87993463284275
NAM,2023,ppp_conv_gdp_lcu_per_intl$,6.86554300385199
NAM,2023,unemployment_total_pct,19.365
NAM,2024,gdp_pc_ppp_const2021,10281.3356402988
NAM,2024,gdp_pc_ppp_current,11686.6020661881
NAM,2024,inflation_cpi_annual_pct,4.23903922877036
NAM,2024,ppp_conv_gdp_lcu_per_intl$,6.92131935400361
NAM,2024,unemployment_total_pct,19.148
NCL,2019,unemployment_total_pct,10.88
NCL,2020,unemployment_total_pct,13.558
NCL,2021,unemployment_total_pct,11.54
NCL,2022,unemployment_total_pct,10.71
NCL,2023,unemployment_total_pct,10.939
NCL,2024,unemployment_total_pct,11.15
NER,2019,gdp_pc_ppp_const2021,1612.63734693259
NER,2019,gdp_pc_ppp_current,1419.16805070193
NER,2019,inflation_cpi_annual_pct,-2.48979265070855
NER,2019,ppp_conv_gdp_lcu_per_intl$,231.897216796875
NER,2019,unemployment_total_pct,0.531
NER,2020,gdp_pc_ppp_const2021,1615.69272448944
NER,2020,gdp_pc_ppp_current,1496.83350023022
NER,2020,inflation_cpi_annual_pct,2.8981937602627
NER,2020,ppp_conv_gdp_lcu_per_intl$,222.843276977539
NER,2020,unemployment_total_pct,0.594
NER,2021,gdp_pc_ppp_const2021,1585.59922021188
NER,2021,gdp_pc_ppp_current,1585.59922021188
NER,2021,gini,32.9
NER,2021,inflation_cpi_annual_pct,3.8378680284051
NER,2021,ppp_conv_gdp_lcu_per_intl$,212.888137817383
NER,2021,unemployment_total_pct,0.78
NER,2022,gdp_pc_ppp_const2021,1717.51891457684
NER,2022,gdp_pc_ppp_current,1839.96909675903
NER,2022,inflation_cpi_annual_pct,4.22621791916392
NER,2022,ppp_conv_gdp_lcu_per_intl$,206.706977637525
NER,2022,unemployment_total_pct,0.418
NER,2023,gdp_pc_ppp_const2021,1689.56425367067
NER,2023,gdp_pc_ppp_current,1875.15306770628
NER,2023,inflation_cpi_annual_pct,3.70097316425834
NER,2023,ppp_conv_gdp_lcu_per_intl$,206.487333580632
NER,2023,unemployment_total_pct,0.425
NER,2024,gdp_pc_ppp_const2021,1803.4369300532
NER,2024,gdp_pc_ppp_current,2049.93305251019
NER,2024,inflation_cpi_annual_pct,9.07151997725013
NER,2024,ppp_conv_gdp_lcu_per_intl$,217.484010909486
NER,2024,unemployment_total_pct,0.355
NGA,2019,gdp_pc_ppp_const2021,8361.78664857198
NGA,2019,gdp_pc_ppp_current,7551.39380367192
NGA,2019,inflation_cpi_annual_pct,11.3964223378116
NGA,2019,ppp_conv_gdp_lcu_per_intl$,129.647445678711
NGA,2019,unemployment_total_pct,5.206
NGA,2020,gdp_pc_ppp_const2021,7664.21099591193
NGA,2020,gdp_pc_ppp_current,7414.7749554048
NGA,2020,inflation_cpi_annual_pct,13.2460234276597
NGA,2020,ppp_conv_gdp_lcu_per_intl$,134.639099121094
NGA,2020,unemployment_total_pct,5.742
NGA,2021,gdp_pc_ppp_const2021,7588.47885596359
NGA,2021,gdp_pc_ppp_current,7588.47885596359
NGA,2021,inflation_cpi_annual_pct,16.9528457221608
NGA,2021,ppp_conv_gdp_lcu_per_intl$,146.717681884766
NGA,2021,unemployment_total_pct,5.45
NGA,2022,gdp_pc_ppp_const2021,7752.26206532009
NGA,2022,gdp_pc_ppp_current,8304.9581050353
NGA,2022,gini,33.9
NGA,2022,inflation_cpi_annual_pct,18.8471877843274
NGA,2022,ppp_conv_gdp_lcu_per_intl$,147.973777353012
NGA,2022,unemployment_total_pct,3.821
NGA,2023,gdp_pc_ppp_const2021,7843.83461990405
NGA,2023,gdp_pc_ppp_current,8705.43426693539
NGA,2023,inflation_cpi_annual_pct,24.659550203114
NGA,2023,ppp_conv_gdp_lcu_per_intl$,158.292379437909
NGA,2023,unemployment_total_pct,3.074
NGA,2024,gdp_pc_ppp_const2021,7994.21563861459
NGA,2024,gdp_pc_ppp_current,9086.87550609627
NGA,2024,inflation_cpi_annual_pct,33.2420966545406
NGA,2024,ppp_conv_gdp_lcu_per_intl$,176.331472743819
NGA,2024,unemployment_total_pct,2.989
NIC,2019,gdp_pc_ppp_const2021,6756.59375829081
NIC,2019,gdp_pc_ppp_current,5981.10876431466
NIC,2019,inflation_cpi_annual_pct,5.37628990844126
NIC,2019,ppp_conv_gdp_lcu_per_intl$,10.8463048934937
NIC,2019,unemployment_total_pct,5.472
NIC,2020,gdp_pc_ppp_const2021,6523.3698502278
NIC,2020,gdp_pc_ppp_current,6274.09456741388
NIC,2020,inflation_cpi_annual_pct,3.68181341625572
NIC,2020,ppp_conv_gdp_lcu_per_intl$,10.6103572845459
NIC,2020,unemployment_total_pct,6.201
NIC,2021,gdp_pc_ppp_const2021,7119.16923360042
NIC,2021,gdp_pc_ppp_current,7119.16923360042
NIC,2021,inflation_cpi_annual_pct,4.92841396948968
NIC,2021,ppp_conv_gdp_lcu_per_intl$,10.564323425293
NIC,2021,unemployment_total_pct,6.118
NIC,2022,gdp_pc_ppp_const2021,7277.82264804562
NIC,2022,gdp_pc_ppp_current,7796.69362034144
NIC,2022,inflation_cpi_annual_pct,10.4674244465991
NIC,2022,ppp_conv_gdp_lcu_per_intl$,10.688165678174
NIC,2022,unemployment_total_pct,4.961
NIC,2023,gdp_pc_ppp_const2021,7496.5292687685
NIC,2023,gdp_pc_ppp_current,8319.97944140996
NIC,2023,inflation_cpi_annual_pct,8.38765854872536
NIC,2023,ppp_conv_gdp_lcu_per_intl$,11.4292696584472
NIC,2023,unemployment_total_pct,4.716
NIC,2024,gdp_pc_ppp_const2021,7661.60202722818
NIC,2024,gdp_pc_ppp_current,8708.79983051626
NIC,2024,inflation_cpi_annual_pct,4.62473841057141
NIC,2024,ppp_conv_gdp_lcu_per_intl$,11.9751457059146
NIC,2024,unemployment_total_pct,4.574
NLD,2019,gdp_pc_ppp_const2021,67847.8542926795
NLD,2019,gdp_pc_ppp_current,62345.2538465433
NLD,2019,gini,29.2
NLD,2019,inflation_cpi_annual_pct,2.63369910249601
NLD,2019,ppp_conv_gdp_lcu_per_intl$,0.767329
NLD,2019,unemployment_total_pct,3.379
NLD,2020,gdp_pc_ppp_const2021,64862.1922496366
NLD,2020,gdp_pc_ppp_current,62596.6302027524
NLD,2020,gini,26.0
NLD,2020,inflation_cpi_annual_pct,1.27246037789161
NLD,2020,ppp_conv_gdp_lcu_per_intl$,0.747828
NLD,2020,unemployment_total_pct,3.82
NLD,2021,gdp_pc_ppp_const2021,68573.5648786446
NLD,2021,gdp_pc_ppp_current,68573.5648786446
NLD,2021,gini,25.7
NLD,2021,inflation_cpi_annual_pct,2.67572008805385
NLD,2021,ppp_conv_gdp_lcu_per_intl$,0.741535
NLD,2021,unemployment_total_pct,4.209
NLD,2022,gdp_pc_ppp_const2021,71324.0360349277
NLD,2022,gdp_pc_ppp_current,77152.2237613361
NLD,2022,inflation_cpi_annual_pct,10.0012078753473
NLD,2022,ppp_conv_gdp_lcu_per_intl$,0.727716
NLD,2022,unemployment_total_pct,3.526
NLD,2023,gdp_pc_ppp_const2021,70198.9297909022
NLD,2023,gdp_pc_ppp_current,78305.2888358968
NLD,2023,inflation_cpi_annual_pct,3.83839354342808
NLD,2023,ppp_conv_gdp_lcu_per_intl$,0.76264
NLD,2023,unemployment_total_pct,3.537
NLD,2024,gdp_pc_ppp_const2021,70498.8840396071
NLD,2024,gdp_pc_ppp_current,84221.9783775078
NLD,2024,inflation_cpi_annual_pct,3.34754304219953
NLD,2024,ppp_conv_gdp_lcu_per_intl$,0.74837
NLD,2024,unemployment_total_pct,3.599
NOR,2019,gdp_pc_ppp_const2021,87725.7283254613
NOR,2019,gdp_pc_ppp_current,70939.605518036
NOR,2019,gini,27.7
NOR,2019,inflation_cpi_annual_pct,2.16773003305402
NOR,2019,ppp_conv_gdp_lcu_per_intl$,9.481152
NOR,2019,unemployment_total_pct,3.684
NOR,2020,gdp_pc_ppp_const2021,86096.0508947506
NOR,2020,gdp_pc_ppp_current,67110.6045705502
NOR,2020,gini,28.4
NOR,2020,inflation_cpi_annual_pct,1.28658490708005
NOR,2020,ppp_conv_gdp_lcu_per_intl$,9.588324
NOR,2020,unemployment_total_pct,4.424
NOR,2021,gdp_pc_ppp_const2021,88984.1386736515
NOR,2021,gdp_pc_ppp_current,88984.1386736515
NOR,2021,gini,29.1
NOR,2021,inflation_cpi_annual_pct,3.48388055266678
NOR,2021,ppp_conv_gdp_lcu_per_intl$,8.984704
NOR,2021,unemployment_total_pct,4.359
NOR,2022,gdp_pc_ppp_const2021,91051.0831968407
NOR,2022,gdp_pc_ppp_current,123150.172908009
NOR,2022,gini,26.9
NOR,2022,inflation_cpi_annual_pct,5.76412317852272
NOR,2022,ppp_conv_gdp_lcu_per_intl$,8.530523
NOR,2022,unemployment_total_pct,3.231
NOR,2023,gdp_pc_ppp_const2021,90085.4382059786
NOR,2023,gdp_pc_ppp_current,100437.199369202
NOR,2023,gini,26.5
NOR,2023,inflation_cpi_annual_pct,5.51784987104659
NOR,2023,ppp_conv_gdp_lcu_per_intl$,9.20239
NOR,2023,unemployment_total_pct,3.572
NOR,2024,gdp_pc_ppp_const2021,91105.246799623
NOR,2024,gdp_pc_ppp_current,101031.460599068
NOR,2024,inflation_cpi_annual_pct,3.14530134431073
NOR,2024,ppp_conv_gdp_lcu_per_intl$,9.23318
NOR,2024,unemployment_total_pct,3.97
NPL,2019,gdp_pc_ppp_const2021,4607.52454717112
NPL,2019,gdp_pc_ppp_current,4260.67373190851
NPL,2019,inflation_cpi_annual_pct,5.56616035243723
NPL,2019,ppp_conv_gdp_lcu_per_intl$,31.8753757476807
NPL,2019,unemployment_total_pct,10.389
NPL,2020,gdp_pc_ppp_const2021,4412.5420439395
NPL,2020,gdp_pc_ppp_current,4235.57462326905
NPL,2020,inflation_cpi_annual_pct,5.05635826238499
NPL,2020,ppp_conv_gdp_lcu_per_intl$,31.6953372955322
NPL,2020,unemployment_total_pct,12.975
NPL,2021,gdp_pc_ppp_const2021,4546.22970006289
NPL,2021,gdp_pc_ppp_current,4546.22970006289
NPL,2021,inflation_cpi_annual_pct,4.12676744440695
NPL,2021,ppp_conv_gdp_lcu_per_intl$,32.4816780090332
NPL,2021,unemployment_total_pct,12.186
NPL,2022,gdp_pc_ppp_const2021,4763.38751073946
NPL,2022,gdp_pc_ppp_current,5102.99231132947
NPL,2022,gini,30.0
NPL,2022,inflation_cpi_annual_pct,7.6702057938028
NPL,2022,ppp_conv_gdp_lcu_per_intl$,32.8187490162649
NPL,2022,unemployment_total_pct,10.844
NPL,2023,gdp_pc_ppp_const2021,4861.23030387639
NPL,2023,gdp_pc_ppp_current,5395.20820077513
NPL,2023,inflation_cpi_annual_pct,7.11587261530826
NPL,2023,ppp_conv_gdp_lcu_per_intl$,33.5000455390021
NPL,2023,unemployment_total_pct,10.628
NPL,2024,gdp_pc_ppp_const2021,5046.81592972946
NPL,2024,gdp_pc_ppp_current,5736.62134332704
NPL,2024,inflation_cpi_annual_pct,4.6850965426577
NPL,2024,ppp_conv_gdp_lcu_per_intl$,33.5637990824022
NPL,2024,unemployment_total_pct,10.706
NRU,2019,gdp_pc_ppp_const2021,11183.095616258
NRU,2019,gdp_pc_ppp_current,10554.5218534787
NRU,2019,ppp_conv_gdp_lcu_per_intl$,1.43096324314183
NRU,2020,gdp_pc_ppp_const2021,11304.5723318731
NRU,2020,gdp_pc_ppp_current,10810.9461002401
NRU,2020,ppp_conv_gdp_lcu_per_intl$,1.47769343765705
NRU,2021,gdp_pc_ppp_const2021,12112.2358384228
NRU,2021,gdp_pc_ppp_current,12112.2358384228
NRU,2021,ppp_conv_gdp_lcu_per_intl$,1.6570046907407
NRU,2022,gdp_pc_ppp_const2021,12363.6457029853
NRU,2022,gdp_pc_ppp_current,13245.1094562619
NRU,2022,ppp_conv_gdp_lcu_per_intl$,1.34352246531097
NRU,2023,gdp_pc_ppp_const2021,12372.5209531064
NRU,2023,gdp_pc_ppp_current,13731.5704745016
NRU,2023,ppp_conv_gdp_lcu_per_intl$,1.37983987019084
NRU,2024,gdp_pc_ppp_const2021,12468.7614524615
NRU,2024,gdp_pc_ppp_current,14173.0081043154
NRU,2024,ppp_conv_gdp_lcu_per_intl$,1.46463963215346
NZL,2019,gdp_pc_ppp_const2021,47362.3199332352
NZL,2019,gdp_pc_ppp_current,45278.4587226734
NZL,2019,inflation_cpi_annual_pct,1.61963190184048
NZL,2019,ppp_conv_gdp_lcu_per_intl$,1.436661
NZL,2019,unemployment_total_pct,4.109
NZL,2020,gdp_pc_ppp_const2021,46266.3954728951
NZL,2020,gdp_pc_ppp_current,45513.3123768343
NZL,2020,inflation_cpi_annual_pct,1.71456170007245
NZL,2020,ppp_conv_gdp_lcu_per_intl$,1.422947
NZL,2020,unemployment_total_pct,4.595
NZL,2021,gdp_pc_ppp_const2021,48248.7176729892
NZL,2021,gdp_pc_ppp_current,48248.7176729892
NZL,2021,inflation_cpi_annual_pct,3.94112060778728
NZL,2021,ppp_conv_gdp_lcu_per_intl$,1.463664
NZL,2021,unemployment_total_pct,3.776
NZL,2022,gdp_pc_ppp_const2021,49964.1765523158
NZL,2022,gdp_pc_ppp_current,54021.059471244
NZL,2022,inflation_cpi_annual_pct,7.17222476016441
NZL,2022,ppp_conv_gdp_lcu_per_intl$,1.433501
NZL,2022,unemployment_total_pct,3.297
NZL,2023,gdp_pc_ppp_const2021,49508.2697230172
NZL,2023,gdp_pc_ppp_current,54320.2455903362
NZL,2023,inflation_cpi_annual_pct,5.73316283034957
NZL,2023,ppp_conv_gdp_lcu_per_intl$,1.471218
NZL,2023,unemployment_total_pct,3.729
NZL,2024,gdp_pc_ppp_const2021,49316.3999433708
NZL,2024,gdp_pc_ppp_current,55624.9347220549
NZL,2024,inflation_cpi_annual_pct,2.92279782301957
NZL,2024,ppp_conv_gdp_lcu_per_intl$,1.46197
NZL,2024,unemployment_total_pct,4.869
OMN,2019,gdp_pc_ppp_const2021,38292.3859682752
OMN,2019,gdp_pc_ppp_current,37250.6110788359
OMN,2019,inflation_cpi_annual_pct,0.490815362820671
OMN,2019,ppp_conv_gdp_lcu_per_intl$,0.197977468371391
OMN,2019,unemployment_total_pct,2.04
OMN,2020,gdp_pc_ppp_const2021,37560.5998714953
OMN,2020,gdp_pc_ppp_current,35163.3281781415
OMN,2020,inflation_cpi_annual_pct,-0.40640291946585
OMN,2020,ppp_conv_gdp_lcu_per_intl$,0.183537229895592
OMN,2020,unemployment_total_pct,2.94
OMN,2021,gdp_pc_ppp_const2021,38719.4587682049
OMN,2021,gdp_pc_ppp_current,38719.4587682049
OMN,2021,inflation_cpi_annual_pct,1.68221185876085
OMN,2021,ppp_conv_gdp_lcu_per_intl$,0.192684262990952
OMN,2021,unemployment_total_pct,1.9
OMN,2022,gdp_pc_ppp_const2021,39780.2122774985
OMN,2022,gdp_pc_ppp_current,42616.3348955868
OMN,2022,inflation_cpi_annual_pct,2.5061425061425
OMN,2022,ppp_conv_gdp_lcu_per_intl$,0.209531571932125
OMN,2022,unemployment_total_pct,3.3
OMN,2023,gdp_pc_ppp_const2021,37793.6164427762
OMN,2023,gdp_pc_ppp_current,41945.0255640883
OMN,2023,inflation_cpi_annual_pct,0.950782997762827
OMN,2023,ppp_conv_gdp_lcu_per_intl$,0.192756240722628
OMN,2023,unemployment_total_pct,3.176
OMN,2024,gdp_pc_ppp_const2021,36721.0804634186
OMN,2024,gdp_pc_ppp_current,41740.1658530012
OMN,2024,inflation_cpi_annual_pct,0.593589236248469
OMN,2024,ppp_conv_gdp_lcu_per_intl$,0.186862455706877
OMN,2024,unemployment_total_pct,3.161
OSS,2019,gdp_pc_ppp_const2021,23747.6829206239
OSS,2019,gdp_pc_ppp_current,22389.5278119959
OSS,2019,inflation_cpi_annual_pct,1.6420600176894
OSS,2019,unemployment_total_pct,8.32651485903715
OSS,2020,gdp_pc_ppp_const2021,22167.0708621402
OSS,2020,gdp_pc_ppp_current,21293.9339575178
OSS,2020,inflation_cpi_annual_pct,0.712593443137932
OSS,2020,unemployment_total_pct,9.92399055106642
OSS,2021,gdp_pc_ppp_const2021,23596.3911672116
OSS,2021,gdp_pc_ppp_current,23596.3911672116
OSS,2021,inflation_cpi_annual_pct,2.4284453278932
OSS,2021,unemployment_total_pct,9.44212639660639
OSS,2022,gdp_pc_ppp_const2021,24125.9652805882
OSS,2022,gdp_pc_ppp_current,26119.4995618543
OSS,2022,inflation_cpi_annual_pct,7.46811935414937
OSS,2022,unemployment_total_pct,8.78777403836868
OSS,2023,gdp_pc_ppp_const2021,24570.7498603271
OSS,2023,gdp_pc_ppp_current,27385.5786524343
OSS,2023,inflation_cpi_annual_pct,5.51293808804143
OSS,2023,unemployment_total_pct,8.43569113968255
OSS,2024,gdp_pc_ppp_const2021,25078.02888336
OSS,2024,gdp_pc_ppp_current,29109.3163261512
OSS,2024,inflation_cpi_annual_pct,2.06969770479834
OSS,2024,unemployment_total_pct,8.42835126637849
PAK,2019,gdp_pc_ppp_const2021,5295.95295138203
PAK,2019,gdp_pc_ppp_current,5037.53401559745
PAK,2019,inflation_cpi_annual_pct,10.5783618004555
PAK,2019,ppp_conv_gdp_lcu_per_intl$,37.6706199645996
PAK,2019,unemployment_total_pct,4.83
PAK,2020,gdp_pc_ppp_const2021,5135.01459288839
PAK,2020,gdp_pc_ppp_current,5048.0213062963
PAK,2020,inflation_cpi_annual_pct,9.73999313898155
PAK,2020,ppp_conv_gdp_lcu_per_intl$,40.0747337341309
PAK,2020,unemployment_total_pct,6.127
PAK,2021,gdp_pc_ppp_const2021,5367.27364714762
PAK,2021,gdp_pc_ppp_current,5367.27364714762
PAK,2021,inflation_cpi_annual_pct,9.49621056124947
PAK,2021,ppp_conv_gdp_lcu_per_intl$,43.4407234191895
PAK,2021,unemployment_total_pct,6.338
PAK,2022,gdp_pc_ppp_const2021,5526.27928310213
PAK,2022,gdp_pc_ppp_current,5920.27430654107
PAK,2022,inflation_cpi_annual_pct,19.8738599646655
PAK,2022,ppp_conv_gdp_lcu_per_intl$,46.201159129959
PAK,2022,unemployment_total_pct,5.485
PAK,2023,gdp_pc_ppp_const2021,5418.7693189297
PAK,2023,gdp_pc_ppp_current,6013.989636386
PAK,2023,inflation_cpi_annual_pct,30.7681280657005
PAK,2023,ppp_conv_gdp_lcu_per_intl$,56.1984695253759
PAK,2023,unemployment_total_pct,5.408
PAK,2024,gdp_pc_ppp_const2021,5500.32394824285
PAK,2024,gdp_pc_ppp_current,6252.11543199559
PAK,2024,inflation_cpi_annual_pct,12.6325318530452
PAK,2024,ppp_conv_gdp_lcu_per_intl$,66.9591494127257
PAK,2024,unemployment_total_pct,5.472
PAN,2019,gdp_pc_ppp_const2021,33163.726919217
PAN,2019,gdp_pc_ppp_current,33239.7332276186
PAN,2019,gini,49.8
PAN,2019,inflation_cpi_annual_pct,-0.355083821021245
PAN,2019,ppp_conv_gdp_lcu_per_intl$,0.495729207992554
PAN,2019,unemployment_total_pct,6.256
PAN,2020,gdp_pc_ppp_const2021,26881.7987214437
PAN,2020,gdp_pc_ppp_current,27017.0033790906
PAN,2020,inflation_cpi_annual_pct,-1.5502754080376
PAN,2020,ppp_conv_gdp_lcu_per_intl$,0.491933196783066
PAN,2020,unemployment_total_pct,14.663
PAN,2021,gdp_pc_ppp_const2021,30932.7627809145
PAN,2021,gdp_pc_ppp_current,30932.7627809145
PAN,2021,gini,50.9
PAN,2021,inflation_cpi_annual_pct,1.63070337301898
PAN,2021,ppp_conv_gdp_lcu_per_intl$,0.501403868198395
PAN,2021,unemployment_total_pct,10.177
PAN,2022,gdp_pc_ppp_const2021,33915.1526066674
PAN,2022,gdp_pc_ppp_current,36333.1269184359
PAN,2022,inflation_cpi_annual_pct,2.85965128834711
PAN,2022,ppp_conv_gdp_lcu_per_intl$,0.478313001817018
PAN,2022,unemployment_total_pct,8.086
PAN,2023,gdp_pc_ppp_const2021,35872.9506479276
PAN,2023,gdp_pc_ppp_current,39813.3857939972
PAN,2023,gini,48.9
PAN,2023,inflation_cpi_annual_pct,1.48641355277038
PAN,2023,ppp_conv_gdp_lcu_per_intl$,0.472132500779136
PAN,2023,unemployment_total_pct,6.544
PAN,2024,gdp_pc_ppp_const2021,36394.9175291147
PAN,2024,gdp_pc_ppp_current,41369.422541499
PAN,2024,gini,49.7
PAN,2024,inflation_cpi_annual_pct,0.693225551004538
PAN,2024,ppp_conv_gdp_lcu_per_intl$,0.463173466609024
PAN,2024,unemployment_total_pct,6.518
PER,2019,gdp_pc_ppp_const2021,15463.5432397882
PER,2019,gdp_pc_ppp_current,13563.5372933551
PER,2019,gini,41.5
PER,2019,inflation_cpi_annual_pct,2.25212191358027
PER,2019,ppp_conv_gdp_lcu_per_intl$,1.73128080368042
PER,2019,unemployment_total_pct,3.379
PER,2020,gdp_pc_ppp_const2021,13609.5999609595
PER,2020,gdp_pc_ppp_current,12563.3038060893
PER,2020,gini,43.7
PER,2020,inflation_cpi_annual_pct,2.00241205759292
PER,2020,ppp_conv_gdp_lcu_per_intl$,1.70620810985565
PER,2020,unemployment_total_pct,7.179
PER,2021,gdp_pc_ppp_const2021,15280.5512106486
PER,2021,gdp_pc_ppp_current,15280.5512106486
PER,2021,gini,40.1
PER,2021,inflation_cpi_annual_pct,4.27166381536798
PER,2021,ppp_conv_gdp_lcu_per_intl$,1.73354005813599
PER,2021,unemployment_total_pct,5.097
PER,2022,gdp_pc_ppp_const2021,15559.821643644
PER,2022,gdp_pc_ppp_current,16669.1561486769
PER,2022,gini,40.3
PER,2022,inflation_cpi_annual_pct,8.33370630096231
PER,2022,ppp_conv_gdp_lcu_per_intl$,1.69120725596843
PER,2022,unemployment_total_pct,3.85
PER,2023,gdp_pc_ppp_const2021,15327.5819994558
PER,2023,gdp_pc_ppp_current,17011.2278028825
PER,2023,gini,40.7
PER,2023,inflation_cpi_annual_pct,6.45561348369586
PER,2023,ppp_conv_gdp_lcu_per_intl$,1.73588788714955
PER,2023,unemployment_total_pct,4.899
PER,2024,gdp_pc_ppp_const2021,15661.7497711956
PER,2024,gdp_pc_ppp_current,17802.4182498972
PER,2024,gini,40.1
PER,2024,inflation_cpi_annual_pct,2.00770739412712
PER,2024,ppp_conv_gdp_lcu_per_intl$,1.78230274124247
PER,2024,unemployment_total_pct,4.828
PHL,2019,gdp_pc_ppp_const2021,9452.2939715981
PHL,2019,gdp_pc_ppp_current,8924.10116402887
PHL,2019,inflation_cpi_annual_pct,2.39206534422404
PHL,2019,ppp_conv_gdp_lcu_per_intl$,19.7382965087891
PHL,2019,unemployment_total_pct,2.237
PHL,2020,gdp_pc_ppp_const2021,8455.18457134106
PHL,2020,gdp_pc_ppp_current,8238.36802037457
PHL,2020,inflation_cpi_annual_pct,2.3931623931624
PHL,2020,ppp_conv_gdp_lcu_per_intl$,19.4414348602295
PHL,2020,unemployment_total_pct,2.522
PHL,2021,gdp_pc_ppp_const2021,8857.78995115514
PHL,2021,gdp_pc_ppp_current,8857.78995115514
PHL,2021,gini,40.7
PHL,2021,inflation_cpi_annual_pct,3.92718022100332
PHL,2021,ppp_conv_gdp_lcu_per_intl$,19.37526512146
PHL,2021,unemployment_total_pct,3.398
PHL,2022,gdp_pc_ppp_const2021,9457.10395402883
PHL,2022,gdp_pc_ppp_current,10131.346369794
PHL,2022,inflation_cpi_annual_pct,5.82115811213955
PHL,2022,ppp_conv_gdp_lcu_per_intl$,19.0785067744332
PHL,2022,unemployment_total_pct,2.598
PHL,2023,gdp_pc_ppp_const2021,9898.53294588746
PHL,2023,gdp_pc_ppp_current,10985.8292627505
PHL,2023,gini,39.3
PHL,2023,inflation_cpi_annual_pct,5.97802515541409
PHL,2023,ppp_conv_gdp_lcu_per_intl$,19.2632252622666
PHL,2023,unemployment_total_pct,2.222
PHL,2024,gdp_pc_ppp_const2021,10375.9404179938
PHL,2024,gdp_pc_ppp_current,11794.1375488492
PHL,2024,inflation_cpi_annual_pct,3.21260487006347
PHL,2024,ppp_conv_gdp_lcu_per_intl$,19.35653268202
PHL,2024,unemployment_total_pct,2.153
PLW,2019,gdp_pc_ppp_const2021,19519.018546453
PLW,2019,gdp_pc_ppp_current,18421.9034582421
PLW,2019,inflation_cpi_annual_pct,0.26737967914444
PLW,2019,ppp_conv_gdp_lcu_per_intl$,0.860214954602136
PLW,2020,gdp_pc_ppp_const2021,18183.7369201975
PLW,2020,gdp_pc_ppp_current,17389.7246153166
PLW,2020,inflation_cpi_annual_pct,0.218181818181833
PLW,2020,ppp_conv_gdp_lcu_per_intl$,0.845799015168801
PLW,2021,gdp_pc_ppp_const2021,15780.5501158866
PLW,2021,gdp_pc_ppp_current,15780.5501158866
PLW,2021,inflation_cpi_annual_pct,2.6124818577648
PLW,2021,ppp_conv_gdp_lcu_per_intl$,0.824384959173551
PLW,2022,gdp_pc_ppp_const2021,16040.9080564681
PLW,2022,gdp_pc_ppp_current,17184.5415251955
PLW,2022,inflation_cpi_annual_pct,12.3526638378124
PLW,2022,ppp_conv_gdp_lcu_per_intl$,0.798959940596577
PLW,2023,gdp_pc_ppp_const2021,16425.9722714446
PLW,2023,gdp_pc_ppp_current,18230.2698627414
PLW,2023,inflation_cpi_annual_pct,12.8199748216534
PLW,2023,ppp_conv_gdp_lcu_per_intl$,0.85631333549309
PLW,2024,inflation_cpi_annual_pct,2.23172772921704
PNG,2019,gdp_pc_ppp_const2021,4301.61139205544
PNG,2019,gdp_pc_ppp_current,4059.82860207487
PNG,2019,inflation_cpi_annual_pct,3.92867290939597
PNG,2019,ppp_conv_gdp_lcu_per_intl$,2.14923557029245
PNG,2019,unemployment_total_pct,2.634
PNG,2020,gdp_pc_ppp_const2021,4077.63132163554
PNG,2020,gdp_pc_ppp_current,3899.57719236851
PNG,2020,inflation_cpi_annual_pct,4.87167398565555
PNG,2020,ppp_conv_gdp_lcu_per_intl$,2.15571885670237
PNG,2020,unemployment_total_pct,2.883
PNG,2021,gdp_pc_ppp_const2021,3976.90380116956
PNG,2021,gdp_pc_ppp_current,3976.90380116956
PNG,2021,inflation_cpi_annual_pct,4.48359014042398
PNG,2021,ppp_conv_gdp_lcu_per_intl$,2.30063368456598
PNG,2021,unemployment_total_pct,3.003
PNG,2022,gdp_pc_ppp_const2021,4125.49303365201
PNG,2022,gdp_pc_ppp_current,4419.61926962803
PNG,2022,inflation_cpi_annual_pct,5.25323922215241
PNG,2022,ppp_conv_gdp_lcu_per_intl$,2.47027408140784
PNG,2022,unemployment_total_pct,2.689
PNG,2023,gdp_pc_ppp_const2021,4205.84773981096
PNG,2023,gdp_pc_ppp_current,4667.83567092991
PNG,2023,inflation_cpi_annual_pct,2.29869991296791
PNG,2023,ppp_conv_gdp_lcu_per_intl$,2.28094297986265
PNG,2023,unemployment_total_pct,2.661
PNG,2024,gdp_pc_ppp_const2021,4288.52828988176
PNG,2024,gdp_pc_ppp_current,4874.6899553589
PNG,2024,inflation_cpi_annual_pct,0.602403921107917
PNG,2024,ppp_conv_gdp_lcu_per_intl$,2.37637373433914
PNG,2024,unemployment_total_pct,2.741
POL,2019,gdp_pc_ppp_const2021,38181.6230334689
POL,2019,gdp_pc_ppp_current,35882.3655065553
POL,2019,gini,28.8
POL,2019,inflation_cpi_annual_pct,2.227478809383
POL,2019,ppp_conv_gdp_lcu_per_intl$,1.698557
POL,2019,unemployment_total_pct,3.267
POL,2020,gdp_pc_ppp_const2021,37852.8021313639
POL,2020,gdp_pc_ppp_current,37089.3004256812
POL,2020,gini,28.5
POL,2020,inflation_cpi_annual_pct,3.37446972618589
POL,2020,ppp_conv_gdp_lcu_per_intl$,1.698184
POL,2020,unemployment_total_pct,3.155
POL,2021,gdp_pc_ppp_const2021,41059.5847829682
POL,2021,gdp_pc_ppp_current,41059.5847829682
POL,2021,gini,28.5
POL,2021,inflation_cpi_annual_pct,5.05502704719272
POL,2021,ppp_conv_gdp_lcu_per_intl$,1.752789
POL,2021,unemployment_total_pct,3.268
POL,2022,gdp_pc_ppp_const2021,43405.0215797441
POL,2022,gdp_pc_ppp_current,46077.3855556036
POL,2022,gini,28.9
POL,2022,inflation_cpi_annual_pct,14.4294507575758
POL,2022,ppp_conv_gdp_lcu_per_intl$,1.827631
POL,2022,unemployment_total_pct,2.811
POL,2023,gdp_pc_ppp_const2021,43672.7668014946
POL,2023,gdp_pc_ppp_current,46757.5401841254
POL,2023,gini,28.5
POL,2023,inflation_cpi_annual_pct,11.5289127961105
POL,2023,ppp_conv_gdp_lcu_per_intl$,1.990937
POL,2023,unemployment_total_pct,2.743
POL,2024,gdp_pc_ppp_const2021,45153.0439773281
POL,2024,gdp_pc_ppp_current,50540.9320799713
POL,2024,inflation_cpi_annual_pct,3.7842600751287
POL,2024,ppp_conv_gdp_lcu_per_intl$,1.977246
POL,2024,unemployment_total_pct,2.472
PRE,2019,gdp_pc_ppp_const2021,4888.59916995327
PRE,2019,gdp_pc_ppp_current,4348.62987760808
PRE,2019,inflation_cpi_annual_pct,2.56908784664759
PRE,2019,unemployment_total_pct,5.42309463719319
PRE,2020,gdp_pc_ppp_const2021,4558.12052329208
PRE,2020,gdp_pc_ppp_current,4216.2366285002
PRE,2020,inflation_cpi_annual_pct,3.39862928518853
PRE,2020,unemployment_total_pct,5.96007768628016
PRE,2021,gdp_pc_ppp_const2021,4535.27416519741
PRE,2021,gdp_pc_ppp_current,4514.3999356162
PRE,2021,inflation_cpi_annual_pct,4.22278962033194
PRE,2021,unemployment_total_pct,5.82347555930522
PRE,2022,gdp_pc_ppp_const2021,4624.99225982559
PRE,2022,gdp_pc_ppp_current,4931.92536323975
PRE,2022,inflation_cpi_annual_pct,8.77567482988523
PRE,2022,unemployment_total_pct,5.002037370392
PRE,2023,gdp_pc_ppp_const2021,4619.11355930906
PRE,2023,gdp_pc_ppp_current,5102.90092713158
PRE,2023,inflation_cpi_annual_pct,7.10220928557059
PRE,2023,unemployment_total_pct,4.7006079328224
PRE,2024,gdp_pc_ppp_const2021,4656.63637010841
PRE,2024,gdp_pc_ppp_current,5268.74924891947
PRE,2024,inflation_cpi_annual_pct,4.13469278078273
PRE,2024,unemployment_total_pct,4.5643996480652
PRI,2019,gdp_pc_ppp_const2021,41656.3291581369
PRI,2019,gdp_pc_ppp_current,36217.7204390287
PRI,2019,ppp_conv_gdp_lcu_per_intl$,0.8788661493183
PRI,2019,unemployment_total_pct,8.3
PRI,2020,gdp_pc_ppp_const2021,40171.38668761
PRI,2020,gdp_pc_ppp_current,36858.6085217908
PRI,2020,ppp_conv_gdp_lcu_per_intl$,0.852639704445258
PRI,2020,unemployment_total_pct,8.89
PRI,2021,gdp_pc_ppp_const2021,40559.474811812
PRI,2021,gdp_pc_ppp_current,40559.474811812
PRI,2021,ppp_conv_gdp_lcu_per_intl$,0.804228127002716
PRI,2021,unemployment_total_pct,7.9
PRI,2022,gdp_pc_ppp_const2021,42310.9585064702
PRI,2022,gdp_pc_ppp_current,45327.510192422
PRI,2022,ppp_conv_gdp_lcu_per_intl$,0.77996082306131
PRI,2022,unemployment_total_pct,6.0
PRI,2023,gdp_pc_ppp_const2021,42837.8994791262
PRI,2023,gdp_pc_ppp_current,47543.3937761528
PRI,2023,ppp_conv_gdp_lcu_per_intl$,0.777832324140432
PRI,2023,unemployment_total_pct,5.725
PRI,2024,gdp_pc_ppp_const2021,44205.7494879255
PRI,2024,gdp_pc_ppp_current,50247.8492461676
PRI,2024,ppp_conv_gdp_lcu_per_intl$,0.782993024701742
PRI,2024,unemployment_total_pct,5.472
PRK,2019,unemployment_total_pct,2.782
PRK,2020,unemployment_total_pct,2.948
PRK,2021,unemployment_total_pct,3.0
PRK,2022,unemployment_total_pct,2.805
PRK,2023,unemployment_total_pct,2.831
PRK,2024,unemployment_total_pct,2.859
PRT,2019,gdp_pc_ppp_const2021,40188.2868799219
PRT,2019,gdp_pc_ppp_current,37865.5603564295
PRT,2019,gini,32.8
PRT,2019,inflation_cpi_annual_pct,0.338178410046034
PRT,2019,ppp_conv_gdp_lcu_per_intl$,0.550687
PRT,2019,unemployment_total_pct,6.464
PRT,2020,gdp_pc_ppp_const2021,36852.22873381
PRT,2020,gdp_pc_ppp_current,35966.712796561
PRT,2020,gini,34.7
PRT,2020,inflation_cpi_annual_pct,-0.0124383299575305
PRT,2020,ppp_conv_gdp_lcu_per_intl$,0.542815
PRT,2020,unemployment_total_pct,6.801
PRT,2021,gdp_pc_ppp_const2021,38657.6677223425
PRT,2021,gdp_pc_ppp_current,38657.6677223425
PRT,2021,gini,34.6
PRT,2021,inflation_cpi_annual_pct,1.26565719069044
PRT,2021,ppp_conv_gdp_lcu_per_intl$,0.540472
PRT,2021,unemployment_total_pct,6.577
PRT,2022,gdp_pc_ppp_const2021,41070.861152974
PRT,2022,gdp_pc_ppp_current,44557.281053572
PRT,2022,gini,36.3
PRT,2022,inflation_cpi_annual_pct,7.83269124233323
PRT,2022,ppp_conv_gdp_lcu_per_intl$,0.524723
PRT,2022,unemployment_total_pct,6.011
PRT,2023,gdp_pc_ppp_const2021,41768.2549192626
PRT,2023,gdp_pc_ppp_current,47426.4880861568
PRT,2023,gini,33.9
PRT,2023,inflation_cpi_annual_pct,4.31128191898672
PRT,2023,ppp_conv_gdp_lcu_per_intl$,0.534046
PRT,2023,unemployment_total_pct,6.509
PRT,2024,gdp_pc_ppp_const2021,42197.2025135828
PRT,2024,gdp_pc_ppp_current,50649.5102380857
PRT,2024,inflation_cpi_annual_pct,2.41613187791884
PRT,2024,ppp_conv_gdp_lcu_per_intl$,0.52649
PRT,2024,unemployment_total_pct,6.384
PRY,2019,gdp_pc_ppp_const2021,15321.3245528947
PRY,2019,gdp_pc_ppp_current,14149.598522753
PRY,2019,gini,45.7
PRY,2019,inflation_cpi_annual_pct,2.75709727562775
PRY,2019,ppp_conv_gdp_lcu_per_intl$,2567.44946289063
PRY,2019,unemployment_total_pct,6.595
PRY,2020,gdp_pc_ppp_const2021,14991.6606201148
PRY,2020,gdp_pc_ppp_current,14308.8787738305
PRY,2020,gini,43.5
PRY,2020,inflation_cpi_annual_pct,1.76751592356698
PRY,2020,ppp_conv_gdp_lcu_per_intl$,2538.99243164063
PRY,2020,unemployment_total_pct,7.548
PRY,2021,gdp_pc_ppp_const2021,15406.1670646576
PRY,2021,gdp_pc_ppp_current,15406.1670646576
PRY,2021,gini,42.9
PRY,2021,inflation_cpi_annual_pct,4.787983101236
PRY,2021,ppp_conv_gdp_lcu_per_intl$,2628.08447265625
PRY,2021,unemployment_total_pct,7.311
PRY,2022,gdp_pc_ppp_const2021,15259.1456311862
PRY,2022,gdp_pc_ppp_current,16347.0434974776
PRY,2022,gini,44.6
PRY,2022,inflation_cpi_annual_pct,9.76556667164402
PRY,2022,ppp_conv_gdp_lcu_per_intl$,2650.77593566311
PRY,2022,unemployment_total_pct,6.755
PRY,2023,gdp_pc_ppp_const2021,15826.087501295
PRY,2023,gdp_pc_ppp_current,17564.4912369374
PRY,2023,gini,44.2
PRY,2023,inflation_cpi_annual_pct,4.63202285403356
PRY,2023,ppp_conv_gdp_lcu_per_intl$,2614.35542686943
PRY,2023,unemployment_total_pct,5.794
PRY,2024,gdp_pc_ppp_const2021,16296.2836189263
PRY,2024,gdp_pc_ppp_current,18523.6810153
PRY,2024,gini,44.2
PRY,2024,inflation_cpi_annual_pct,3.83540271728533
PRY,2024,ppp_conv_gdp_lcu_per_intl$,2618.66324027055
PRY,2024,unemployment_total_pct,6.093
PSE,2019,gdp_pc_ppp_const2021,6269.89134527985
PSE,2019,gdp_pc_ppp_current,6508.44835080318
PSE,2019,inflation_cpi_annual_pct,1.58018333639455
PSE,2019,ppp_conv_gdp_lcu_per_intl$,0.561863300477572
PSE,2019,unemployment_total_pct,25.34
PSE,2020,gdp_pc_ppp_const2021,5423.68254653126
PSE,2020,gdp_pc_ppp_current,5956.28620064819
PSE,2020,inflation_cpi_annual_pct,-0.735332001092191
PSE,2020,ppp_conv_gdp_lcu_per_intl$,0.542883355404701
PSE,2020,unemployment_total_pct,25.895
PSE,2021,gdp_pc_ppp_const2021,5663.12160743584
PSE,2021,gdp_pc_ppp_current,5663.12160743584
PSE,2021,inflation_cpi_annual_pct,1.23748102831369
PSE,2021,ppp_conv_gdp_lcu_per_intl$,0.649577372979557
PSE,2021,unemployment_total_pct,26.39
PSE,2022,gdp_pc_ppp_const2021,5753.08395899307
PSE,2022,gdp_pc_ppp_current,6163.24897837613
PSE,2022,inflation_cpi_annual_pct,3.74122391852077
PSE,2022,ppp_conv_gdp_lcu_per_intl$,0.616550667267193
PSE,2022,unemployment_total_pct,24.42
PSE,2023,gdp_pc_ppp_const2021,5361.13098084938
PSE,2023,gdp_pc_ppp_current,5950.02006184393
PSE,2023,gini,36.4
PSE,2023,inflation_cpi_annual_pct,5.87110177678988
PSE,2023,ppp_conv_gdp_lcu_per_intl$,0.580675105832567
PSE,2024,gdp_pc_ppp_const2021,3845.50297375419
PSE,2024,gdp_pc_ppp_current,4371.11135857265
PSE,2024,inflation_cpi_annual_pct,53.6691458303782
PSE,2024,ppp_conv_gdp_lcu_per_intl$,0.593054191376851
PSS,2019,gdp_pc_ppp_const2021,7288.31019104527
PSS,2019,gdp_pc_ppp_current,7113.06030002402
PSS,2019,inflation_cpi_annual_pct,1.40719939417024
PSS,2019,unemployment_total_pct,3.21394324925117
PSS,2020,gdp_pc_ppp_const2021,6347.24222055557
PSS,2020,gdp_pc_ppp_current,6203.53382872083
PSS,2020,inflation_cpi_annual_pct,0.386388224517504
PSS,2020,unemployment_total_pct,3.17937127710219
PSS,2021,gdp_pc_ppp_const2021,6080.31594064428
PSS,2021,gdp_pc_ppp_current,6080.31594064427
PSS,2021,inflation_cpi_annual_pct,2.47788271992717
PSS,2021,unemployment_total_pct,3.18377728754444
PSS,2022,gdp_pc_ppp_const2021,6653.2312628164
PSS,2022,gdp_pc_ppp_current,7126.71049564329
PSS,2022,inflation_cpi_annual_pct,6.09871755232029
PSS,2022,unemployment_total_pct,3.26376412674194
PSS,2023,gdp_pc_ppp_const2021,7078.57376542142
PSS,2023,gdp_pc_ppp_current,7855.01947624673
PSS,2023,inflation_cpi_annual_pct,7.92164684826777
PSS,2023,unemployment_total_pct,3.18108550777285
PSS,2024,gdp_pc_ppp_const2021,7228.16086485168
PSS,2024,gdp_pc_ppp_current,8214.97072957755
PSS,2024,inflation_cpi_annual_pct,2.8195484170954
PSS,2024,unemployment_total_pct,3.1400708014776
PST,2019,gdp_pc_ppp_const2021,55715.556714883
PST,2019,gdp_pc_ppp_current,52195.8031094638
PST,2019,inflation_cpi_annual_pct,1.61963190184048
PST,2019,unemployment_total_pct,4.94120866062315
PST,2020,gdp_pc_ppp_const2021,53247.1260691784
PST,2020,gdp_pc_ppp_current,51333.1447582761
PST,2020,inflation_cpi_annual_pct,0.632267331911716
PST,2020,unemployment_total_pct,6.72755283833562
PST,2021,gdp_pc_ppp_const2021,56311.6777888366
PST,2021,gdp_pc_ppp_current,56311.6777888366
PST,2021,inflation_cpi_annual_pct,2.50835221473776
PST,2021,unemployment_total_pct,5.80367198892416
PST,2022,gdp_pc_ppp_const2021,57682.9368408368
PST,2022,gdp_pc_ppp_current,61926.9577177851
PST,2022,inflation_cpi_annual_pct,7.87737003690613
PST,2022,unemployment_total_pct,4.51723738560728
PST,2023,gdp_pc_ppp_const2021,58518.6229290536
PST,2023,gdp_pc_ppp_current,64513.8773737229
PST,2023,inflation_cpi_annual_pct,5.09396758978883
PST,2023,unemployment_total_pct,4.46746332357827
PST,2024,gdp_pc_ppp_const2021,59187.8707237805
PST,2024,gdp_pc_ppp_current,67438.3671946948
PST,2024,inflation_cpi_annual_pct,2.44091572720697
PST,2024,unemployment_total_pct,4.63490050303173
PYF,2019,unemployment_total_pct,11.565
PYF,2020,unemployment_total_pct,12.951
PYF,2021,unemployment_total_pct,12.531
PYF,2022,unemployment_total_pct,11.888
PYF,2023,unemployment_total_pct,11.749
PYF,2024,unemployment_total_pct,11.75
QAT,2019,gdp_pc_ppp_const2021,113160.839750596
QAT,2019,gdp_pc_ppp_current,107502.567853627
QAT,2019,inflation_cpi_annual_pct,-0.666641124861147
QAT,2019,ppp_conv_gdp_lcu_per_intl$,2.26322555541992
QAT,2019,unemployment_total_pct,0.1
QAT,2020,gdp_pc_ppp_const2021,103061.899444607
QAT,2020,gdp_pc_ppp_current,82149.4569875883
QAT,2020,inflation_cpi_annual_pct,-2.5403150300476
QAT,2020,ppp_conv_gdp_lcu_per_intl$,2.2900722026825
QAT,2020,unemployment_total_pct,0.14
QAT,2021,gdp_pc_ppp_const2021,116832.656941972
QAT,2021,gdp_pc_ppp_current,116832.656941972
QAT,2021,inflation_cpi_annual_pct,2.30446565742003
QAT,2021,ppp_conv_gdp_lcu_per_intl$,2.23547983169556
QAT,2021,unemployment_total_pct,0.14
QAT,2022,gdp_pc_ppp_const2021,114740.16518158
QAT,2022,gdp_pc_ppp_current,122920.54329029
QAT,2022,inflation_cpi_annual_pct,4.99527553740761
QAT,2022,ppp_conv_gdp_lcu_per_intl$,2.62668337148029
QAT,2022,unemployment_total_pct,0.13
QAT,2023,gdp_pc_ppp_const2021,116563.992526162
QAT,2023,gdp_pc_ppp_current,129367.869670927
QAT,2023,inflation_cpi_annual_pct,3.02764899198902
QAT,2023,ppp_conv_gdp_lcu_per_intl$,2.30206934084725
QAT,2023,unemployment_total_pct,0.13
QAT,2024,gdp_pc_ppp_const2021,110889.792701691
QAT,2024,gdp_pc_ppp_current,126046.354855612
QAT,2024,inflation_cpi_annual_pct,1.26734310292375
QAT,2024,ppp_conv_gdp_lcu_per_intl$,2.21463640986909
QAT,2024,unemployment_total_pct,0.126
ROU,2019,gdp_pc_ppp_const2021,36399.6015919607
ROU,2019,gdp_pc_ppp_current,33424.7595510148
ROU,2019,gini,34.8
ROU,2019,inflation_cpi_annual_pct,3.82785432599438
ROU,2019,ppp_conv_gdp_lcu_per_intl$,1.63680940102295
ROU,2019,unemployment_total_pct,3.912
ROU,2020,gdp_pc_ppp_const2021,35283.7291268657
ROU,2020,gdp_pc_ppp_current,34193.9192932829
ROU,2020,gini,34.6
ROU,2020,inflation_cpi_annual_pct,2.63107311184743
ROU,2020,ppp_conv_gdp_lcu_per_intl$,1.61463922530533
ROU,2020,unemployment_total_pct,5.035
ROU,2021,gdp_pc_ppp_const2021,37534.1312061635
ROU,2021,gdp_pc_ppp_current,37534.1312061635
ROU,2021,gini,33.9
ROU,2021,inflation_cpi_annual_pct,5.05232876096582
ROU,2021,ppp_conv_gdp_lcu_per_intl$,1.65245372555523
ROU,2021,unemployment_total_pct,5.59
ROU,2022,gdp_pc_ppp_const2021,39256.9630375885
ROU,2022,gdp_pc_ppp_current,42070.4881610181
ROU,2022,gini,32.3
ROU,2022,inflation_cpi_annual_pct,13.7954887432521
ROU,2022,ppp_conv_gdp_lcu_per_intl$,1.72776733107685
ROU,2022,unemployment_total_pct,5.614
ROU,2023,gdp_pc_ppp_const2021,40116.8290935153
ROU,2023,gdp_pc_ppp_current,45379.2327532204
ROU,2023,gini,29.8
ROU,2023,inflation_cpi_annual_pct,10.3971874764996
ROU,2023,ppp_conv_gdp_lcu_per_intl$,1.83906688895953
ROU,2023,unemployment_total_pct,5.589
ROU,2024,gdp_pc_ppp_const2021,40503.9736277987
ROU,2024,gdp_pc_ppp_current,48731.3249098489
ROU,2024,inflation_cpi_annual_pct,5.72140574354439
ROU,2024,ppp_conv_gdp_lcu_per_intl$,1.89481480535567
ROU,2024,unemployment_total_pct,5.379
RUS,2019,gdp_pc_ppp_const2021,37319.3203125
RUS,2019,gdp_pc_ppp_current,30963.853515625
RUS,2019,gini,35.7
RUS,2019,inflation_cpi_annual_pct,4.47202631837903
RUS,2019,ppp_conv_gdp_lcu_per_intl$,23.9342746734619
RUS,2019,unemployment_total_pct,4.513
RUS,2020,gdp_pc_ppp_const2021,36376.3359375
RUS,2020,gdp_pc_ppp_current,31490.8046875
RUS,2020,gini,33.7
RUS,2020,inflation_cpi_annual_pct,3.38219796948068
RUS,2020,ppp_conv_gdp_lcu_per_intl$,23.1451683044434
RUS,2020,unemployment_total_pct,5.62
RUS,2021,gdp_pc_ppp_const2021,38638.4296875
RUS,2021,gdp_pc_ppp_current,38638.4296875
RUS,2021,gini,35.1
RUS,2021,inflation_cpi_annual_pct,6.69445891957612
RUS,2021,ppp_conv_gdp_lcu_per_intl$,23.6851463317871
RUS,2021,unemployment_total_pct,4.749
RUS,2022,gdp_pc_ppp_const2021,38214.49609375
RUS,2022,gdp_pc_ppp_current,40938.98828125
RUS,2022,gini,33.9
RUS,2022,inflation_cpi_annual_pct,13.7436797398232
RUS,2022,ppp_conv_gdp_lcu_per_intl$,26.1293309462465
RUS,2022,unemployment_total_pct,3.867
RUS,2023,gdp_pc_ppp_const2021,39887.33984375
RUS,2023,gdp_pc_ppp_current,44268.73046875
RUS,2023,gini,33.0
RUS,2023,inflation_cpi_annual_pct,5.86571931748967
RUS,2023,ppp_conv_gdp_lcu_per_intl$,27.2391334116049
RUS,2023,unemployment_total_pct,3.076
RUS,2024,gdp_pc_ppp_const2021,41704.7109375
RUS,2024,gdp_pc_ppp_current,47404.96484375
RUS,2024,inflation_cpi_annual_pct,8.43486410496723
RUS,2024,ppp_conv_gdp_lcu_per_intl$,29.0629745679481
RUS,2024,unemployment_total_pct,2.527
RWA,2019,gdp_pc_ppp_const2021,2667.46458436613
RWA,2019,gdp_pc_ppp_current,2336.03967302732
RWA,2019,inflation_cpi_annual_pct,3.34787655037648
RWA,2019,ppp_conv_gdp_lcu_per_intl$,311.861206054688
RWA,2019,unemployment_total_pct,11.236
RWA,2020,gdp_pc_ppp_const2021,2520.31739425373
RWA,2020,gdp_pc_ppp_current,2284.89889795328
RWA,2020,inflation_cpi_annual_pct,9.85039902274207
RWA,2020,ppp_conv_gdp_lcu_per_intl$,321.472442626953
RWA,2020,unemployment_total_pct,11.829
RWA,2021,gdp_pc_ppp_const2021,2733.43566762447
RWA,2021,gdp_pc_ppp_current,2733.43566762447
RWA,2021,inflation_cpi_annual_pct,-0.391346748300791
RWA,2021,ppp_conv_gdp_lcu_per_intl$,300.028503417969
RWA,2021,unemployment_total_pct,15.775
RWA,2022,gdp_pc_ppp_const2021,2892.45964942821
RWA,2022,gdp_pc_ppp_current,3098.67700634994
RWA,2022,inflation_cpi_annual_pct,17.6892095588153
RWA,2022,ppp_conv_gdp_lcu_per_intl$,324.342982046976
RWA,2022,unemployment_total_pct,15.084
RWA,2023,gdp_pc_ppp_const2021,3062.99909649442
RWA,2023,gdp_pc_ppp_current,3399.45174603143
RWA,2023,gini,39.4
RWA,2023,inflation_cpi_annual_pct,19.789546746467
RWA,2023,ppp_conv_gdp_lcu_per_intl$,350.486323778206
RWA,2023,unemployment_total_pct,12.352
RWA,2024,gdp_pc_ppp_const2021,3264.64451474392
RWA,2024,gdp_pc_ppp_current,3710.86040434596
RWA,2024,inflation_cpi_annual_pct,1.77029240198635
RWA,2024,ppp_conv_gdp_lcu_per_intl$,355.085581602396
RWA,2024,unemployment_total_pct,11.994
SAU,2019,gdp_pc_ppp_const2021,62647.7299487842
SAU,2019,gdp_pc_ppp_current,59560.2537904546
SAU,2019,inflation_cpi_annual_pct,-1.1929864453332
SAU,2019,ppp_conv_gdp_lcu_per_intl$,1.86156821250916
SAU,2019,unemployment_total_pct,5.636
SAU,2020,gdp_pc_ppp_const2021,57420.7335736424
SAU,2020,gdp_pc_ppp_current,47518.4877485153
SAU,2020,inflation_cpi_annual_pct,3.37234961012303
SAU,2020,ppp_conv_gdp_lcu_per_intl$,1.92073905467987
SAU,2020,unemployment_total_pct,7.66
SAU,2021,gdp_pc_ppp_const2021,62690.4966645929
SAU,2021,gdp_pc_ppp_current,62690.4966645929
SAU,2021,inflation_cpi_annual_pct,3.06328988941548
SAU,2021,ppp_conv_gdp_lcu_per_intl$,1.9094260931015
SAU,2021,unemployment_total_pct,6.621
SAU,2022,gdp_pc_ppp_const2021,67178.5902274906
SAU,2022,gdp_pc_ppp_current,71968.074955888
SAU,2022,inflation_cpi_annual_pct,2.47407371925372
SAU,2022,ppp_conv_gdp_lcu_per_intl$,2.00663076881875
SAU,2022,unemployment_total_pct,5.589
SAU,2023,gdp_pc_ppp_const2021,64481.8441927288
SAU,2023,gdp_pc_ppp_current,71564.800028565
SAU,2023,inflation_cpi_annual_pct,2.32708518362699
SAU,2023,ppp_conv_gdp_lcu_per_intl$,1.89462111557999
SAU,2023,unemployment_total_pct,4.008
SAU,2024,gdp_pc_ppp_const2021,62792.7741476371
SAU,2024,gdp_pc_ppp_current,71375.3727890285
SAU,2024,inflation_cpi_annual_pct,1.68792112375809
SAU,2024,ppp_conv_gdp_lcu_per_intl$,1.84526161631689
SAU,2024,unemployment_total_pct,3.896
SDN,2019,gdp_pc_ppp_const2021,3625.52319335938
SDN,2019,gdp_pc_ppp_current,3914.2255859375
SDN,2019,inflation_cpi_annual_pct,50.9940515002965
SDN,2019,ppp_conv_gdp_lcu_per_intl$,10.9736919403076
SDN,2019,unemployment_total_pct,11.658
SDN,2020,gdp_pc_ppp_const2021,3401.24975585938
SDN,2020,gdp_pc_ppp_current,3348.57836914063
SDN,2020,inflation_cpi_annual_pct,163.257782355458
SDN,2020,ppp_conv_gdp_lcu_per_intl$,25.9514312744141
SDN,2020,unemployment_total_pct,11.958
SDN,2021,gdp_pc_ppp_const2021,3248.9755859375
SDN,2021,gdp_pc_ppp_current,3248.9755859375
SDN,2021,inflation_cpi_annual_pct,359.093040778999
SDN,2021,ppp_conv_gdp_lcu_per_intl$,85.7226867675781
SDN,2021,unemployment_total_pct,11.044
SDN,2022,gdp_pc_ppp_const2021,3132.0771484375
SDN,2022,gdp_pc_ppp_current,3355.37817382813
SDN,2022,inflation_cpi_annual_pct,138.80846024176
SDN,2022,ppp_conv_gdp_lcu_per_intl$,173.537930789743
SDN,2022,unemployment_total_pct,7.53
SDN,2023,gdp_pc_ppp_const2021,2181.0791015625
SDN,2023,gdp_pc_ppp_current,2420.65795898438
SDN,2023,ppp_conv_gdp_lcu_per_intl$,217.243498257573
SDN,2024,gdp_pc_ppp_const2021,1861.39794921875
SDN,2024,gdp_pc_ppp_current,2115.81616210938
SDN,2024,ppp_conv_gdp_lcu_per_intl$,729.476687377877
SEN,2019,gdp_pc_ppp_const2021,4070.61227058594
SEN,2019,gdp_pc_ppp_current,3647.95137357242
SEN,2019,inflation_cpi_annual_pct,1.76011151192939
SEN,2019,ppp_conv_gdp_lcu_per_intl$,229.867340087891
SEN,2019,unemployment_total_pct,2.863
SEN,2020,gdp_pc_ppp_const2021,4018.04129277358
SEN,2020,gdp_pc_ppp_current,3752.91947490817
SEN,2020,inflation_cpi_annual_pct,2.54314685681662
SEN,2020,ppp_conv_gdp_lcu_per_intl$,224.08723449707
SEN,2020,unemployment_total_pct,3.437
SEN,2021,gdp_pc_ppp_const2021,4173.67741399619
SEN,2021,gdp_pc_ppp_current,4173.67741399619
SEN,2021,gini,36.2
SEN,2021,inflation_cpi_annual_pct,2.18032278088147
SEN,2021,ppp_conv_gdp_lcu_per_intl$,212.330551147461
SEN,2021,unemployment_total_pct,3.44
SEN,2022,gdp_pc_ppp_const2021,4228.73382642974
SEN,2022,gdp_pc_ppp_current,4530.22059496055
SEN,2022,inflation_cpi_annual_pct,9.69681899081073
SEN,2022,ppp_conv_gdp_lcu_per_intl$,216.725715699815
SEN,2022,unemployment_total_pct,2.837
SEN,2023,gdp_pc_ppp_const2021,4304.76148720232
SEN,2023,gdp_pc_ppp_current,4777.61451861578
SEN,2023,inflation_cpi_annual_pct,5.93947798773215
SEN,2023,ppp_conv_gdp_lcu_per_intl$,215.583734901382
SEN,2023,unemployment_total_pct,2.8
SEN,2024,gdp_pc_ppp_const2021,4460.92372176318
SEN,2024,gdp_pc_ppp_current,5070.6486207418
SEN,2024,inflation_cpi_annual_pct,0.804503298792438
SEN,2024,ppp_conv_gdp_lcu_per_intl$,212.040442650725
SEN,2024,unemployment_total_pct,2.992
SGP,2019,gdp_pc_ppp_const2021,120114.133894235
SGP,2019,gdp_pc_ppp_current,105335.291974111
SGP,2019,inflation_cpi_annual_pct,0.567829988405447
SGP,2019,ppp_conv_gdp_lcu_per_intl$,0.854120194911957
SGP,2019,unemployment_total_pct,3.1
SGP,2020,gdp_pc_ppp_const2021,115893.042395938
SGP,2020,gdp_pc_ppp_current,101518.31798444
SGP,2020,inflation_cpi_annual_pct,-0.172111865925382
SGP,2020,ppp_conv_gdp_lcu_per_intl$,0.834628343582153
SGP,2020,unemployment_total_pct,4.1
SGP,2021,gdp_pc_ppp_const2021,132617.354020876
SGP,2021,gdp_pc_ppp_current,132617.354020876
SGP,2021,inflation_cpi_annual_pct,2.31610315765146
SGP,2021,ppp_conv_gdp_lcu_per_intl$,0.811010360717773
SGP,2021,unemployment_total_pct,4.64
SGP,2022,gdp_pc_ppp_const2021,133571.962410322
SGP,2022,gdp_pc_ppp_current,143094.949896959
SGP,2022,inflation_cpi_annual_pct,6.13095418919732
SGP,2022,ppp_conv_gdp_lcu_per_intl$,0.869998188545392
SGP,2022,unemployment_total_pct,3.591
SGP,2023,gdp_pc_ppp_const2021,129555.245509242
SGP,2023,gdp_pc_ppp_current,143786.136293013
SGP,2023,inflation_cpi_annual_pct,4.83372362825798
SGP,2023,ppp_conv_gdp_lcu_per_intl$,0.797634092276206
SGP,2023,unemployment_total_pct,3.444
SGP,2024,gdp_pc_ppp_const2021,132569.525225795
SGP,2024,gdp_pc_ppp_current,150689.301625826
SGP,2024,inflation_cpi_annual_pct,2.38951123595017
SGP,2024,ppp_conv_gdp_lcu_per_intl$,0.804049648989492
SGP,2024,unemployment_total_pct,3.182
SLB,2019,gdp_pc_ppp_const2021,2661.61667922254
SLB,2019,gdp_pc_ppp_current,2512.01387973448
SLB,2019,inflation_cpi_annual_pct,1.63485544012247
SLB,2019,ppp_conv_gdp_lcu_per_intl$,7.2351716100206
SLB,2019,unemployment_total_pct,0.743
SLB,2020,gdp_pc_ppp_const2021,2515.14143211528
SLB,2020,gdp_pc_ppp_current,2405.31509364704
SLB,2020,inflation_cpi_annual_pct,2.96354992076065
SLB,2020,ppp_conv_gdp_lcu_per_intl$,7.04563136115364
SLB,2020,unemployment_total_pct,0.864
SLB,2021,gdp_pc_ppp_const2021,2449.87009821452
SLB,2021,gdp_pc_ppp_current,2449.87009821452
SLB,2021,inflation_cpi_annual_pct,-0.115437894412839
SLB,2021,ppp_conv_gdp_lcu_per_intl$,6.69793343912744
SLB,2021,unemployment_total_pct,0.884
SLB,2022,gdp_pc_ppp_const2021,2330.10309195408
SLB,2022,gdp_pc_ppp_current,2496.22734577831
SLB,2022,inflation_cpi_annual_pct,5.51812928576938
SLB,2022,ppp_conv_gdp_lcu_per_intl$,6.13497716596614
SLB,2022,unemployment_total_pct,1.483
SLB,2023,gdp_pc_ppp_const2021,2339.57493302805
SLB,2023,gdp_pc_ppp_current,2596.56364252803
SLB,2023,inflation_cpi_annual_pct,5.88585897042164
SLB,2023,ppp_conv_gdp_lcu_per_intl$,6.0727442570903
SLB,2023,unemployment_total_pct,1.455
SLB,2024,gdp_pc_ppp_const2021,2353.24808229243
SLB,2024,gdp_pc_ppp_current,2674.89311339831
SLB,2024,inflation_cpi_annual_pct,4.32183948388033
SLB,2024,ppp_conv_gdp_lcu_per_intl$,6.11160632540053
SLB,2024,unemployment_total_pct,1.47
SLE,2019,gdp_pc_ppp_const2021,2852.66269917494
SLE,2019,gdp_pc_ppp_current,2704.05835866756
SLE,2019,inflation_cpi_annual_pct,14.8049990906021
SLE,2019,ppp_conv_gdp_lcu_per_intl$,2.81134326171875
SLE,2019,unemployment_total_pct,3.203
SLE,2020,gdp_pc_ppp_const2021,2752.62615440121
SLE,2020,gdp_pc_ppp_current,2719.07286815807
SLE,2020,inflation_cpi_annual_pct,13.4468711101052
SLE,2020,ppp_conv_gdp_lcu_per_intl$,3.0558271484375
SLE,2020,unemployment_total_pct,3.508
SLE,2021,gdp_pc_ppp_const2021,2849.38865926436
SLE,2021,gdp_pc_ppp_current,2849.38865926436
SLE,2021,inflation_cpi_annual_pct,11.8739588840234
SLE,2021,ppp_conv_gdp_lcu_per_intl$,3.24386401367188
SLE,2021,unemployment_total_pct,3.556
SLE,2022,gdp_pc_ppp_const2021,2934.73326430435
SLE,2022,gdp_pc_ppp_current,3143.96451050507
SLE,2022,inflation_cpi_annual_pct,27.2082883814653
SLE,2022,ppp_conv_gdp_lcu_per_intl$,3.84425192836224
SLE,2022,unemployment_total_pct,3.175
SLE,2023,gdp_pc_ppp_const2021,3034.94608285625
SLE,2023,gdp_pc_ppp_current,3368.31727188063
SLE,2023,inflation_cpi_annual_pct,47.6428733253179
SLE,2023,ppp_conv_gdp_lcu_per_intl$,4.79649218782795
SLE,2023,unemployment_total_pct,3.153
SLE,2024,gdp_pc_ppp_const2021,3098.76290609663
SLE,2024,gdp_pc_ppp_current,3522.30588009119
SLE,2024,inflation_cpi_annual_pct,28.6337500014115
SLE,2024,ppp_conv_gdp_lcu_per_intl$,5.17268406300254
SLE,2024,unemployment_total_pct,3.126
SLV,2019,gdp_pc_ppp_const2021,10543.9383291317
SLV,2019,gdp_pc_ppp_current,9756.7521864595
SLV,2019,gini,38.8
SLV,2019,inflation_cpi_annual_pct,0.0753241350024612
SLV,2019,ppp_conv_gdp_lcu_per_intl$,0.442782253026962
SLV,2019,unemployment_total_pct,4.17
SLV,2020,gdp_pc_ppp_const2021,9692.44931605799
SLV,2020,gdp_pc_ppp_current,9392.68913817943
SLV,2020,inflation_cpi_annual_pct,-0.371590212324095
SLV,2020,ppp_conv_gdp_lcu_per_intl$,0.425564259290695
SLV,2020,unemployment_total_pct,5.008
SLV,2021,gdp_pc_ppp_const2021,10809.713399518
SLV,2021,gdp_pc_ppp_current,10809.713399518
SLV,2021,gini,39.0
SLV,2021,inflation_cpi_annual_pct,3.46692585313082
SLV,2021,ppp_conv_gdp_lcu_per_intl$,0.429484784603119
SLV,2021,unemployment_total_pct,4.327
SLV,2022,gdp_pc_ppp_const2021,11085.6178074688
SLV,2022,gdp_pc_ppp_current,11875.9648066233
SLV,2022,gini,38.8
SLV,2022,inflation_cpi_annual_pct,7.19861615609867
SLV,2022,ppp_conv_gdp_lcu_per_intl$,0.427300197065921
SLV,2022,unemployment_total_pct,2.999
SLV,2023,gdp_pc_ppp_const2021,11424.6459176917
SLV,2023,gdp_pc_ppp_current,12679.5768752061
SLV,2023,gini,39.8
SLV,2023,inflation_cpi_annual_pct,4.04554694222477
SLV,2023,ppp_conv_gdp_lcu_per_intl$,0.423156463878806
SLV,2023,unemployment_total_pct,2.992
SLV,2024,gdp_pc_ppp_const2021,11669.0817135644
SLV,2024,gdp_pc_ppp_current,13264.027090968
SLV,2024,inflation_cpi_annual_pct,0.853782292567288
SLV,2024,ppp_conv_gdp_lcu_per_intl$,0.420661059675436
SLV,2024,unemployment_total_pct,2.839
SMR,2019,gdp_pc_ppp_const2021,60171.0471344217
SMR,2019,gdp_pc_ppp_current,57444.1193582109
SMR,2019,inflation_cpi_annual_pct,0.472651967352852
SMR,2019,ppp_conv_gdp_lcu_per_intl$,0.725066228661728
SMR,2020,gdp_pc_ppp_const2021,55998.071099456
SMR,2020,gdp_pc_ppp_current,55206.5812324405
SMR,2020,inflation_cpi_annual_pct,-0.133368898372915
SMR,2020,ppp_conv_gdp_lcu_per_intl$,0.704549975062565
SMR,2021,gdp_pc_ppp_const2021,64745.1316780701
SMR,2021,gdp_pc_ppp_current,64745.1316780701
SMR,2021,inflation_cpi_annual_pct,1.61551411551421
SMR,2021,ppp_conv_gdp_lcu_per_intl$,0.707382142543793
SMR,2022,gdp_pc_ppp_const2021,70887.573899815
SMR,2022,gdp_pc_ppp_current,75941.4899090162
SMR,2022,inflation_cpi_annual_pct,5.32545321311365
SMR,2022,ppp_conv_gdp_lcu_per_intl$,0.678561067926567
SMR,2023,gdp_pc_ppp_const2021,70951.7895931976
SMR,2023,gdp_pc_ppp_current,78745.4313299335
SMR,2023,inflation_cpi_annual_pct,5.93190858629403
SMR,2023,ppp_conv_gdp_lcu_per_intl$,0.703169345202151
SMR,2024,inflation_cpi_annual_pct,1.24216507945569
SOM,2019,gdp_pc_ppp_const2021,1491.29493918405
SOM,2019,gdp_pc_ppp_current,1548.27250940098
SOM,2019,ppp_conv_gdp_lcu_per_intl$,8741.20867123605
SOM,2019,unemployment_total_pct,18.828
SOM,2020,gdp_pc_ppp_const2021,1396.05544674978
SOM,2020,gdp_pc_ppp_current,1454.26711848855
SOM,2020,ppp_conv_gdp_lcu_per_intl$,9178.80688742071
SOM,2020,unemployment_total_pct,19.413
SOM,2021,gdp_pc_ppp_const2021,1392.31782053371
SOM,2021,gdp_pc_ppp_current,1392.31782053371
SOM,2021,ppp_conv_gdp_lcu_per_intl$,10268.4174304023
SOM,2021,unemployment_total_pct,19.662
SOM,2022,gdp_pc_ppp_const2021,1387.54753732191
SOM,2022,gdp_pc_ppp_current,1486.47247333834
SOM,2022,ppp_conv_gdp_lcu_per_intl$,10345.8503739167
SOM,2022,unemployment_total_pct,19.05
SOM,2023,gdp_pc_ppp_const2021,1401.64735228455
SOM,2023,gdp_pc_ppp_current,1555.61016798776
SOM,2023,ppp_conv_gdp_lcu_per_intl$,10446.3228091343
SOM,2023,unemployment_total_pct,18.941
SOM,2024,gdp_pc_ppp_const2021,1409.33492233283
SOM,2024,gdp_pc_ppp_current,1601.96466602339
SOM,2024,ppp_conv_gdp_lcu_per_intl$,11049.7242096074
SOM,2024,unemployment_total_pct,18.861
SRB,2019,gdp_pc_ppp_const2021,21541.1599308974
SRB,2019,gdp_pc_ppp_current,20586.9939399294
SRB,2019,gini,34.5
SRB,2019,inflation_cpi_annual_pct,1.84922984511086
SRB,2019,ppp_conv_gdp_lcu_per_intl$,39.6501279504196
SRB,2019,unemployment_total_pct,10.395
SRB,2020,gdp_pc_ppp_const2021,21479.1122859412
SRB,2020,gdp_pc_ppp_current,21013.0399401927
SRB,2020,gini,35.0
SRB,2020,inflation_cpi_annual_pct,1.57553290083415
SRB,2020,ppp_conv_gdp_lcu_per_intl$,39.7605268536972
SRB,2020,unemployment_total_pct,9.011
SRB,2021,gdp_pc_ppp_const2021,23406.3429959064
SRB,2021,gdp_pc_ppp_current,23406.3429959064
SRB,2021,gini,33.1
SRB,2021,inflation_cpi_annual_pct,4.08510285335102
SRB,2021,ppp_conv_gdp_lcu_per_intl$,41.1087369723565
SRB,2021,unemployment_total_pct,9.843
SRB,2022,gdp_pc_ppp_const2021,24651.8861871409
SRB,2022,gdp_pc_ppp_current,26247.1912319245
SRB,2022,gini,32.8
SRB,2022,inflation_cpi_annual_pct,11.9815117344703
SRB,2022,ppp_conv_gdp_lcu_per_intl$,42.6481133258117
SRB,2022,unemployment_total_pct,8.439
SRB,2023,gdp_pc_ppp_const2021,25735.173532262
SRB,2023,gdp_pc_ppp_current,28748.856357169
SRB,2023,inflation_cpi_annual_pct,12.3719043552519
SRB,2023,ppp_conv_gdp_lcu_per_intl$,46.3103709998638
SRB,2023,unemployment_total_pct,8.268
SRB,2024,gdp_pc_ppp_const2021,26900.7834030903
SRB,2024,gdp_pc_ppp_current,32233.760327554
SRB,2024,inflation_cpi_annual_pct,4.6705297488997
SRB,2024,ppp_conv_gdp_lcu_per_intl$,45.9158850458757
SRB,2024,unemployment_total_pct,7.39
SSD,2019,inflation_cpi_annual_pct,87.2413641500032
SSD,2019,unemployment_total_pct,12.709
SSD,2020,inflation_cpi_annual_pct,29.6758435538572
SSD,2020,unemployment_total_pct,14.319
SSD,2021,inflation_cpi_annual_pct,10.5167158294358
SSD,2021,ppp_conv_gdp_lcu_per_intl$,126.743049621582
SSD,2021,unemployment_total_pct,14.029
SSD,2022,inflation_cpi_annual_pct,-6.68732094212668
SSD,2022,unemployment_total_pct,12.545
SSD,2023,inflation_cpi_annual_pct,2.38280434813754
SSD,2023,unemployment_total_pct,12.477
SSD,2024,inflation_cpi_annual_pct,91.4408220769046
SSF,2019,gdp_pc_ppp_const2021,4956.28204569314
SSF,2019,gdp_pc_ppp_current,4486.18083814728
SSF,2019,inflation_cpi_annual_pct,2.867588034469
SSF,2019,unemployment_total_pct,6.2679212107601
SSF,2020,gdp_pc_ppp_const2021,4674.72999524284
SSF,2020,gdp_pc_ppp_current,4401.05792292738
SSF,2020,inflation_cpi_annual_pct,3.39862928518853
SSF,2020,unemployment_total_pct,6.803309525677
SSF,2021,gdp_pc_ppp_const2021,4720.35761389047
SSF,2021,gdp_pc_ppp_current,4702.27887357732
SSF,2021,inflation_cpi_annual_pct,4.43905481215002
SSF,2021,unemployment_total_pct,6.9876633959167
SSF,2022,gdp_pc_ppp_const2021,4796.06641542138
SSF,2022,gdp_pc_ppp_current,5118.32275787398
SSF,2022,inflation_cpi_annual_pct,9.45801281304023
SSF,2022,unemployment_total_pct,6.19801853183662
SSF,2023,gdp_pc_ppp_const2021,4810.21576811861
SSF,2023,gdp_pc_ppp_current,5318.14347437486
SSF,2023,inflation_cpi_annual_pct,6.69759990789845
SSF,2023,unemployment_total_pct,5.88775732180003
SSF,2024,gdp_pc_ppp_const2021,4872.63561420471
SSF,2024,gdp_pc_ppp_current,5517.42113558704
SSF,2024,inflation_cpi_annual_pct,4.23903922877036
SSF,2024,unemployment_total_pct,5.82352963342453
SST,2019,gdp_pc_ppp_const2021,21651.5520380448
SST,2019,gdp_pc_ppp_current,20302.1552471529
SST,2019,inflation_cpi_annual_pct,1.30544966502392
SST,2019,unemployment_total_pct,7.69114842257148
SST,2020,gdp_pc_ppp_const2021,20089.2356193618
SST,2020,gdp_pc_ppp_current,19023.1787832912
SST,2020,inflation_cpi_annual_pct,0.598986330824643
SST,2020,unemployment_total_pct,9.11283654873109
SST,2021,gdp_pc_ppp_const2021,21232.1046406909
SST,2021,gdp_pc_ppp_current,21232.1046406909
SST,2021,inflation_cpi_annual_pct,2.41070312174393
SST,2021,unemployment_total_pct,8.72082538333154
SST,2022,gdp_pc_ppp_const2021,22449.9453459877
SST,2022,gdp_pc_ppp_current,24225.3310261169
SST,2022,inflation_cpi_annual_pct,6.15375621933037
SST,2022,unemployment_total_pct,8.04039111683461
SST,2023,gdp_pc_ppp_const2021,23360.6340241595
SST,2023,gdp_pc_ppp_current,26000.6890909929
SST,2023,inflation_cpi_annual_pct,5.08677483158112
SST,2023,unemployment_total_pct,7.6698267520013
SST,2024,gdp_pc_ppp_const2021,24699.2403005424
SST,2024,gdp_pc_ppp_current,28457.6242126332
SST,2024,inflation_cpi_annual_pct,2.45545072159028
SST,2024,unemployment_total_pct,7.56700147625526
STP,2019,gdp_pc_ppp_const2021,5702.08347071236
STP,2019,gdp_pc_ppp_current,4655.48496449805
STP,2019,inflation_cpi_annual_pct,7.72024525213248
STP,2019,ppp_conv_gdp_lcu_per_intl$,9.16576766967773
STP,2019,unemployment_total_pct,8.831
STP,2020,gdp_pc_ppp_const2021,5742.94724858826
STP,2020,gdp_pc_ppp_current,5144.53560286014
STP,2020,inflation_cpi_annual_pct,9.81932791540146
STP,2020,ppp_conv_gdp_lcu_per_intl$,9.12815380096436
STP,2020,unemployment_total_pct,9.686
STP,2021,gdp_pc_ppp_const2021,5732.69456061536
STP,2021,gdp_pc_ppp_current,5732.69456061536
STP,2021,inflation_cpi_annual_pct,8.13777038378732
STP,2021,ppp_conv_gdp_lcu_per_intl$,8.59929370880127
STP,2021,unemployment_total_pct,9.6
STP,2022,gdp_pc_ppp_const2021,5632.13890715047
STP,2022,gdp_pc_ppp_current,6033.6811722183
STP,2022,inflation_cpi_annual_pct,18.0056351122841
STP,2022,ppp_conv_gdp_lcu_per_intl$,9.29372396609529
STP,2022,unemployment_total_pct,8.992
STP,2023,gdp_pc_ppp_const2021,5541.3016760535
STP,2023,gdp_pc_ppp_current,6149.98146081932
STP,2023,inflation_cpi_annual_pct,21.2589138473
STP,2023,ppp_conv_gdp_lcu_per_intl$,11.1011541303883
STP,2023,unemployment_total_pct,9.071
STP,2024,gdp_pc_ppp_const2021,5491.29829852275
STP,2024,gdp_pc_ppp_current,6241.85614464638
STP,2024,inflation_cpi_annual_pct,14.3519273571008
STP,2024,ppp_conv_gdp_lcu_per_intl$,12.7576056454318
STP,2024,unemployment_total_pct,9.17
SUR,2019,gdp_pc_ppp_const2021,22966.7405999124
SUR,2019,gdp_pc_ppp_current,19771.5473885151
SUR,2019,ppp_conv_gdp_lcu_per_intl$,2.64944648742676
SUR,2019,unemployment_total_pct,7.556
SUR,2020,gdp_pc_ppp_const2021,19091.3617184226
SUR,2020,gdp_pc_ppp_current,16946.8942361914
SUR,2020,inflation_cpi_annual_pct,34.889784309078
SUR,2020,ppp_conv_gdp_lcu_per_intl$,3.73132395744324
SUR,2020,unemployment_total_pct,8.76
SUR,2021,gdp_pc_ppp_const2021,18458.234999681
SUR,2021,gdp_pc_ppp_current,18458.234999681
SUR,2021,inflation_cpi_annual_pct,59.1196626251977
SUR,2021,ppp_conv_gdp_lcu_per_intl$,5.3682279586792
SUR,2021,unemployment_total_pct,8.491
SUR,2022,gdp_pc_ppp_const2021,18742.5873760369
SUR,2022,gdp_pc_ppp_current,20078.836554595
SUR,2022,gini,39.2
SUR,2022,inflation_cpi_annual_pct,52.446027276241
SUR,2022,ppp_conv_gdp_lcu_per_intl$,7.48755844845935
SUR,2022,unemployment_total_pct,8.16
SUR,2023,gdp_pc_ppp_const2021,19020.8663908707
SUR,2023,gdp_pc_ppp_current,21110.1980204563
SUR,2023,inflation_cpi_annual_pct,51.5873159600861
SUR,2023,ppp_conv_gdp_lcu_per_intl$,9.61978028728001
SUR,2023,unemployment_total_pct,7.631
SUR,2024,gdp_pc_ppp_const2021,19179.1018321639
SUR,2024,gdp_pc_ppp_current,21800.5265989822
SUR,2024,inflation_cpi_annual_pct,16.2296159130279
SUR,2024,ppp_conv_gdp_lcu_per_intl$,10.5958917756902
SUR,2024,unemployment_total_pct,7.325
SVK,2019,gdp_pc_ppp_const2021,37209.5332553073
SVK,2019,gdp_pc_ppp_current,33985.6758419661
SVK,2019,gini,23.2
SVK,2019,inflation_cpi_annual_pct,2.66456133425431
SVK,2019,ppp_conv_gdp_lcu_per_intl$,0.510067
SVK,2019,unemployment_total_pct,5.761
SVK,2020,gdp_pc_ppp_const2021,36216.4002110814
SVK,2020,gdp_pc_ppp_current,35327.9439165588
SVK,2020,gini,24.2
SVK,2020,inflation_cpi_annual_pct,1.93694126694223
SVK,2020,ppp_conv_gdp_lcu_per_intl$,0.48909
SVK,2020,unemployment_total_pct,6.719
SVK,2021,gdp_pc_ppp_const2021,38346.0935768177
SVK,2021,gdp_pc_ppp_current,38346.0935768177
SVK,2021,gini,24.1
SVK,2021,inflation_cpi_annual_pct,3.14960629921268
SVK,2021,ppp_conv_gdp_lcu_per_intl$,0.487999
SVK,2021,unemployment_total_pct,6.894
SVK,2022,gdp_pc_ppp_const2021,38664.9076949851
SVK,2022,gdp_pc_ppp_current,41096.018502098
SVK,2022,gini,24.1
SVK,2022,inflation_cpi_annual_pct,12.7741463637611
SVK,2022,ppp_conv_gdp_lcu_per_intl$,0.492988
SVK,2022,unemployment_total_pct,6.143
SVK,2023,gdp_pc_ppp_const2021,39518.2209359245
SVK,2023,gdp_pc_ppp_current,43949.8572125349
SVK,2023,gini,23.8
SVK,2023,inflation_cpi_annual_pct,10.5319476645211
SVK,2023,ppp_conv_gdp_lcu_per_intl$,0.519207
SVK,2023,unemployment_total_pct,5.84
SVK,2024,gdp_pc_ppp_const2021,40319.0547230873
SVK,2024,gdp_pc_ppp_current,47180.8487662884
SVK,2024,inflation_cpi_annual_pct,2.75760909424272
SVK,2024,ppp_conv_gdp_lcu_per_intl$,0.512025
SVK,2024,unemployment_total_pct,5.234
SVN,2019,gdp_pc_ppp_const2021,44569.5878416535
SVN,2019,gdp_pc_ppp_current,42373.2506369279
SVN,2019,gini,24.4
SVN,2019,inflation_cpi_annual_pct,1.63052260754344
SVN,2019,ppp_conv_gdp_lcu_per_intl$,0.544192
SVN,2019,unemployment_total_pct,4.446
SVN,2020,gdp_pc_ppp_const2021,42463.5635346194
SVN,2020,gdp_pc_ppp_current,41767.2579899957
SVN,2020,gini,24.0
SVN,2020,inflation_cpi_annual_pct,-0.05485681576061
SVN,2020,ppp_conv_gdp_lcu_per_intl$,0.532257
SVN,2020,unemployment_total_pct,4.971
SVN,2021,gdp_pc_ppp_const2021,45914.0572392406
SVN,2021,gdp_pc_ppp_current,45914.0572392406
SVN,2021,gini,24.3
SVN,2021,inflation_cpi_annual_pct,1.91706506089259
SVN,2021,ppp_conv_gdp_lcu_per_intl$,0.537477
SVN,2021,unemployment_total_pct,4.744
SVN,2022,gdp_pc_ppp_const2021,47050.0676441642
SVN,2022,gdp_pc_ppp_current,51079.1780691932
SVN,2022,gini,24.3
SVN,2022,inflation_cpi_annual_pct,8.83369886749452
SVN,2022,ppp_conv_gdp_lcu_per_intl$,0.527504
SVN,2022,unemployment_total_pct,4.011
SVN,2023,gdp_pc_ppp_const2021,47977.4268117652
SVN,2023,gdp_pc_ppp_current,53952.2047300024
SVN,2023,gini,24.7
SVN,2023,inflation_cpi_annual_pct,7.44687717385838
SVN,2023,ppp_conv_gdp_lcu_per_intl$,0.558997
SVN,2023,unemployment_total_pct,3.652
SVN,2024,gdp_pc_ppp_const2021,48648.9078834081
SVN,2024,gdp_pc_ppp_current,56502.0375242201
SVN,2024,inflation_cpi_annual_pct,1.96562656432512
SVN,2024,ppp_conv_gdp_lcu_per_intl$,0.557128
SVN,2024,unemployment_total_pct,3.357
SWE,2019,gdp_pc_ppp_const2021,61601.6292338778
SWE,2019,gdp_pc_ppp_current,57046.4463076951
SWE,2019,gini,29.3
SWE,2019,inflation_cpi_annual_pct,1.78415097403835
SWE,2019,ppp_conv_gdp_lcu_per_intl$,8.584015
SWE,2019,unemployment_total_pct,6.833
SWE,2020,gdp_pc_ppp_const2021,59975.3644061895
SWE,2020,gdp_pc_ppp_current,57489.2657196219
SWE,2020,gini,28.9
SWE,2020,inflation_cpi_annual_pct,0.497367318853572
SWE,2020,ppp_conv_gdp_lcu_per_intl$,8.435616
SWE,2020,unemployment_total_pct,8.291
SWE,2021,gdp_pc_ppp_const2021,62731.700616293
SWE,2021,gdp_pc_ppp_current,62731.700616293
SWE,2021,gini,29.8
SWE,2021,inflation_cpi_annual_pct,2.16319736447153
SWE,2021,ppp_conv_gdp_lcu_per_intl$,8.363733
SWE,2021,unemployment_total_pct,8.722
SWE,2022,gdp_pc_ppp_const2021,63088.4236678734
SWE,2022,gdp_pc_ppp_current,66375.6164555727
SWE,2022,gini,31.6
SWE,2022,inflation_cpi_annual_pct,8.36929098869189
SWE,2022,ppp_conv_gdp_lcu_per_intl$,8.426093
SWE,2022,unemployment_total_pct,7.392
SWE,2023,gdp_pc_ppp_const2021,62662.7652797761
SWE,2023,gdp_pc_ppp_current,67258.8461000938
SWE,2023,gini,29.3
SWE,2023,inflation_cpi_annual_pct,8.54862489748902
SWE,2023,ppp_conv_gdp_lcu_per_intl$,8.765773
SWE,2023,unemployment_total_pct,7.611
SWE,2024,gdp_pc_ppp_const2021,62978.9390459835
SWE,2024,gdp_pc_ppp_current,71030.4601718093
SWE,2024,inflation_cpi_annual_pct,2.83581658224034
SWE,2024,ppp_conv_gdp_lcu_per_intl$,8.587839
SWE,2024,unemployment_total_pct,8.528
SWZ,2019,gdp_pc_ppp_const2021,10099.5863118406
SWZ,2019,gdp_pc_ppp_current,9248.32206714455
SWZ,2019,inflation_cpi_annual_pct,2.59801620311077
SWZ,2019,ppp_conv_gdp_lcu_per_intl$,6.11483430862427
SWZ,2019,unemployment_total_pct,28.138
SWZ,2020,gdp_pc_ppp_const2021,9695.82498058755
SWZ,2020,gdp_pc_ppp_current,9329.30453360939
SWZ,2020,ppp_conv_gdp_lcu_per_intl$,6.11999368667603
SWZ,2020,unemployment_total_pct,32.944
SWZ,2021,gdp_pc_ppp_const2021,9990.43491951205
SWZ,2021,gdp_pc_ppp_current,9990.43491951205
SWZ,2021,ppp_conv_gdp_lcu_per_intl$,5.89536285400391
SWZ,2021,unemployment_total_pct,34.153
SWZ,2022,gdp_pc_ppp_const2021,9927.60567008139
SWZ,2022,gdp_pc_ppp_current,10635.3924156113
SWZ,2022,ppp_conv_gdp_lcu_per_intl$,5.99107003756283
SWZ,2022,unemployment_total_pct,35.359
SWZ,2023,gdp_pc_ppp_const2021,10181.5040730397
SWZ,2023,gdp_pc_ppp_current,11299.8831236788
SWZ,2023,ppp_conv_gdp_lcu_per_intl$,6.1330593950128
SWZ,2023,unemployment_total_pct,35.086
SWZ,2024,gdp_pc_ppp_const2021,10380.3966630516
SWZ,2024,gdp_pc_ppp_current,11799.2028793201
SWZ,2024,ppp_conv_gdp_lcu_per_intl$,6.06939955235508
SWZ,2024,unemployment_total_pct,34.4
SXM,2019,gdp_pc_ppp_const2021,45996.7912346922
SXM,2019,gdp_pc_ppp_current,45715.6970519376
SXM,2019,ppp_conv_gdp_lcu_per_intl$,1.36500227451324
SXM,2020,gdp_pc_ppp_const2021,39265.7616790568
SXM,2020,gdp_pc_ppp_current,38901.4867603712
SXM,2020,ppp_conv_gdp_lcu_per_intl$,1.38735342025757
SXM,2021,gdp_pc_ppp_const2021,40507.0672411717
SXM,2021,gdp_pc_ppp_current,40507.0672411717
SXM,2021,ppp_conv_gdp_lcu_per_intl$,1.43830955028534
SXM,2022,gdp_pc_ppp_const2021,45515.6523389272
SXM,2022,gdp_pc_ppp_current,48760.6820580997
SXM,2022,ppp_conv_gdp_lcu_per_intl$,1.38738214996342
SXM,2023,gdp_pc_ppp_const2021,46571.0886504628
SXM,2023,gdp_pc_ppp_current,51686.6520818084
SXM,2023,ppp_conv_gdp_lcu_per_intl$,1.36628624872081
SXM,2024,gdp_pc_ppp_const2021,47303.194758482
SXM,2024,gdp_pc_ppp_current,53768.6573945662
SXM,2024,ppp_conv_gdp_lcu_per_intl$,1.38065436506043
SYC,2019,gdp_pc_ppp_const2021,34346.0708923483
SYC,2019,gdp_pc_ppp_current,34219.061370118
SYC,2019,inflation_cpi_annual_pct,1.80709400809982
SYC,2019,ppp_conv_gdp_lcu_per_intl$,7.84994125366211
SYC,2020,gdp_pc_ppp_const2021,30056.1994300968
SYC,2020,gdp_pc_ppp_current,31055.9442055039
SYC,2020,inflation_cpi_annual_pct,1.20266463987123
SYC,2020,ppp_conv_gdp_lcu_per_intl$,7.96504259109497
SYC,2021,gdp_pc_ppp_const2021,29979.8272686091
SYC,2021,gdp_pc_ppp_current,29979.8272686091
SYC,2021,inflation_cpi_annual_pct,9.76909936973542
SYC,2021,ppp_conv_gdp_lcu_per_intl$,8.45630931854248
SYC,2022,gdp_pc_ppp_const2021,27978.1770550937
SYC,2022,gdp_pc_ppp_current,29972.8758315937
SYC,2022,inflation_cpi_annual_pct,2.6260363285129
SYC,2022,ppp_conv_gdp_lcu_per_intl$,8.0174612537575
SYC,2023,gdp_pc_ppp_const2021,28635.3563581744
SYC,2023,gdp_pc_ppp_current,31780.7838341965
SYC,2023,inflation_cpi_annual_pct,-1.03530088431952
SYC,2023,ppp_conv_gdp_lcu_per_intl$,8.05545638817911
SYC,2024,gdp_pc_ppp_const2021,29241.7758048825
SYC,2024,gdp_pc_ppp_current,33238.5800343754
SYC,2024,inflation_cpi_annual_pct,0.311726050919668
SYC,2024,ppp_conv_gdp_lcu_per_intl$,7.80668759041487
SYR,2019,gdp_pc_ppp_const2021,4825.40602053761
SYR,2019,gdp_pc_ppp_current,3502.17511543737
SYR,2019,inflation_cpi_annual_pct,13.4175653228571
SYR,2019,ppp_conv_gdp_lcu_per_intl$,163.027435302734
SYR,2019,unemployment_total_pct,13.36
SYR,2020,gdp_pc_ppp_const2021,4633.34951847728
SYR,2020,gdp_pc_ppp_current,3737.65751831376
SYR,2020,ppp_conv_gdp_lcu_per_intl$,237.009140014648
SYR,2020,unemployment_total_pct,15.191
SYR,2021,gdp_pc_ppp_const2021,4592.83860100874
SYR,2021,gdp_pc_ppp_current,4592.83860100874
SYR,2021,ppp_conv_gdp_lcu_per_intl$,417.322418212891
SYR,2021,unemployment_total_pct,14.877
SYR,2022,gdp_pc_ppp_const2021,4454.85373271464
SYR,2022,gdp_pc_ppp_current,4772.4616766716
SYR,2022,gini,26.6
SYR,2022,ppp_conv_gdp_lcu_per_intl$,826.404662758059
SYR,2022,unemployment_total_pct,13.268
SYR,2023,ppp_conv_gdp_lcu_per_intl$,1757.52068232787
SYR,2023,unemployment_total_pct,13.187
SYR,2024,unemployment_total_pct,12.962
TCA,2019,gdp_pc_ppp_const2021,30611.2130237381
TCA,2019,gdp_pc_ppp_current,31173.3797811743
TCA,2019,ppp_conv_gdp_lcu_per_intl$,1.01947629451752
TCA,2020,gdp_pc_ppp_const2021,19702.5368196855
TCA,2020,gdp_pc_ppp_current,19530.0254075613
TCA,2020,ppp_conv_gdp_lcu_per_intl$,1.05944132804871
TCA,2021,gdp_pc_ppp_const2021,25056.4880515569
TCA,2021,gdp_pc_ppp_current,25056.4880515569
TCA,2021,ppp_conv_gdp_lcu_per_intl$,1.09070706367493
TCA,2022,gdp_pc_ppp_const2021,28209.6242536079
TCA,2022,gdp_pc_ppp_current,30220.8240138134
TCA,2022,ppp_conv_gdp_lcu_per_intl$,1.03506581381709
TCA,2023,gdp_pc_ppp_const2021,31839.3705381969
TCA,2023,gdp_pc_ppp_current,35336.7403511449
TCA,2023,ppp_conv_gdp_lcu_per_intl$,1.00377722473432
TCA,2024,gdp_pc_ppp_const2021,33390.5267148059
TCA,2024,gdp_pc_ppp_current,37954.3876543471
TCA,2024,ppp_conv_gdp_lcu_per_intl$,0.988206691271252
TCD,2019,gdp_pc_ppp_const2021,2604.53153663392
TCD,2019,gdp_pc_ppp_current,2351.65339767739
TCD,2019,inflation_cpi_annual_pct,-0.971939175419401
TCD,2019,ppp_conv_gdp_lcu_per_intl$,222.573471069336
TCD,2019,unemployment_total_pct,1.084
TCD,2020,gdp_pc_ppp_const2021,2513.02922729008
TCD,2020,gdp_pc_ppp_current,2185.99034173537
TCD,2020,inflation_cpi_annual_pct,4.46414437232861
TCD,2020,ppp_conv_gdp_lcu_per_intl$,228.273208618164
TCD,2020,unemployment_total_pct,1.707
TCD,2021,gdp_pc_ppp_const2021,2435.07274651099
TCD,2021,gdp_pc_ppp_current,2435.07274651099
TCD,2021,inflation_cpi_annual_pct,-0.77284437035914
TCD,2021,ppp_conv_gdp_lcu_per_intl$,215.510940551758
TCD,2021,unemployment_total_pct,1.548
TCD,2022,gdp_pc_ppp_const2021,2449.48251052484
TCD,2022,gdp_pc_ppp_current,2624.11789713994
TCD,2022,gini,37.4
TCD,2022,inflation_cpi_annual_pct,5.78802687843616
TCD,2022,ppp_conv_gdp_lcu_per_intl$,229.629400136819
TCD,2022,unemployment_total_pct,1.096
TCD,2023,gdp_pc_ppp_const2021,2433.09879153397
TCD,2023,gdp_pc_ppp_current,2700.36055335878
TCD,2023,inflation_cpi_annual_pct,10.8363568399843
TCD,2023,ppp_conv_gdp_lcu_per_intl$,213.244470241499
TCD,2023,unemployment_total_pct,1.074
TCD,2024,gdp_pc_ppp_const2021,2412.865855392
TCD,2024,gdp_pc_ppp_current,2742.65952183613
TCD,2024,inflation_cpi_annual_pct,8.89950732263754
TCD,2024,ppp_conv_gdp_lcu_per_intl$,212.580975482862
TCD,2024,unemployment_total_pct,1.088
TEA,2019,gdp_pc_ppp_const2021,16941.7449353979
TEA,2019,gdp_pc_ppp_current,15858.8609806639
TEA,2019,inflation_cpi_annual_pct,1.93321335810515
TEA,2019,unemployment_total_pct,3.91055814607334
TEA,2020,gdp_pc_ppp_const2021,17005.0148318455
TEA,2020,gdp_pc_ppp_current,16192.9997759835
TEA,2020,inflation_cpi_annual_pct,2.3931623931624
TEA,2020,unemployment_total_pct,4.38272643965065
TEA,2021,gdp_pc_ppp_const2021,18167.5298896498
TEA,2021,gdp_pc_ppp_current,18167.5298896498
TEA,2021,inflation_cpi_annual_pct,2.6124818577648
TEA,2021,unemployment_total_pct,4.13976979107785
TEA,2022,gdp_pc_ppp_const2021,18808.7249692887
TEA,2022,gdp_pc_ppp_current,20149.6883288909
TEA,2022,inflation_cpi_annual_pct,5.40874375479067
TEA,2022,unemployment_total_pct,4.24554875686717
TEA,2023,gdp_pc_ppp_const2021,19741.6109219987
TEA,2023,gdp_pc_ppp_current,21910.1107554067
TEA,2023,inflation_cpi_annual_pct,6.16457747898299
TEA,2023,unemployment_total_pct,3.99023937769226
TEA,2024,gdp_pc_ppp_const2021,20682.7766500413
TEA,2024,gdp_pc_ppp_current,23509.7241651154
TEA,2024,inflation_cpi_annual_pct,2.23172772921704
TEA,2024,unemployment_total_pct,3.90185859989858
TEC,2019,gdp_pc_ppp_const2021,28513.4277586195
TEC,2019,gdp_pc_ppp_current,25405.5943539349
TEC,2019,inflation_cpi_annual_pct,2.67599202639893
TEC,2019,unemployment_total_pct,6.7395614203963
TEC,2020,gdp_pc_ppp_const2021,27934.6190470277
TEC,2020,gdp_pc_ppp_current,25836.4103533317
TEC,2020,inflation_cpi_annual_pct,2.73249209419427
TEC,2020,unemployment_total_pct,7.23984099845427
TEC,2021,gdp_pc_ppp_const2021,29887.2819774532
TEC,2021,gdp_pc_ppp_current,29887.2819774532
TEC,2021,inflation_cpi_annual_pct,5.10641129002841
TEC,2021,unemployment_total_pct,6.82993701862492
TEC,2022,gdp_pc_ppp_const2021,30145.8635789512
TEC,2022,gdp_pc_ppp_current,33016.0502203462
TEC,2022,inflation_cpi_annual_pct,13.8522590144267
TEC,2022,unemployment_total_pct,5.68131119463324
TEC,2023,gdp_pc_ppp_const2021,31475.2109027535
TEC,2023,gdp_pc_ppp_current,35649.1355407215
TEC,2023,inflation_cpi_annual_pct,9.36187249769016
TEC,2023,unemployment_total_pct,5.15608827143809
TEC,2024,gdp_pc_ppp_const2021,32609.9251826136
TEC,2024,gdp_pc_ppp_current,37934.3716320538
TEC,2024,inflation_cpi_annual_pct,3.63700046769908
TEC,2024,unemployment_total_pct,4.72766303570866
TGO,2019,gdp_pc_ppp_const2021,2577.51616831372
TGO,2019,gdp_pc_ppp_current,2214.69915550677
TGO,2019,inflation_cpi_annual_pct,0.674652770077525
TGO,2019,ppp_conv_gdp_lcu_per_intl$,218.590423583984
TGO,2019,unemployment_total_pct,2.036
TGO,2020,gdp_pc_ppp_const2021,2570.48315208534
TGO,2020,gdp_pc_ppp_current,2384.06645451827
TGO,2020,inflation_cpi_annual_pct,1.69928463299399
TGO,2020,ppp_conv_gdp_lcu_per_intl$,208.467544555664
TGO,2020,unemployment_total_pct,2.225
TGO,2021,gdp_pc_ppp_const2021,2638.81095267963
TGO,2021,gdp_pc_ppp_current,2638.81095267963
TGO,2021,gini,37.9
TGO,2021,inflation_cpi_annual_pct,4.1862150652352
TGO,2021,ppp_conv_gdp_lcu_per_intl$,202.174468994141
TGO,2021,unemployment_total_pct,2.333
TGO,2022,gdp_pc_ppp_const2021,2739.68813234711
TGO,2022,gdp_pc_ppp_current,2935.01367320787
TGO,2022,inflation_cpi_annual_pct,7.96757361617945
TGO,2022,ppp_conv_gdp_lcu_per_intl$,202.159338993789
TGO,2022,unemployment_total_pct,1.965
TGO,2023,gdp_pc_ppp_const2021,2842.23076240747
TGO,2023,gdp_pc_ppp_current,3154.43329348299
TGO,2023,inflation_cpi_annual_pct,5.48928568141131
TGO,2023,ppp_conv_gdp_lcu_per_intl$,202.870534100982
TGO,2023,unemployment_total_pct,1.948
TGO,2024,gdp_pc_ppp_const2021,2960.77542569109
TGO,2024,gdp_pc_ppp_current,3365.45809007306
TGO,2024,inflation_cpi_annual_pct,2.86262074089801
TGO,2024,ppp_conv_gdp_lcu_per_intl$,201.675895153365
TGO,2024,unemployment_total_pct,1.94
THA,2019,gdp_pc_ppp_const2021,21277.8392684764
THA,2019,gdp_pc_ppp_current,19963.3918407099
THA,2019,gini,34.9
THA,2019,inflation_cpi_annual_pct,0.706728601314311
THA,2019,ppp_conv_gdp_lcu_per_intl$,11.8285846710205
THA,2019,unemployment_total_pct,0.716
THA,2020,gdp_pc_ppp_const2021,19957.257140917
THA,2020,gdp_pc_ppp_current,19163.7415152349
THA,2020,gini,35.0
THA,2020,inflation_cpi_annual_pct,-0.845937147357041
THA,2020,ppp_conv_gdp_lcu_per_intl$,11.4072952270508
THA,2020,unemployment_total_pct,1.099
THA,2021,gdp_pc_ppp_const2021,20242.7700035656
THA,2021,gdp_pc_ppp_current,20242.7700035656
THA,2021,gini,34.9
THA,2021,inflation_cpi_annual_pct,1.23039541318384
THA,2021,ppp_conv_gdp_lcu_per_intl$,11.1481275558472
THA,2021,unemployment_total_pct,1.215
THA,2022,gdp_pc_ppp_const2021,20762.7952598527
THA,2022,gdp_pc_ppp_current,22243.0747727026
THA,2022,gini,34.3
THA,2022,inflation_cpi_annual_pct,-1.61068030486688
THA,2022,ppp_conv_gdp_lcu_per_intl$,10.8911014045537
THA,2022,unemployment_total_pct,0.94
THA,2023,gdp_pc_ppp_const2021,21191.4540309274
THA,2023,gdp_pc_ppp_current,23519.2120979823
THA,2023,gini,33.5
THA,2023,inflation_cpi_annual_pct,8.47805174421543
THA,2023,ppp_conv_gdp_lcu_per_intl$,10.6468394686664
THA,2023,unemployment_total_pct,0.733
THA,2024,gdp_pc_ppp_const2021,21740.5403219261
THA,2024,gdp_pc_ppp_current,24712.0658575135
THA,2024,inflation_cpi_annual_pct,1.36580540798037
THA,2024,ppp_conv_gdp_lcu_per_intl$,10.4923732985879
THA,2024,unemployment_total_pct,0.693
TJK,2019,gdp_pc_ppp_const2021,3649.88375518646
TJK,2019,gdp_pc_ppp_current,3459.97365083434
TJK,2019,ppp_conv_gdp_lcu_per_intl$,2.39919829368591
TJK,2019,unemployment_total_pct,11.419
TJK,2020,gdp_pc_ppp_const2021,3724.7489591466
TJK,2020,gdp_pc_ppp_current,3653.95976759112
TJK,2020,ppp_conv_gdp_lcu_per_intl$,2.35681772232056
TJK,2020,unemployment_total_pct,12.321
TJK,2021,gdp_pc_ppp_const2021,3985.91247611219
TJK,2021,gdp_pc_ppp_current,3985.91247611219
TJK,2021,gini,32.4
TJK,2021,ppp_conv_gdp_lcu_per_intl$,2.5442578792572
TJK,2021,unemployment_total_pct,12.333
TJK,2022,gdp_pc_ppp_const2021,4213.75618362687
TJK,2022,gdp_pc_ppp_current,4514.17512398164
TJK,2022,gini,39.5
TJK,2022,ppp_conv_gdp_lcu_per_intl$,2.57116097678181
TJK,2022,unemployment_total_pct,11.634
TJK,2023,gdp_pc_ppp_const2021,4472.3241378777
TJK,2023,gdp_pc_ppp_current,4963.58295264504
TJK,2023,gini,38.0
TJK,2023,ppp_conv_gdp_lcu_per_intl$,2.57476400938778
TJK,2023,unemployment_total_pct,11.546
TJK,2024,gdp_pc_ppp_const2021,4755.93296704719
TJK,2024,gdp_pc_ppp_current,5405.98011619139
TJK,2024,gini,36.1
TJK,2024,ppp_conv_gdp_lcu_per_intl$,2.67931126140168
TJK,2024,unemployment_total_pct,11.635
TKM,2019,gdp_pc_ppp_const2021,15231.3056176565
TKM,2019,gdp_pc_ppp_current,15477.7237643978
TKM,2019,ppp_conv_gdp_lcu_per_intl$,1.50332972021
TKM,2019,unemployment_total_pct,4.043
TKM,2020,gdp_pc_ppp_const2021,15791.1775857601
TKM,2020,gdp_pc_ppp_current,15090.9394971778
TKM,2020,ppp_conv_gdp_lcu_per_intl$,1.52900388443585
TKM,2020,unemployment_total_pct,4.501
TKM,2021,gdp_pc_ppp_const2021,16434.1399060353
TKM,2021,gdp_pc_ppp_current,16434.1399060353
TKM,2021,ppp_conv_gdp_lcu_per_intl$,1.50170361995697
TKM,2021,unemployment_total_pct,4.459
TKM,2022,gdp_pc_ppp_const2021,17119.5744946142
TKM,2022,gdp_pc_ppp_current,18340.1112805299
TKM,2022,ppp_conv_gdp_lcu_per_intl$,1.556546303434
TKM,2022,unemployment_total_pct,4.109
TKM,2023,gdp_pc_ppp_const2021,17866.4041809169
TKM,2023,gdp_pc_ppp_current,19828.9248461199
TKM,2023,ppp_conv_gdp_lcu_per_intl$,1.45314398702451
TKM,2023,unemployment_total_pct,4.099
TKM,2024,gdp_pc_ppp_const2021,18662.298799056
TKM,2024,gdp_pc_ppp_current,21213.0862501953
TKM,2024,ppp_conv_gdp_lcu_per_intl$,1.5118910193265
TKM,2024,unemployment_total_pct,4.304
TLA,2019,gdp_pc_ppp_const2021,18790.9528914649
TLA,2019,gdp_pc_ppp_current,17245.5583162874
TLA,2019,inflation_cpi_annual_pct,2.09604635327807
TLA,2019,unemployment_total_pct,8.10424349109534
TLA,2020,gdp_pc_ppp_const2021,17418.3129478853
TLA,2020,gdp_pc_ppp_current,16581.5773349384
TLA,2020,inflation_cpi_annual_pct,1.76751592356698
TLA,2020,unemployment_total_pct,10.3522494542699
TLA,2021,gdp_pc_ppp_const2021,18606.9346826623
TLA,2021,gdp_pc_ppp_current,18606.9346826623
TLA,2021,inflation_cpi_annual_pct,4.26105127422813
TLA,2021,unemployment_total_pct,9.27350464000943
TLA,2022,gdp_pc_ppp_const2021,19256.4973758813
TLA,2022,gdp_pc_ppp_current,20774.3434654993
TLA,2022,inflation_cpi_annual_pct,7.8962761916855
TLA,2022,unemployment_total_pct,6.99769011843402
TLA,2023,gdp_pc_ppp_const2021,19556.8117598203
TLA,2023,gdp_pc_ppp_current,21870.6296626088
TLA,2023,inflation_cpi_annual_pct,4.92637573192674
TLA,2023,unemployment_total_pct,6.27705803055615
TLA,2024,gdp_pc_ppp_const2021,19850.7687675066
TLA,2024,gdp_pc_ppp_current,22759.1070103633
TLA,2024,inflation_cpi_annual_pct,3.62770736940927
TLA,2024,unemployment_total_pct,6.31153788497579
TLS,2019,gdp_pc_ppp_const2021,5103.14962872555
TLS,2019,gdp_pc_ppp_current,4556.61425715784
TLS,2019,inflation_cpi_annual_pct,0.958812739703141
TLS,2019,ppp_conv_gdp_lcu_per_intl$,0.342878394462742
TLS,2019,unemployment_total_pct,3.097
TLS,2020,gdp_pc_ppp_const2021,6594.88175503901
TLS,2020,gdp_pc_ppp_current,6132.08299806495
TLS,2020,inflation_cpi_annual_pct,0.495499215459571
TLS,2020,ppp_conv_gdp_lcu_per_intl$,0.265956834851583
TLS,2020,unemployment_total_pct,2.782
TLS,2021,gdp_pc_ppp_const2021,6825.04588630745
TLS,2021,gdp_pc_ppp_current,6825.04588630745
TLS,2021,inflation_cpi_annual_pct,3.69792094666786
TLS,2021,ppp_conv_gdp_lcu_per_intl$,0.393393218517303
TLS,2021,unemployment_total_pct,2.344
TLS,2022,gdp_pc_ppp_const2021,5348.49200064987
TLS,2022,gdp_pc_ppp_current,5729.81171382517
TLS,2022,inflation_cpi_annual_pct,7.00530945399787
TLS,2022,ppp_conv_gdp_lcu_per_intl$,0.408957512818086
TLS,2022,unemployment_total_pct,1.537
TLS,2023,gdp_pc_ppp_const2021,4331.07806144305
TLS,2023,gdp_pc_ppp_current,4806.82181559299
TLS,2023,inflation_cpi_annual_pct,8.42035103310377
TLS,2023,ppp_conv_gdp_lcu_per_intl$,0.312558179191997
TLS,2023,unemployment_total_pct,1.521
TLS,2024,gdp_pc_ppp_const2021,3890.95763434187
TLS,2024,gdp_pc_ppp_current,4422.77882172399
TLS,2024,inflation_cpi_annual_pct,2.06284153005468
TLS,2024,ppp_conv_gdp_lcu_per_intl$,0.301161456791842
TLS,2024,unemployment_total_pct,1.603
TMN,2019,gdp_pc_ppp_const2021,9629.48608824149
TMN,2019,gdp_pc_ppp_current,8780.3994062727
TMN,2019,inflation_cpi_annual_pct,3.00538949390383
TMN,2019,unemployment_total_pct,8.96706656274344
TMN,2020,gdp_pc_ppp_const2021,9317.39918230766
TMN,2020,gdp_pc_ppp_current,8910.90985869479
TMN,2020,inflation_cpi_annual_pct,3.73003191530476
TMN,2020,unemployment_total_pct,9.75371979626131
TMN,2021,gdp_pc_ppp_const2021,9525.12514890875
TMN,2021,gdp_pc_ppp_current,9439.85809603556
TMN,2021,inflation_cpi_annual_pct,5.46019980671871
TMN,2021,unemployment_total_pct,9.6131462683231
TMN,2022,gdp_pc_ppp_const2021,9800.72244713619
TMN,2022,gdp_pc_ppp_current,10405.4739425934
TMN,2022,inflation_cpi_annual_pct,8.78598837999588
TMN,2022,unemployment_total_pct,9.0450147693182
TMN,2023,gdp_pc_ppp_const2021,9915.1352502569
TMN,2023,gdp_pc_ppp_current,10905.7472983672
TMN,2023,inflation_cpi_annual_pct,7.70665764216232
TMN,2023,unemployment_total_pct,8.91907614245528
TMN,2024,gdp_pc_ppp_const2021,10005.7742574058
TMN,2024,gdp_pc_ppp_current,11271.5643550071
TMN,2024,inflation_cpi_annual_pct,3.0861361109923
TMN,2024,unemployment_total_pct,8.88964406729558
TON,2019,gdp_pc_ppp_const2021,6858.83871210154
TON,2019,gdp_pc_ppp_current,6473.32058675406
TON,2019,inflation_cpi_annual_pct,1.179543348218
TON,2019,ppp_conv_gdp_lcu_per_intl$,1.68071961013092
TON,2019,unemployment_total_pct,2.157
TON,2020,gdp_pc_ppp_const2021,6980.41011734068
TON,2020,gdp_pc_ppp_current,6675.6030498711
TON,2020,inflation_cpi_annual_pct,-0.349737696727418
TON,2020,ppp_conv_gdp_lcu_per_intl$,1.65843484678877
TON,2020,unemployment_total_pct,2.699
TON,2021,gdp_pc_ppp_const2021,6929.17669288438
TON,2021,gdp_pc_ppp_current,6929.17669288438
TON,2021,gini,27.1
TON,2021,inflation_cpi_annual_pct,5.64051140636743
TON,2021,ppp_conv_gdp_lcu_per_intl$,1.61833423548991
TON,2021,unemployment_total_pct,2.111
TON,2022,gdp_pc_ppp_const2021,6810.60970632543
TON,2022,gdp_pc_ppp_current,7296.17082139288
TON,2022,inflation_cpi_annual_pct,10.9713652903022
TON,2022,ppp_conv_gdp_lcu_per_intl$,1.64960240088979
TON,2022,unemployment_total_pct,2.302
TON,2023,gdp_pc_ppp_const2021,7030.41917439715
TON,2023,gdp_pc_ppp_current,7802.66986206107
TON,2023,inflation_cpi_annual_pct,6.35112980255189
TON,2023,ppp_conv_gdp_lcu_per_intl$,1.71055911954168
TON,2023,unemployment_total_pct,2.262
TON,2024,inflation_cpi_annual_pct,3.18364611260051
TON,2024,unemployment_total_pct,2.192
TSA,2019,gdp_pc_ppp_const2021,7857.61469233314
TSA,2019,gdp_pc_ppp_current,7088.51662233303
TSA,2019,inflation_cpi_annual_pct,3.6289496588547
TSA,2019,unemployment_total_pct,6.29818732290556
TSA,2020,gdp_pc_ppp_const2021,7399.2146905549
TSA,2020,gdp_pc_ppp_current,6969.47212420255
TSA,2020,inflation_cpi_annual_pct,5.6602199868936
TSA,2020,unemployment_total_pct,7.61279541968533
TSA,2021,gdp_pc_ppp_const2021,8015.35674462811
TSA,2021,gdp_pc_ppp_current,8015.35674462811
TSA,2021,inflation_cpi_annual_pct,5.33853088974921
TSA,2021,unemployment_total_pct,6.31491744065143
TSA,2022,gdp_pc_ppp_const2021,8522.02555266368
TSA,2022,gdp_pc_ppp_current,9129.60173283172
TSA,2022,inflation_cpi_annual_pct,7.18461996730066
TSA,2022,unemployment_total_pct,4.86939303422721
TSA,2023,gdp_pc_ppp_const2021,9169.17425959869
TSA,2023,gdp_pc_ppp_current,10176.3547635823
TSA,2023,inflation_cpi_annual_pct,6.38250790219375
TSA,2023,unemployment_total_pct,4.30525176596245
TSA,2024,gdp_pc_ppp_const2021,9654.1661001538
TSA,2024,gdp_pc_ppp_current,10973.7101715804
TSA,2024,inflation_cpi_annual_pct,3.72320611944934
TSA,2024,unemployment_total_pct,4.34169478016955
TSS,2019,gdp_pc_ppp_const2021,4956.28204569314
TSS,2019,gdp_pc_ppp_current,4486.18083814728
TSS,2019,inflation_cpi_annual_pct,2.867588034469
TSS,2019,unemployment_total_pct,6.2679212107601
TSS,2020,gdp_pc_ppp_const2021,4674.72999524284
TSS,2020,gdp_pc_ppp_current,4401.05792292738
TSS,2020,inflation_cpi_annual_pct,3.39862928518853
TSS,2020,unemployment_total_pct,6.803309525677
TSS,2021,gdp_pc_ppp_const2021,4720.35761389047
TSS,2021,gdp_pc_ppp_current,4702.27887357733
TSS,2021,inflation_cpi_annual_pct,4.43905481215002
TSS,2021,unemployment_total_pct,6.9876633959167
TSS,2022,gdp_pc_ppp_const2021,4796.06641542138
TSS,2022,gdp_pc_ppp_current,5118.32275787398
TSS,2022,inflation_cpi_annual_pct,9.45801281304023
TSS,2022,unemployment_total_pct,6.19801853183662
TSS,2023,gdp_pc_ppp_const2021,4810.21576811861
TSS,2023,gdp_pc_ppp_current,5318.14347437486
TSS,2023,inflation_cpi_annual_pct,6.69759990789845
TSS,2023,unemployment_total_pct,5.88775732180003
TSS,2024,gdp_pc_ppp_const2021,4872.63561420471
TSS,2024,gdp_pc_ppp_current,5517.42113558704
TSS,2024,inflation_cpi_annual_pct,4.23903922877036
TSS,2024,unemployment_total_pct,5.82352963342453
TTO,2019,gdp_pc_ppp_const2021,33748.7060849924
TTO,2019,gdp_pc_ppp_current,29315.8054064667
TTO,2019,inflation_cpi_annual_pct,1.00054293027237
TTO,2019,ppp_conv_gdp_lcu_per_intl$,3.96576571464539
TTO,2019,unemployment_total_pct,3.523
TTO,2020,gdp_pc_ppp_const2021,30720.8876936042
TTO,2020,gdp_pc_ppp_current,26731.3556410029
TTO,2020,inflation_cpi_annual_pct,0.598986330824643
TTO,2020,ppp_conv_gdp_lcu_per_intl$,3.85990810394287
TTO,2020,unemployment_total_pct,4.206
TTO,2021,gdp_pc_ppp_const2021,30482.1201798631
TTO,2021,gdp_pc_ppp_current,30482.1201798631
TTO,2021,inflation_cpi_annual_pct,2.05922746915458
TTO,2021,ppp_conv_gdp_lcu_per_intl$,3.92725038528442
TTO,2021,unemployment_total_pct,4.446
TTO,2022,gdp_pc_ppp_const2021,30784.1112580356
TTO,2022,gdp_pc_ppp_current,32978.8585763159
TTO,2022,inflation_cpi_annual_pct,5.82838638517959
TTO,2022,ppp_conv_gdp_lcu_per_intl$,4.24974352029655
TTO,2022,unemployment_total_pct,4.383
TTO,2023,gdp_pc_ppp_const2021,31196.603554718
TTO,2023,gdp_pc_ppp_current,34623.3691500959
TTO,2023,inflation_cpi_annual_pct,4.62930242419968
TTO,2023,ppp_conv_gdp_lcu_per_intl$,3.56946368450243
TTO,2023,unemployment_total_pct,4.21
TTO,2024,gdp_pc_ppp_const2021,31960.1568888983
TTO,2024,gdp_pc_ppp_current,36328.5130065685
TTO,2024,inflation_cpi_annual_pct,0.526884625776839
TTO,2024,ppp_conv_gdp_lcu_per_intl$,3.48081488254357
TTO,2024,unemployment_total_pct,4.546
TUN,2019,gdp_pc_ppp_const2021,13243.9024233246
TUN,2019,gdp_pc_ppp_current,12494.7905733455
TUN,2019,inflation_cpi_annual_pct,6.72007532863799
TUN,2019,ppp_conv_gdp_lcu_per_intl$,0.828764498233795
TUN,2019,unemployment_total_pct,17.153
TUN,2020,gdp_pc_ppp_const2021,11955.5983698479
TUN,2020,gdp_pc_ppp_current,11918.066205483
TUN,2020,inflation_cpi_annual_pct,5.63415115897625
TUN,2020,ppp_conv_gdp_lcu_per_intl$,0.837391257286072
TUN,2020,unemployment_total_pct,17.656
TUN,2021,gdp_pc_ppp_const2021,12444.3264026887
TUN,2021,gdp_pc_ppp_current,12444.3264026887
TUN,2021,gini,33.7
TUN,2021,inflation_cpi_annual_pct,5.706350208307
TUN,2021,ppp_conv_gdp_lcu_per_intl$,0.87733256816864
TUN,2021,unemployment_total_pct,16.611
TUN,2022,gdp_pc_ppp_const2021,12712.22345453
TUN,2022,gdp_pc_ppp_current,13618.5389918651
TUN,2022,inflation_cpi_annual_pct,8.30646124447623
TUN,2022,ppp_conv_gdp_lcu_per_intl$,0.844874332475875
TUN,2022,unemployment_total_pct,15.3
TUN,2023,gdp_pc_ppp_const2021,12650.9615158166
TUN,2023,gdp_pc_ppp_current,14040.5961148142
TUN,2023,inflation_cpi_annual_pct,9.32899597507865
TUN,2023,ppp_conv_gdp_lcu_per_intl$,0.874095987224457
TUN,2023,unemployment_total_pct,15.106
TUN,2024,gdp_pc_ppp_const2021,12774.9158568021
TUN,2024,gdp_pc_ppp_current,14521.0080937638
TUN,2024,inflation_cpi_annual_pct,7.20661657168794
TUN,2024,ppp_conv_gdp_lcu_per_intl$,0.896141941458351
TUN,2024,unemployment_total_pct,16.203
TUR,2019,gdp_pc_ppp_const2021,28741.0535082701
TUR,2019,gdp_pc_ppp_current,29016.4555653445
TUR,2019,gini,43.8
TUR,2019,inflation_cpi_annual_pct,15.1768215720022
TUR,2019,ppp_conv_gdp_lcu_per_intl$,1.837125
TUR,2019,unemployment_total_pct,13.73
TUR,2020,gdp_pc_ppp_const2021,28976.7179161611
TUR,2020,gdp_pc_ppp_current,29209.3308866883
TUR,2020,gini,43.0
TUR,2020,inflation_cpi_annual_pct,12.2789574462574
TUR,2020,ppp_conv_gdp_lcu_per_intl$,2.111056
TUR,2020,unemployment_total_pct,13.148
TUR,2021,gdp_pc_ppp_const2021,32105.5474400506
TUR,2021,gdp_pc_ppp_current,32105.5474400506
TUR,2021,gini,44.4
TUR,2021,inflation_cpi_annual_pct,19.5964926913324
TUR,2021,ppp_conv_gdp_lcu_per_intl$,2.751633
TUR,2021,unemployment_total_pct,11.969
TUR,2022,gdp_pc_ppp_const2021,33520.8111384208
TUR,2022,gdp_pc_ppp_current,39919.1608756567
TUR,2022,gini,44.5
TUR,2022,inflation_cpi_annual_pct,72.3088359891207
TUR,2022,ppp_conv_gdp_lcu_per_intl$,4.517801
TUR,2022,unemployment_total_pct,10.465
TUR,2023,gdp_pc_ppp_const2021,35069.1701714685
TUR,2023,gdp_pc_ppp_current,43196.3381254367
TUR,2023,inflation_cpi_annual_pct,53.8594087593315
TUR,2023,ppp_conv_gdp_lcu_per_intl$,7.350289
TUR,2023,unemployment_total_pct,9.388
TUR,2024,gdp_pc_ppp_const2021,36154.490436557
TUR,2024,gdp_pc_ppp_current,45122.9317187258
TUR,2024,inflation_cpi_annual_pct,58.5064507300343
TUR,2024,ppp_conv_gdp_lcu_per_intl$,11.554529
TUR,2024,unemployment_total_pct,8.449
TUV,2019,gdp_pc_ppp_const2021,5292.03025969421
TUV,2019,gdp_pc_ppp_current,5209.70002131965
TUV,2019,ppp_conv_gdp_lcu_per_intl$,1.41239445137864
TUV,2020,gdp_pc_ppp_const2021,5154.45957834015
TUV,2020,gdp_pc_ppp_current,5122.19827984698
TUV,2020,ppp_conv_gdp_lcu_per_intl$,1.41164283316148
TUV,2021,gdp_pc_ppp_const2021,5352.97862537897
TUV,2021,gdp_pc_ppp_current,5352.97862537897
TUV,2021,ppp_conv_gdp_lcu_per_intl$,1.46852573214903
TUV,2022,gdp_pc_ppp_const2021,5498.18455447209
TUV,2022,gdp_pc_ppp_current,5661.14384766376
TUV,2022,ppp_conv_gdp_lcu_per_intl$,1.5053755826557
TUV,2023,gdp_pc_ppp_const2021,5812.39924537753
TUV,2023,gdp_pc_ppp_current,6151.01047041608
TUV,2023,ppp_conv_gdp_lcu_per_intl$,1.55260640529852
TUV,2024,ppp_conv_gdp_lcu_per_intl$,1.57916853769056
TZA,2019,gdp_pc_ppp_const2021,3484.63256835938
TZA,2019,gdp_pc_ppp_current,2981.87451171875
TZA,2019,inflation_cpi_annual_pct,3.46428057999021
TZA,2019,ppp_conv_gdp_lcu_per_intl$,815.964294433594
TZA,2019,unemployment_total_pct,2.496
TZA,2020,gdp_pc_ppp_const2021,3449.82153320313
TZA,2020,gdp_pc_ppp_current,3290.60986328125
TZA,2020,inflation_cpi_annual_pct,3.29029062798325
TZA,2020,ppp_conv_gdp_lcu_per_intl$,779.039184570313
TZA,2020,unemployment_total_pct,2.781
TZA,2021,gdp_pc_ppp_const2021,3493.0830078125
TZA,2021,gdp_pc_ppp_current,3493.0830078125
TZA,2021,inflation_cpi_annual_pct,3.69091958802199
TZA,2021,ppp_conv_gdp_lcu_per_intl$,762.958374023438
TZA,2021,unemployment_total_pct,2.821
TZA,2022,gdp_pc_ppp_const2021,3546.98095703125
TZA,2022,gdp_pc_ppp_current,3799.8623046875
TZA,2022,inflation_cpi_annual_pct,4.35027204269101
TZA,2022,ppp_conv_gdp_lcu_per_intl$,731.858279331754
TZA,2022,unemployment_total_pct,2.588
TZA,2023,gdp_pc_ppp_const2021,3620.79345703125
TZA,2023,gdp_pc_ppp_current,4018.5166015625
TZA,2023,inflation_cpi_annual_pct,3.79923291384916
TZA,2023,ppp_conv_gdp_lcu_per_intl$,725.852289581589
TZA,2023,unemployment_total_pct,2.582
TZA,2024,gdp_pc_ppp_const2021,3713.26293945313
TZA,2024,gdp_pc_ppp_current,4220.79638671875
TZA,2024,inflation_cpi_annual_pct,3.05694676312373
TZA,2024,ppp_conv_gdp_lcu_per_intl$,730.424331119855
TZA,2024,unemployment_total_pct,2.576
UGA,2019,gdp_pc_ppp_const2021,2689.41009144919
UGA,2019,gdp_pc_ppp_current,2441.37445233821
UGA,2019,gini,42.7
UGA,2019,inflation_cpi_annual_pct,2.867588034469
UGA,2019,ppp_conv_gdp_lcu_per_intl$,1258.25891113281
UGA,2019,unemployment_total_pct,3.06
UGA,2020,gdp_pc_ppp_const2021,2678.00907202293
UGA,2020,gdp_pc_ppp_current,2532.21950102069
UGA,2020,inflation_cpi_annual_pct,3.31332289544502
UGA,2020,ppp_conv_gdp_lcu_per_intl$,1240.85021972656
UGA,2020,unemployment_total_pct,3.831
UGA,2021,gdp_pc_ppp_const2021,2684.92035939744
UGA,2021,gdp_pc_ppp_current,2684.92035939744
UGA,2021,inflation_cpi_annual_pct,2.20457204757414
UGA,2021,ppp_conv_gdp_lcu_per_intl$,1203.16076660156
UGA,2021,unemployment_total_pct,3.422
UGA,2022,gdp_pc_ppp_const2021,2724.90609568409
UGA,2022,gdp_pc_ppp_current,2919.17775407108
UGA,2022,inflation_cpi_annual_pct,7.1957888597581
UGA,2022,ppp_conv_gdp_lcu_per_intl$,1178.37198435268
UGA,2022,unemployment_total_pct,2.886
UGA,2023,gdp_pc_ppp_const2021,2791.05576885861
UGA,2023,gdp_pc_ppp_current,3097.63702430619
UGA,2023,inflation_cpi_annual_pct,5.35094804280395
UGA,2023,ppp_conv_gdp_lcu_per_intl$,1214.19713968137
UGA,2023,unemployment_total_pct,2.787
UGA,2024,gdp_pc_ppp_const2021,2879.67009290376
UGA,2024,gdp_pc_ppp_current,3273.2671741364
UGA,2024,inflation_cpi_annual_pct,3.3233806708656
UGA,2024,ppp_conv_gdp_lcu_per_intl$,1244.29989240795
UGA,2024,unemployment_total_pct,2.941
UKR,2019,gdp_pc_ppp_const2021,17636.5546875
UKR,2019,gdp_pc_ppp_current,14217.486328125
UKR,2019,gini,26.6
UKR,2019,inflation_cpi_annual_pct,7.88671745611133
UKR,2019,ppp_conv_gdp_lcu_per_intl$,6.58044958114624
UKR,2019,unemployment_total_pct,8.194
UKR,2020,gdp_pc_ppp_const2021,17092.5390625
UKR,2020,gdp_pc_ppp_current,15541.02734375
UKR,2020,gini,25.6
UKR,2020,inflation_cpi_annual_pct,2.73249209419427
UKR,2020,ppp_conv_gdp_lcu_per_intl$,6.43497943878174
UKR,2020,unemployment_total_pct,9.475
UKR,2021,gdp_pc_ppp_const2021,17846.408203125
UKR,2021,gdp_pc_ppp_current,17846.408203125
UKR,2021,inflation_cpi_annual_pct,9.36313917695223
UKR,2021,ppp_conv_gdp_lcu_per_intl$,7.302161693573
UKR,2021,unemployment_total_pct,9.834
UKR,2022,gdp_pc_ppp_const2021,13787.12109375
UKR,2022,gdp_pc_ppp_current,14770.0712890625
UKR,2022,inflation_cpi_annual_pct,20.1836366617478
UKR,2022,ppp_conv_gdp_lcu_per_intl$,9.19609820935277
UKR,2023,gdp_pc_ppp_const2021,15916.9580078125
UKR,2023,gdp_pc_ppp_current,17665.34375
UKR,2023,inflation_cpi_annual_pct,12.8490222828559
UKR,2023,ppp_conv_gdp_lcu_per_intl$,10.6408731638938
UKR,2024,gdp_pc_ppp_const2021,16319.8447265625
UKR,2024,gdp_pc_ppp_current,18550.462890625
UKR,2024,inflation_cpi_annual_pct,6.50198464669254
UKR,2024,ppp_conv_gdp_lcu_per_intl$,11.6654001366924
URY,2019,gdp_pc_ppp_const2021,30010.5742615797
URY,2019,gdp_pc_ppp_current,25782.6890198871
URY,2019,gini,39.7
URY,2019,inflation_cpi_annual_pct,7.88198870879619
URY,2019,ppp_conv_gdp_lcu_per_intl$,25.0450210571289
URY,2019,unemployment_total_pct,8.836
URY,2020,gdp_pc_ppp_const2021,27788.1854968153
URY,2020,gdp_pc_ppp_current,25725.258216942
URY,2020,gini,40.2
URY,2020,inflation_cpi_annual_pct,9.75640636078194
URY,2020,ppp_conv_gdp_lcu_per_intl$,25.7344722747803
URY,2020,unemployment_total_pct,10.413
URY,2021,gdp_pc_ppp_const2021,29431.8850087471
URY,2021,gdp_pc_ppp_current,29431.8850087471
URY,2021,gini,40.8
URY,2021,inflation_cpi_annual_pct,7.74791402314762
URY,2021,ppp_conv_gdp_lcu_per_intl$,26.462287902832
URY,2021,unemployment_total_pct,9.328
URY,2022,gdp_pc_ppp_const2021,30804.7032775797
URY,2022,gdp_pc_ppp_current,33000.918699951
URY,2022,gini,40.6
URY,2022,inflation_cpi_annual_pct,9.10437983075437
URY,2022,ppp_conv_gdp_lcu_per_intl$,25.9727590558906
URY,2022,unemployment_total_pct,7.877
URY,2023,gdp_pc_ppp_const2021,31059.2537072459
URY,2023,gdp_pc_ppp_current,34470.9322201143
URY,2023,gini,40.9
URY,2023,inflation_cpi_annual_pct,5.86910359896119
URY,2023,ppp_conv_gdp_lcu_per_intl$,25.9263117535068
URY,2023,unemployment_total_pct,8.355
URY,2024,gdp_pc_ppp_const2021,32038.7727288227
URY,2024,gdp_pc_ppp_current,36417.874162496
URY,2024,gini,40.0
URY,2024,inflation_cpi_annual_pct,4.84914366613156
URY,2024,ppp_conv_gdp_lcu_per_intl$,26.3976838152141
URY,2024,unemployment_total_pct,8.401
USA,2019,gdp_pc_ppp_const2021,69112.602688656
USA,2019,gdp_pc_ppp_current,65227.9565911035
USA,2019,gini,41.9
USA,2019,inflation_cpi_annual_pct,1.81221007526021
USA,2019,ppp_conv_gdp_lcu_per_intl$,1.0
USA,2019,unemployment_total_pct,3.669
USA,2020,gdp_pc_ppp_const2021,67342.0709287722
USA,2020,gdp_pc_ppp_current,64401.5074354209
USA,2020,gini,40.0
USA,2020,inflation_cpi_annual_pct,1.23358439630629
USA,2020,ppp_conv_gdp_lcu_per_intl$,1.0
USA,2020,unemployment_total_pct,8.055
USA,2021,gdp_pc_ppp_const2021,71307.4017277218
USA,2021,gdp_pc_ppp_current,71307.4017277218
USA,2021,gini,39.7
USA,2021,inflation_cpi_annual_pct,4.69785886363742
USA,2021,ppp_conv_gdp_lcu_per_intl$,1.0
USA,2021,unemployment_total_pct,5.349
USA,2022,gdp_pc_ppp_const2021,72679.2575396348
USA,2022,gdp_pc_ppp_current,77860.9112908848
USA,2022,gini,41.7
USA,2022,inflation_cpi_annual_pct,8.00279982052121
USA,2022,ppp_conv_gdp_lcu_per_intl$,1.0
USA,2022,unemployment_total_pct,3.65
USA,2023,gdp_pc_ppp_const2021,74158.7164155605
USA,2023,gdp_pc_ppp_current,82304.6204272866
USA,2023,gini,41.8
USA,2023,inflation_cpi_annual_pct,4.11633838374488
USA,2023,ppp_conv_gdp_lcu_per_intl$,1.0
USA,2023,unemployment_total_pct,3.638
USA,2024,gdp_pc_ppp_const2021,75489.2664334817
USA,2024,gdp_pc_ppp_current,85809.9003846359
USA,2024,inflation_cpi_annual_pct,2.94952520485207
USA,2024,ppp_conv_gdp_lcu_per_intl$,1.0
USA,2024,unemployment_total_pct,4.106
UZB,2019,gdp_pc_ppp_const2021,8755.12593984949
UZB,2019,gdp_pc_ppp_current,8544.08026729718
UZB,2019,inflation_cpi_annual_pct,14.5257359560687
UZB,2019,ppp_conv_gdp_lcu_per_intl$,2111.31955499463
UZB,2019,unemployment_total_pct,4.932
UZB,2020,gdp_pc_ppp_const2021,8727.41104939223
UZB,2020,gdp_pc_ppp_current,8451.72505108114
UZB,2020,inflation_cpi_annual_pct,12.8677297362606
UZB,2020,ppp_conv_gdp_lcu_per_intl$,2353.38338692144
UZB,2020,unemployment_total_pct,5.293
UZB,2021,gdp_pc_ppp_const2021,9247.64382703929
UZB,2021,gdp_pc_ppp_current,9247.64382703929
UZB,2021,gini,32.9
UZB,2021,inflation_cpi_annual_pct,10.8492397508122
UZB,2021,ppp_conv_gdp_lcu_per_intl$,2591.1123046875
UZB,2021,unemployment_total_pct,5.364
UZB,2022,gdp_pc_ppp_const2021,9607.56167273449
UZB,2022,gdp_pc_ppp_current,10292.5309427485
UZB,2022,gini,31.2
UZB,2022,inflation_cpi_annual_pct,11.4466436998836
UZB,2022,ppp_conv_gdp_lcu_per_intl$,2768.47787307686
UZB,2022,unemployment_total_pct,4.49
UZB,2023,gdp_pc_ppp_const2021,10007.685502618
UZB,2023,gdp_pc_ppp_current,11106.9715934767
UZB,2023,gini,34.5
UZB,2023,inflation_cpi_annual_pct,9.95659071258018
UZB,2023,ppp_conv_gdp_lcu_per_intl$,3041.71293876268
UZB,2023,unemployment_total_pct,4.46
UZB,2024,gdp_pc_ppp_const2021,10450.2051402852
UZB,2024,gdp_pc_ppp_current,11878.5528706848
UZB,2024,gini,34.6
UZB,2024,inflation_cpi_annual_pct,9.62825465956682
UZB,2024,ppp_conv_gdp_lcu_per_intl$,3367.64393969072
UZB,2024,unemployment_total_pct,4.488
VCT,2019,gdp_pc_ppp_const2021,16365.3255785124
VCT,2019,gdp_pc_ppp_current,15339.5560281064
VCT,2019,inflation_cpi_annual_pct,0.91306972532459
VCT,2019,ppp_conv_gdp_lcu_per_intl$,1.53848028182983
VCT,2019,unemployment_total_pct,19.235
VCT,2020,gdp_pc_ppp_const2021,15763.7054382539
VCT,2020,gdp_pc_ppp_current,15336.5987771764
VCT,2020,inflation_cpi_annual_pct,-0.628131309354654
VCT,2020,ppp_conv_gdp_lcu_per_intl$,1.47022485733032
VCT,2020,unemployment_total_pct,20.636
VCT,2021,gdp_pc_ppp_const2021,16200.8994597845
VCT,2021,gdp_pc_ppp_current,16200.8994597845
VCT,2021,inflation_cpi_annual_pct,1.57272932500558
VCT,2021,ppp_conv_gdp_lcu_per_intl$,1.44013321399689
VCT,2021,unemployment_total_pct,20.341
VCT,2022,gdp_pc_ppp_const2021,16835.023514541
VCT,2022,gdp_pc_ppp_current,18035.273292812
VCT,2022,inflation_cpi_annual_pct,5.66009779226552
VCT,2022,ppp_conv_gdp_lcu_per_intl$,1.45119001007447
VCT,2022,unemployment_total_pct,19.417
VCT,2023,gdp_pc_ppp_const2021,17858.2446468702
VCT,2023,gdp_pc_ppp_current,19819.869034679
VCT,2023,inflation_cpi_annual_pct,4.56457719814894
VCT,2023,ppp_conv_gdp_lcu_per_intl$,1.44160323490626
VCT,2023,unemployment_total_pct,18.574
VCT,2024,gdp_pc_ppp_const2021,18714.198849353
VCT,2024,gdp_pc_ppp_current,21272.0800673662
VCT,2024,inflation_cpi_annual_pct,3.62770736940927
VCT,2024,ppp_conv_gdp_lcu_per_intl$,1.45981547183907
VCT,2024,unemployment_total_pct,18.056
VEN,2019,unemployment_total_pct,5.876
VEN,2020,unemployment_total_pct,7.53
VEN,2021,unemployment_total_pct,7.037
VEN,2022,unemployment_total_pct,5.707
VEN,2023,unemployment_total_pct,5.485
VEN,2024,unemployment_total_pct,5.475
VIR,2019,gdp_pc_ppp_const2021,45632.6364715693
VIR,2019,gdp_pc_ppp_current,40021.7775798024
VIR,2019,ppp_conv_gdp_lcu_per_intl$,0.965312692933229
VIR,2019,unemployment_total_pct,12.551
VIR,2020,gdp_pc_ppp_const2021,45055.7829303523
VIR,2020,gdp_pc_ppp_current,41749.0800364553
VIR,2020,ppp_conv_gdp_lcu_per_intl$,0.953011997636306
VIR,2020,unemployment_total_pct,15.191
VIR,2021,gdp_pc_ppp_const2021,46893.5496988741
VIR,2021,gdp_pc_ppp_current,46893.5496988741
VIR,2021,ppp_conv_gdp_lcu_per_intl$,0.907823741436005
VIR,2021,unemployment_total_pct,14.273
VIR,2022,gdp_pc_ppp_const2021,46479.2996685326
VIR,2022,gdp_pc_ppp_current,49793.0324395716
VIR,2022,ppp_conv_gdp_lcu_per_intl$,0.890102631117342
VIR,2022,unemployment_total_pct,13.007
VIR,2023,unemployment_total_pct,12.32
VIR,2024,unemployment_total_pct,12.014
VNM,2019,gdp_pc_ppp_const2021,11628.6139147451
VNM,2019,gdp_pc_ppp_current,11029.2732083963
VNM,2019,inflation_cpi_annual_pct,2.7958236745225
VNM,2019,ppp_conv_gdp_lcu_per_intl$,7191.1884765625
VNM,2019,unemployment_total_pct,1.681
VNM,2020,gdp_pc_ppp_const2021,11851.3965685649
VNM,2020,gdp_pc_ppp_current,11609.3177276423
VNM,2020,gini,36.8
VNM,2020,inflation_cpi_annual_pct,3.22093436652514
VNM,2020,ppp_conv_gdp_lcu_per_intl$,7064.95361328125
VNM,2020,unemployment_total_pct,2.103
VNM,2021,gdp_pc_ppp_const2021,12048.9019935536
VNM,2021,gdp_pc_ppp_current,12048.9019935536
VNM,2021,inflation_cpi_annual_pct,1.83471554810444
VNM,2021,ppp_conv_gdp_lcu_per_intl$,7120.01123046875
VNM,2021,unemployment_total_pct,2.385
VNM,2022,gdp_pc_ppp_const2021,12979.7639049934
VNM,2022,gdp_pc_ppp_current,13905.1536875216
VNM,2022,gini,36.1
VNM,2022,inflation_cpi_annual_pct,3.15650749963129
VNM,2022,ppp_conv_gdp_lcu_per_intl$,6941.45195444882
VNM,2022,unemployment_total_pct,1.523
VNM,2023,gdp_pc_ppp_const2021,13545.9346616752
VNM,2023,gdp_pc_ppp_current,15033.8768594355
VNM,2023,inflation_cpi_annual_pct,3.25289282667662
VNM,2023,ppp_conv_gdp_lcu_per_intl$,6840.61169916213
VNM,2023,unemployment_total_pct,1.645
VNM,2024,gdp_pc_ppp_const2021,14415.2159532813
VNM,2024,gdp_pc_ppp_current,16385.5065565458
VNM,2024,inflation_cpi_annual_pct,3.62109273885843
VNM,2024,ppp_conv_gdp_lcu_per_intl$,6956.92750425086
VNM,2024,unemployment_total_pct,1.431
VUT,2019,gdp_pc_ppp_const2021,3512.07197251664
VUT,2019,gdp_pc_ppp_current,3314.66721352425
VUT,2019,gini,32.3
VUT,2019,inflation_cpi_annual_pct,2.76252019386111
VUT,2019,ppp_conv_gdp_lcu_per_intl$,111.021207371424
VUT,2019,unemployment_total_pct,5.444
VUT,2020,gdp_pc_ppp_const2021,3259.99543753198
VUT,2020,gdp_pc_ppp_current,3117.64425292038
VUT,2020,inflation_cpi_annual_pct,5.32935073101715
VUT,2020,ppp_conv_gdp_lcu_per_intl$,112.617035479022
VUT,2020,unemployment_total_pct,4.046
VUT,2021,gdp_pc_ppp_const2021,3135.83664945678
VUT,2021,gdp_pc_ppp_current,3135.83664945678
VUT,2021,inflation_cpi_annual_pct,2.34328358208953
VUT,2021,ppp_conv_gdp_lcu_per_intl$,108.453082366334
VUT,2021,unemployment_total_pct,4.766
VUT,2022,gdp_pc_ppp_const2021,3222.83595459346
VUT,2022,gdp_pc_ppp_current,3452.60742693882
VUT,2022,inflation_cpi_annual_pct,6.67930581887121
VUT,2022,ppp_conv_gdp_lcu_per_intl$,112.601028141542
VUT,2022,unemployment_total_pct,5.143
VUT,2023,gdp_pc_ppp_const2021,3214.70244012121
VUT,2023,gdp_pc_ppp_current,3567.81882030223
VUT,2023,inflation_cpi_annual_pct,11.1825017088175
VUT,2023,ppp_conv_gdp_lcu_per_intl$,116.267935771516
VUT,2023,unemployment_total_pct,5.082
VUT,2024,gdp_pc_ppp_const2021,3172.04772751391
VUT,2024,gdp_pc_ppp_current,3605.60736691735
VUT,2024,ppp_conv_gdp_lcu_per_intl$,112.727226133825
VUT,2024,unemployment_total_pct,5.064
WSM,2019,gdp_pc_ppp_const2021,7033.52113384547
WSM,2019,gdp_pc_ppp_current,6638.18454759102
WSM,2019,inflation_cpi_annual_pct,0.982326569888117
WSM,2019,ppp_conv_gdp_lcu_per_intl$,1.71632936778489
WSM,2019,unemployment_total_pct,7.838
WSM,2020,gdp_pc_ppp_const2021,6745.29241350438
WSM,2020,gdp_pc_ppp_current,6450.75201183405
WSM,2020,inflation_cpi_annual_pct,-1.56891247740895
WSM,2020,ppp_conv_gdp_lcu_per_intl$,1.71452407321277
WSM,2020,unemployment_total_pct,7.435
WSM,2021,gdp_pc_ppp_const2021,6350.11428353253
WSM,2021,gdp_pc_ppp_current,6350.11428353253
WSM,2021,inflation_cpi_annual_pct,3.13320473174494
WSM,2021,ppp_conv_gdp_lcu_per_intl$,1.62802142099285
WSM,2021,unemployment_total_pct,6.612
WSM,2022,gdp_pc_ppp_const2021,6449.36505263744
WSM,2022,gdp_pc_ppp_current,6909.17129928336
WSM,2022,inflation_cpi_annual_pct,10.9618822286844
WSM,2022,ppp_conv_gdp_lcu_per_intl$,1.55832519758635
WSM,2022,unemployment_total_pct,5.048
WSM,2023,gdp_pc_ppp_const2021,7383.74570300182
WSM,2023,gdp_pc_ppp_current,8194.80725640734
WSM,2023,inflation_cpi_annual_pct,7.92164684826777
WSM,2023,ppp_conv_gdp_lcu_per_intl$,1.60693031865892
WSM,2023,unemployment_total_pct,4.977
WSM,2024,gdp_pc_ppp_const2021,7686.24942571869
WSM,2024,gdp_pc_ppp_current,8736.81606772538
WSM,2024,inflation_cpi_annual_pct,2.17245530514377
WSM,2024,ppp_conv_gdp_lcu_per_intl$,1.70117853616414
WSM,2024,unemployment_total_pct,4.551
XKX,2019,gdp_pc_ppp_const2021,11774.1178510908
XKX,2019,gdp_pc_ppp_current,10861.0531745974
XKX,2019,gini,40.2
XKX,2019,inflation_cpi_annual_pct,2.67599202639893
XKX,2019,ppp_conv_gdp_lcu_per_intl$,0.363172820979497
XKX,2020,gdp_pc_ppp_const2021,11137.5028560404
XKX,2020,gdp_pc_ppp_current,10532.5054692849
XKX,2020,gini,57.4
XKX,2020,inflation_cpi_annual_pct,0.198227922994854
XKX,2020,ppp_conv_gdp_lcu_per_intl$,0.359145199492702
XKX,2021,gdp_pc_ppp_const2021,12362.4210181213
XKX,2021,gdp_pc_ppp_current,12362.4210181213
XKX,2021,gini,49.4
XKX,2021,inflation_cpi_annual_pct,3.35369139207997
XKX,2021,ppp_conv_gdp_lcu_per_intl$,0.360406752216835
XKX,2022,gdp_pc_ppp_const2021,13022.4627441502
XKX,2022,gdp_pc_ppp_current,13950.896732241
XKX,2022,gini,38.3
XKX,2022,inflation_cpi_annual_pct,11.5805104542012
XKX,2022,ppp_conv_gdp_lcu_per_intl$,0.36063965658148
XKX,2023,gdp_pc_ppp_const2021,14240.2030320365
XKX,2023,gdp_pc_ppp_current,15804.4065754058
XKX,2023,inflation_cpi_annual_pct,4.94432438791283
XKX,2023,ppp_conv_gdp_lcu_per_intl$,0.364000331281343
XKX,2024,gdp_pc_ppp_const2021,15716.2925564586
XKX,2024,gdp_pc_ppp_current,17864.4160145118
XKX,2024,inflation_cpi_annual_pct,1.61944994559476
XKX,2024,ppp_conv_gdp_lcu_per_intl$,0.363398029446885
YEM,2019,unemployment_total_pct,17.202
YEM,2020,unemployment_total_pct,17.953
YEM,2021,unemployment_total_pct,18.287
YEM,2022,unemployment_total_pct,17.363
YEM,2023,unemployment_total_pct,17.091
YEM,2024,unemployment_total_pct,17.086
ZAF,2019,gdp_pc_ppp_const2021,14352.6698709871
ZAF,2019,gdp_pc_ppp_current,13361.4851289112
ZAF,2019,inflation_cpi_annual_pct,4.10285075461156
ZAF,2019,ppp_conv_gdp_lcu_per_intl$,7.06522130966187
ZAF,2019,unemployment_total_pct,28.468
ZAF,2020,gdp_pc_ppp_const2021,13250.5666594456
ZAF,2020,gdp_pc_ppp_current,12671.0862436851
ZAF,2020,inflation_cpi_annual_pct,3.23238831615113
ZAF,2020,ppp_conv_gdp_lcu_per_intl$,7.24892425537109
ZAF,2020,unemployment_total_pct,29.217
ZAF,2021,gdp_pc_ppp_const2021,13681.9548144813
ZAF,2021,gdp_pc_ppp_current,13681.9548144813
ZAF,2021,inflation_cpi_annual_pct,4.61874544887136
ZAF,2021,ppp_conv_gdp_lcu_per_intl$,7.37613821029663
ZAF,2021,unemployment_total_pct,34.007
ZAF,2022,gdp_pc_ppp_const2021,13767.4967589936
ZAF,2022,gdp_pc_ppp_current,14749.0478045301
ZAF,2022,inflation_cpi_annual_pct,7.03987272546482
ZAF,2022,ppp_conv_gdp_lcu_per_intl$,7.24610918999605
ZAF,2022,unemployment_total_pct,33.268
ZAF,2023,gdp_pc_ppp_const2021,13695.3755694076
ZAF,2023,gdp_pc_ppp_current,15199.7329823776
ZAF,2023,inflation_cpi_annual_pct,6.0752438457966
ZAF,2023,ppp_conv_gdp_lcu_per_intl$,7.32472027932671
ZAF,2023,unemployment_total_pct,32.098
ZAF,2024,gdp_pc_ppp_const2021,13597.6538495998
ZAF,2024,gdp_pc_ppp_current,15456.1989933658
ZAF,2024,inflation_cpi_annual_pct,4.36115246518962
ZAF,2024,ppp_conv_gdp_lcu_per_intl$,7.43191283878561
ZAF,2024,unemployment_total_pct,33.168
ZMB,2019,gdp_pc_ppp_const2021,3591.56418883108
ZMB,2019,gdp_pc_ppp_current,3361.39750299612
ZMB,2019,inflation_cpi_annual_pct,9.15031644316296
ZMB,2019,ppp_conv_gdp_lcu_per_intl$,4.82785272598267
ZMB,2019,unemployment_total_pct,5.542
ZMB,2020,gdp_pc_ppp_const2021,3391.59541156095
ZMB,2020,gdp_pc_ppp_current,3157.30009311643
ZMB,2020,inflation_cpi_annual_pct,15.7330604721369
ZMB,2020,ppp_conv_gdp_lcu_per_intl$,5.52910757064819
ZMB,2020,unemployment_total_pct,6.033
ZMB,2021,gdp_pc_ppp_const2021,3503.03491418372
ZMB,2021,gdp_pc_ppp_current,3503.03491418372
ZMB,2021,inflation_cpi_annual_pct,22.0207676245777
ZMB,2021,ppp_conv_gdp_lcu_per_intl$,6.44128704071045
ZMB,2021,unemployment_total_pct,5.199
ZMB,2022,gdp_pc_ppp_const2021,3585.12379084347
ZMB,2022,gdp_pc_ppp_current,3840.72450511139
ZMB,2022,gini,51.5
ZMB,2022,inflation_cpi_annual_pct,10.9932039209136
ZMB,2022,ppp_conv_gdp_lcu_per_intl$,6.38181247485501
ZMB,2022,unemployment_total_pct,5.995
ZMB,2023,gdp_pc_ppp_const2021,3673.4841969922
ZMB,2023,gdp_pc_ppp_current,4076.99508686641
ZMB,2023,inflation_cpi_annual_pct,10.884531691282
ZMB,2023,ppp_conv_gdp_lcu_per_intl$,6.59718586610753
ZMB,2023,unemployment_total_pct,5.905
ZMB,2024,gdp_pc_ppp_const2021,3708.06904295647
ZMB,2024,gdp_pc_ppp_current,4214.89277804799
ZMB,2024,inflation_cpi_annual_pct,14.9856262747939
ZMB,2024,ppp_conv_gdp_lcu_per_intl$,7.3696780609959
ZMB,2024,unemployment_total_pct,5.961
ZWE,2019,gdp_pc_ppp_const2021,4993.84383894752
ZWE,2019,gdp_pc_ppp_current,4165.55567835558
ZWE,2019,gini,50.3
ZWE,2019,inflation_cpi_annual_pct,255.304990757856
ZWE,2019,ppp_conv_gdp_lcu_per_intl$,0.00203948884112005
ZWE,2019,unemployment_total_pct,7.373
ZWE,2020,gdp_pc_ppp_const2021,4527.71988082724
ZWE,2020,gdp_pc_ppp_current,4178.58557943828
ZWE,2020,inflation_cpi_annual_pct,557.201817362051
ZWE,2020,ppp_conv_gdp_lcu_per_intl$,0.0126449315506772
ZWE,2020,unemployment_total_pct,8.621
ZWE,2021,gdp_pc_ppp_const2021,4827.0886936086
ZWE,2021,gdp_pc_ppp_current,4827.0886936086
ZWE,2021,inflation_cpi_annual_pct,98.5461050920624
ZWE,2021,ppp_conv_gdp_lcu_per_intl$,0.024363528407661
ZWE,2021,unemployment_total_pct,9.54
ZWE,2022,gdp_pc_ppp_const2021,5036.76136109489
ZWE,2022,gdp_pc_ppp_current,5395.8562980064
ZWE,2022,inflation_cpi_annual_pct,104.705170628667
ZWE,2022,ppp_conv_gdp_lcu_per_intl$,0.0851597548335979
ZWE,2022,unemployment_total_pct,10.087
ZWE,2023,gdp_pc_ppp_const2021,5218.02266462129
ZWE,2023,gdp_pc_ppp_current,5791.19212877988
ZWE,2023,ppp_conv_gdp_lcu_per_intl$,0.713903976490841
ZWE,2023,unemployment_total_pct,8.759
ZWE,2024,gdp_pc_ppp_const2021,5215.25301075742
ZWE,2024,gdp_pc_ppp_current,5928.0806252756
ZWE,2024,ppp_conv_gdp_lcu_per_intl$,8.34539184866139
ZWE,2024,unemployment_total_pct,8.554
